dwell_us,frequency_hz,tx_channel,tx_port,cycle_us,theoretical_scans_per_second,frequency_difference_qualified,frequency_difference_search_objective,frequency_difference_error_hz,single_cycle_phase_rms_deg_maximum_port,single_cycle_phase_rms_deg_maximum_observable_port,single_cycle_phase_rms_deg_power_weighted_ports,phase_10deg_wall_latency_ms,phase_10deg_active_integration_ms,phase_10deg_cycles,phase_10deg_maximum_port_rms_deg,phase_10deg_maximum_observable_port_rms_deg,phase_10deg_power_weighted_rms_deg,observable_port_count,observable_ports,settled_after_selected_edge_us,phase_only_settled_after_selected_edge_us,decode_method,selector_clock_scale,selector_cycle_frequency_hz,decode_periodicity_score,decode_alignment_score,full_bearing_deg,full_bearing_valid,full_bearing_score,full_bearing_residual_phase_rms_deg,run_json
200,5726000000,0,TX1,1500,666.6666666666666,True,,,103.05702007145614,70.38842029851273,46.27239285795631,23.904,3.024,16,100.47281038261991,17.994680186131564,9.151185163379393,5,"ANT1,ANT2,ANT4,ANT7,ANT5",,22.0,cyclostationary_coherent_fold,0.996,669.1764978944776,0.033448962427876205,0.9577304334621465,83.25,False,0.47830600161729026,50.988209185778864,/srv/bulk/samteway/lab-data/tracking-fast-timing-20260903-v6/captures/fast-200us-5726000000-tx1-20260903T205222.157022Z/run.json
200,5726000000,1,TX2,1500,666.6666666666666,True,0.8263030499485452,-1.802,47.44722990423128,47.44722990423128,18.601003657031715,,,,,,,6,"ANT1,ANT2,ANT4,ANT8,ANT7,ANT5",,,cyclostationary_coherent_fold,0.996,669.1690783562866,0.028162490222917044,0.8991223027605122,176.75,False,0.6374980788236206,30.594233042319697,/srv/bulk/samteway/lab-data/tracking-fast-timing-20260903-v6/captures/fast-200us-5726000000-tx2-20260903T205234.572715Z/run.json
200,5727000000,0,TX1,1500,666.6666666666666,True,,,100.40534458761614,69.12793610289752,45.27394543151054,23.904,3.024,16,84.99116634486515,16.357679049766595,9.396432800829896,5,"ANT1,ANT2,ANT4,ANT7,ANT5",28.0,15.0,cyclostationary_coherent_fold,0.996,669.1658566464808,0.03434510515798014,0.9707816076306643,83.25,False,0.4687299616116997,38.41511460137226,/srv/bulk/samteway/lab-data/tracking-fast-timing-20260903-v6/captures/fast-200us-5727000000-tx1-20260903T205249.133788Z/run.json
200,5727000000,1,TX2,1500,666.6666666666666,True,0.8405343725249076,-1.8126,36.40298842011681,36.40298842011681,16.714299218196587,191.232,24.192,128,15.117628333608977,15.117628333608977,7.49531407321929,6,"ANT1,ANT2,ANT4,ANT8,ANT7,ANT5",,,cyclostationary_coherent_fold,0.996,669.1546838342315,0.028969686960432478,0.9080257921306691,177.75,False,0.6557904351818945,29.983232411546496,/srv/bulk/samteway/lab-data/tracking-fast-timing-20260903-v6/captures/fast-200us-5727000000-tx2-20260903T205301.723734Z/run.json
200,5728000000,0,TX1,1500,666.6666666666666,True,,,100.09679318979987,71.05480986510143,46.76907086718071,23.92,3.024,16,87.10495027517601,16.85586267021277,9.83821941918596,5,"ANT1,ANT2,ANT4,ANT7,ANT5",,,cyclostationary_coherent_fold,0.9966666666666667,669.104383958197,0.034810107774561304,0.9621615714809911,85.25,False,0.4369635607272755,42.54821767810913,/srv/bulk/samteway/lab-data/tracking-fast-timing-20260903-v6/captures/fast-200us-5728000000-tx1-20260903T205315.976815Z/run.json
200,5728000000,1,TX2,1500,666.6666666666666,True,0.91749070777168,-1.8076,27.95711147952421,27.95711147952421,8.035734069237053,1.494,0.189,1,27.95711147952421,27.95711147952421,8.035734069237053,6,"ANT1,ANT2,ANT4,ANT8,ANT7,ANT5",16.0,13.0,cyclostationary_coherent_fold,0.996,669.1863634191033,0.036733001390576704,0.9593793596252727,180.5,True,0.685131506906407,27.318093755747274,/srv/bulk/samteway/lab-data/tracking-fast-timing-20260903-v6/captures/fast-200us-5728000000-tx2-20260903T205328.631721Z/run.json
200,5729000000,0,TX1,1500,666.6666666666666,True,,,99.05743307280025,75.03074376492164,51.643484267752136,47.84,6.048,32,72.58848200785926,16.118934684076667,8.975896153506376,5,"ANT1,ANT2,ANT4,ANT7,ANT5",,,cyclostationary_coherent_fold,0.9966666666666667,669.1019698222,0.03458131485354609,0.9474058385213964,87.25,False,0.42562997858748425,45.438415081386346,/srv/bulk/samteway/lab-data/tracking-fast-timing-20260903-v6/captures/fast-200us-5729000000-tx1-20260903T205342.838817Z/run.json
200,5729000000,1,TX2,1500,666.6666666666666,True,0.9217217862134811,-1.8076,27.153182777199454,27.153182777199454,7.875207385287607,1.495,0.189,1,27.153182777199454,27.153182777199454,7.875207385287607,6,"ANT1,ANT2,ANT4,ANT8,ANT7,ANT5",17.0,13.0,cyclostationary_coherent_fold,0.9966666666666667,669.1118653514476,0.037547249474079204,0.956664302456743,180.25,True,0.6907608224450265,27.14562169412201,/srv/bulk/samteway/lab-data/tracking-fast-timing-20260903-v6/captures/fast-200us-5729000000-tx2-20260903T205355.521076Z/run.json
200,5730000000,0,TX1,1500,666.6666666666666,True,,,98.0042968841854,73.52488826809409,52.95156801300855,47.808,6.048,32,62.657755207910625,12.661439359141008,8.095718120235883,5,"ANT1,ANT2,ANT4,ANT7,ANT5",,,cyclostationary_coherent_fold,0.996,669.1897859621724,0.0352772081875387,0.9336793710529134,87.0,False,0.397914186995271,48.601554301911854,/srv/bulk/samteway/lab-data/tracking-fast-timing-20260903-v6/captures/fast-200us-5730000000-tx1-20260903T205409.829794Z/run.json
200,5730000000,1,TX2,1500,666.6666666666666,True,0.9179837422780932,-1.8074000000000001,27.919851131315326,27.919851131315326,8.115612148867761,1.494,0.189,1,27.919851131315326,27.919851131315326,8.115612148867761,6,"ANT1,ANT2,ANT4,ANT8,ANT7,ANT5",18.0,8.0,cyclostationary_coherent_fold,0.996,669.2342566776036,0.039252293621946814,0.9627951232886596,180.0,True,0.6939563758918468,27.07306267922283,/srv/bulk/samteway/lab-data/tracking-fast-timing-20260903-v6/captures/fast-200us-5730000000-tx2-20260903T205422.352335Z/run.json
200,5731000000,0,TX1,1500,666.6666666666666,True,,,97.32231825975015,71.73622794109811,52.19248180200803,47.84,6.048,32,54.1180953679428,11.724490855821513,8.32409116388223,5,"ANT1,ANT2,ANT4,ANT7,ANT5",,,cyclostationary_coherent_fold,0.9966666666666667,669.082054007524,0.03712569041739694,0.9345559817555282,89.0,False,0.3704161241212348,53.02268651842145,/srv/bulk/samteway/lab-data/tracking-fast-timing-20260903-v6/captures/fast-200us-5731000000-tx1-20260903T205436.640264Z/run.json
200,5731000000,1,TX2,1500,666.6666666666666,True,0.906692308377688,-1.8074000000000001,28.873559808155765,28.873559808155765,8.986872688185358,1.494,0.189,1,28.873559808155765,28.873559808155765,8.986872688185358,6,"ANT1,ANT2,ANT4,ANT8,ANT7,ANT5",26.0,21.0,cyclostationary_coherent_fold,0.996,669.2615813857775,0.037898350713274825,0.8760866058657546,179.25,True,0.695148733979027,27.37903708858178,/srv/bulk/samteway/lab-data/tracking-fast-timing-20260903-v6/captures/fast-200us-5731000000-tx2-20260903T205449.270624Z/run.json
200,5732000000,0,TX1,1500,666.6666666666666,True,,,94.26974397685447,94.26974397685447,51.8246456520475,47.808,6.048,32,42.87197090163811,42.87197090163811,8.740162307186326,6,"ANT1,ANT2,ANT4,ANT8,ANT7,ANT5",,,cyclostationary_coherent_fold,0.996,669.1999173406009,0.038099953080586765,0.9513090851018567,93.0,False,0.3640853587566347,59.594090192303575,/srv/bulk/samteway/lab-data/tracking-fast-timing-20260903-v6/captures/fast-200us-5732000000-tx1-20260903T205503.458807Z/run.json
200,5732000000,1,TX2,1500,666.6666666666666,True,0.922744726977441,-1.8076,26.159615455530954,26.159615455530954,7.9510836272707985,1.494,0.189,1,26.159615455530954,26.159615455530954,7.9510836272707985,6,"ANT1,ANT2,ANT4,ANT8,ANT7,ANT5",12.0,11.0,cyclostationary_coherent_fold,0.996,669.2330975435707,0.040139168685039806,0.9593578063283416,179.25,True,0.7035170342924316,26.71360704698469,/srv/bulk/samteway/lab-data/tracking-fast-timing-20260903-v6/captures/fast-200us-5732000000-tx2-20260903T205516.343067Z/run.json
200,5733000000,0,TX1,1500,666.6666666666666,True,,,93.05481073394105,93.05481073394105,57.10712693414695,95.616,12.096,64,28.921672200033026,28.921672200033026,6.763106953916071,6,"ANT1,ANT2,ANT4,ANT8,ANT7,ANT5",,,cyclostationary_coherent_fold,0.996,669.2873674056044,0.03691662969698904,0.9424601266503098,93.25,False,0.3287336144005731,62.80910886274344,/srv/bulk/samteway/lab-data/tracking-fast-timing-20260903-v6/captures/fast-200us-5733000000-tx1-20260903T205530.473954Z/run.json
200,5733000000,1,TX2,1500,666.6666666666666,True,0.9238816982222967,-1.8072000000000001,24.381903300679653,24.381903300679653,8.011170998724364,1.494,0.189,1,24.381903300679653,24.381903300679653,8.011170998724364,6,"ANT1,ANT2,ANT4,ANT8,ANT7,ANT5",12.0,6.0,cyclostationary_coherent_fold,0.996,669.2791883060133,0.04034193875375539,0.929297016162898,179.25,True,0.7089713621024148,26.59937893621093,/srv/bulk/samteway/lab-data/tracking-fast-timing-20260903-v6/captures/fast-200us-5733000000-tx2-20260903T205543.045350Z/run.json
200,5734000000,0,TX1,1500,666.6666666666666,True,,,92.18342459410027,92.18342459410027,54.24893681078449,47.808,6.048,32,44.4056589698811,44.4056589698811,9.273867838562799,6,"ANT1,ANT2,ANT4,ANT8,ANT7,ANT5",,,cyclostationary_coherent_fold,0.996,669.2142205016341,0.03796952115748949,0.9580739482025604,94.0,False,0.302755759566166,65.74127153333686,/srv/bulk/samteway/lab-data/tracking-fast-timing-20260903-v6/captures/fast-200us-5734000000-tx1-20260903T205557.065358Z/run.json
200,5734000000,1,TX2,1500,666.6666666666666,True,0.9126770075892624,-1.8078,25.54625577729576,25.54625577729576,8.77632424873991,1.494,0.189,1,25.54625577729576,25.54625577729576,8.77632424873991,6,"ANT1,ANT2,ANT4,ANT8,ANT7,ANT5",24.0,16.0,cyclostationary_coherent_fold,0.996,669.1633073953708,0.03927335777971036,0.9522613428389712,179.0,True,0.7134762027417632,26.34792583709558,/srv/bulk/samteway/lab-data/tracking-fast-timing-20260903-v6/captures/fast-200us-5734000000-tx2-20260903T205609.326515Z/run.json
200,5735000000,0,TX1,1500,666.6666666666666,True,,,92.38344010615522,92.38344010615522,60.05856323518196,95.616,12.096,64,26.835585422724606,26.835585422724606,7.676109215047445,6,"ANT1,ANT2,ANT4,ANT8,ANT7,ANT5",,,cyclostationary_coherent_fold,0.996,669.2626557787506,0.03628562687484655,0.9245989063659433,99.75,False,0.2793168154279001,74.99070658809855,/srv/bulk/samteway/lab-data/tracking-fast-timing-20260903-v6/captures/fast-200us-5735000000-tx1-20260903T205623.440787Z/run.json
200,5735000000,1,TX2,1500,666.6666666666666,True,0.9133781945138248,-1.8082,24.854980935010637,24.854980935010637,8.85876778655501,1.494,0.189,1,24.854980935010637,24.854980935010637,8.85876778655501,6,"ANT1,ANT2,ANT4,ANT8,ANT7,ANT5",19.0,17.0,cyclostationary_coherent_fold,0.996,669.1281399741388,0.03899154776725158,0.9398536977873998,179.0,True,0.720232698402811,26.077272057004947,/srv/bulk/samteway/lab-data/tracking-fast-timing-20260903-v6/captures/fast-200us-5735000000-tx2-20260903T205636.494590Z/run.json
200,5736000000,0,TX1,1500,666.6666666666666,True,,,92.11325493231548,92.11325493231548,60.088857183116666,95.616,12.096,64,24.395114197279515,24.395114197279515,7.4862963607414414,6,"ANT1,ANT2,ANT4,ANT8,ANT7,ANT5",,,cyclostationary_coherent_fold,0.996,669.1956575126567,0.03737278863345745,0.9192591608260526,100.25,False,0.2556515381590277,76.75260716265217,/srv/bulk/samteway/lab-data/tracking-fast-timing-20260903-v6/captures/fast-200us-5736000000-tx1-20260903T205650.534574Z/run.json
200,5736000000,1,TX2,1500,666.6666666666666,True,0.9076000719251643,-1.8076,24.3341074269159,24.3341074269159,9.293147152972471,1.494,0.189,1,24.3341074269159,24.3341074269159,9.293147152972471,6,"ANT1,ANT2,ANT4,ANT8,ANT7,ANT5",,26.0,cyclostationary_coherent_fold,0.996,669.2118565196392,0.03589678478936852,0.8590651050806793,178.5,True,0.7197540714666476,25.71119458665838,/srv/bulk/samteway/lab-data/tracking-fast-timing-20260903-v6/captures/fast-200us-5736000000-tx2-20260903T205703.062568Z/run.json
200,5737000000,0,TX1,1500,666.6666666666666,True,,,90.73421384464368,90.73421384464368,57.49589555639417,47.808,6.048,32,32.97572371242662,32.97572371242662,9.988272990969628,6,"ANT1,ANT2,ANT4,ANT8,ANT7,ANT5",,,cyclostationary_coherent_fold,0.996,669.250902856836,0.03608682736837856,0.9476660735936049,101.5,False,0.2530012725545962,75.03965031192851,/srv/bulk/samteway/lab-data/tracking-fast-timing-20260903-v6/captures/fast-200us-5737000000-tx1-20260903T205717.321847Z/run.json
200,5737000000,1,TX2,1500,666.6666666666666,True,0.8872935459805836,-1.8094000000000001,25.48892121615604,25.48892121615604,10.991532537691443,2.988,0.378,2,18.361167063507853,18.361167063507853,8.497009886738596,6,"ANT1,ANT2,ANT4,ANT8,ANT7,ANT5",,21.0,cyclostationary_coherent_fold,0.996,669.1762820044518,0.0347895922490594,0.867633520899857,178.25,True,0.7260856281374751,25.864744326369834,/srv/bulk/samteway/lab-data/tracking-fast-timing-20260903-v6/captures/fast-200us-5737000000-tx2-20260903T205730.258518Z/run.json
200,5738000000,0,TX1,1500,666.6666666666666,True,,,91.43478512108305,91.43478512108305,59.32564888657118,95.68,12.096,64,32.04122513524142,32.04122513524142,8.634834821039524,6,"ANT1,ANT2,ANT4,ANT8,ANT7,ANT5",,,cyclostationary_coherent_fold,0.9966666666666667,669.115702943741,0.03420010173645776,0.9366571719365451,2.25,False,0.2822534786141335,84.87326908505811,/srv/bulk/samteway/lab-data/tracking-fast-timing-20260903-v6/captures/fast-200us-5738000000-tx1-20260903T205744.638803Z/run.json
200,5738000000,1,TX2,1500,666.6666666666666,True,0.9161331352338954,-1.8076,25.15886503545102,25.15886503545102,8.87134569671346,1.495,0.189,1,25.15886503545102,25.15886503545102,8.87134569671346,6,"ANT1,ANT2,ANT4,ANT8,ANT7,ANT5",19.0,9.0,cyclostationary_coherent_fold,0.9966666666666667,669.0712746496519,0.03726508414947596,0.9514573360859165,179.0,True,0.7346488998495656,24.70254050016225,/srv/bulk/samteway/lab-data/tracking-fast-timing-20260903-v6/captures/fast-200us-5738000000-tx2-20260903T205757.490093Z/run.json
200,5739000000,0,TX1,1500,666.6666666666666,True,,,91.49659122013634,91.49659122013634,60.88980918835327,95.616,12.096,64,31.14301808953927,31.14301808953927,8.34740426210951,6,"ANT1,ANT2,ANT4,ANT8,ANT7,ANT5",,,cyclostationary_coherent_fold,0.996,669.1774233881613,0.03504387676707893,0.9481607222448353,1.5,False,0.3122123217264116,79.6172497033302,/srv/bulk/samteway/lab-data/tracking-fast-timing-20260903-v6/captures/fast-200us-5739000000-tx1-20260903T205811.931645Z/run.json
200,5739000000,1,TX2,1500,666.6666666666666,True,0.9107815877778744,-1.8074000000000001,23.90747990864048,23.90747990864048,9.175703953847242,1.495,0.189,1,23.90747990864048,23.90747990864048,9.175703953847242,6,"ANT1,ANT2,ANT4,ANT8,ANT7,ANT5",20.0,13.0,cyclostationary_coherent_fold,0.9966666666666667,669.0326255279318,0.03555953015289897,0.945719184554924,179.0,True,0.737929137795476,24.28652378397893,/srv/bulk/samteway/lab-data/tracking-fast-timing-20260903-v6/captures/fast-200us-5739000000-tx2-20260903T205824.616000Z/run.json
200,5740000000,0,TX1,1500,666.6666666666666,True,,,93.27216921078212,93.27216921078212,62.7573004799038,95.616,12.096,64,26.840214488397685,26.840214488397685,7.667603595408336,6,"ANT1,ANT2,ANT4,ANT8,ANT7,ANT5",,,cyclostationary_coherent_fold,0.996,669.121939481611,0.033529783953334995,0.9217129129154439,1.25,False,0.3362401063837235,76.62807072383467,/srv/bulk/samteway/lab-data/tracking-fast-timing-20260903-v6/captures/fast-200us-5740000000-tx1-20260903T205838.938764Z/run.json
200,5740000000,1,TX2,1500,666.6666666666666,True,0.9125668128666939,-1.8072000000000001,24.720201351546674,24.720201351546674,9.118706035951721,1.494,0.189,1,24.720201351546674,24.720201351546674,9.118706035951721,6,"ANT1,ANT2,ANT4,ANT8,ANT7,ANT5",,15.0,cyclostationary_coherent_fold,0.996,669.1289965129984,0.03486983449803829,0.9170827627086519,179.25,True,0.7429550639530397,23.896240180504808,/srv/bulk/samteway/lab-data/tracking-fast-timing-20260903-v6/captures/fast-200us-5740000000-tx2-20260903T205851.758178Z/run.json
200,5741000000,0,TX1,1500,666.6666666666666,True,,,92.10952917204568,92.10952917204568,62.60084186910931,95.68,12.096,64,28.2112371921925,28.2112371921925,7.620361146098684,6,"ANT1,ANT2,ANT4,ANT8,ANT7,ANT5",,,cyclostationary_coherent_fold,0.9966666666666667,669.0025638749343,0.03178482755630878,0.9325469086936551,0.75,False,0.3497941058266379,73.68466920066376,/srv/bulk/samteway/lab-data/tracking-fast-timing-20260903-v6/captures/fast-200us-5741000000-tx1-20260903T205905.855498Z/run.json
200,5741000000,1,TX2,1500,666.6666666666666,True,0.857465613565847,-1.8068000000000002,28.317875417050697,28.317875417050697,13.297616997131277,5.98,0.756,4,21.465544885307658,21.465544885307658,8.364106552340616,6,"ANT1,ANT2,ANT4,ANT8,ANT7,ANT5",,,cyclostationary_coherent_fold,0.9966666666666667,669.0432815936864,0.02849844838338099,0.8693050421776733,178.0,True,0.735427206313453,25.0132090417344,/srv/bulk/samteway/lab-data/tracking-fast-timing-20260903-v6/captures/fast-200us-5741000000-tx2-20260903T205919.198719Z/run.json
200,5742000000,0,TX1,1500,666.6666666666666,True,,,94.18623238118246,94.18623238118246,63.578754915538795,95.68,12.096,64,32.80597412891547,32.80597412891547,9.252450689438923,6,"ANT1,ANT2,ANT4,ANT8,ANT7,ANT5",,,cyclostationary_coherent_fold,0.9966666666666667,669.033283428129,0.03069469972292907,0.933719847031824,359.0,False,0.3784978938293687,71.65554944555254,/srv/bulk/samteway/lab-data/tracking-fast-timing-20260903-v6/captures/fast-200us-5742000000-tx1-20260903T205933.865511Z/run.json
200,5742000000,1,TX2,1500,666.6666666666666,True,0.8816326517471117,-1.8072000000000001,27.31517172364706,27.31517172364706,11.287164259571455,2.988,0.378,2,19.00820402750294,19.00820402750294,8.344365689752001,6,"ANT1,ANT2,ANT4,ANT8,ANT7,ANT5",,,cyclostationary_coherent_fold,0.996,669.1981823893925,0.031125423854651633,0.84864489303093,178.75,True,0.7458997344179414,23.793976584009886,/srv/bulk/samteway/lab-data/tracking-fast-timing-20260903-v6/captures/fast-200us-5742000000-tx2-20260903T205946.457576Z/run.json
200,5743000000,0,TX1,1500,666.6666666666666,True,,,93.35686114140773,93.35686114140773,67.37972107382863,95.616,12.096,64,29.545570716725784,29.545570716725784,9.301473829793217,6,"ANT1,ANT2,ANT4,ANT8,ANT7,ANT5",,,cyclostationary_coherent_fold,0.996,669.2483233195281,0.028749158277344394,0.9019278171869914,358.0,False,0.40378524568425406,66.58673656145105,/srv/bulk/samteway/lab-data/tracking-fast-timing-20260903-v6/captures/fast-200us-5743000000-tx1-20260903T210001.003772Z/run.json
200,5743000000,1,TX2,1500,666.6666666666666,True,0.9037322444010929,-1.8082,25.970046261015476,25.970046261015476,9.657952808237326,1.494,0.189,1,25.970046261015476,25.970046261015476,9.657952808237326,6,"ANT1,ANT2,ANT4,ANT8,ANT7,ANT5",24.0,17.0,cyclostationary_coherent_fold,0.996,669.1597952970596,0.030843088877142325,0.8982112180722868,179.5,True,0.7537129210587068,22.556148021870033,/srv/bulk/samteway/lab-data/tracking-fast-timing-20260903-v6/captures/fast-200us-5743000000-tx2-20260903T210014.168811Z/run.json
200,5744000000,0,TX1,1500,666.6666666666666,True,,,92.61268555377455,92.61268555377455,66.42453615821617,95.616,12.096,64,24.701369949804622,24.701369949804622,8.534388822255604,6,"ANT1,ANT2,ANT4,ANT8,ANT7,ANT5",,,cyclostationary_coherent_fold,0.996,669.1386156342463,0.029066536837439327,0.9282710017277105,357.5,False,0.4206937402660041,65.75673290510775,/srv/bulk/samteway/lab-data/tracking-fast-timing-20260903-v6/captures/fast-200us-5744000000-tx1-20260903T210028.364268Z/run.json
200,5744000000,1,TX2,1500,666.6666666666666,True,0.9022339637394023,-1.8084,26.981744706515126,26.981744706515126,9.725706482617944,1.494,0.189,1,26.981744706515126,26.981744706515126,9.725706482617944,6,"ANT1,ANT2,ANT4,ANT8,ANT7,ANT5",22.0,14.0,cyclostationary_coherent_fold,0.996,669.180297728738,0.030449894103036116,0.9154286998459239,179.75,True,0.758112814083002,21.986673607687578,/srv/bulk/samteway/lab-data/tracking-fast-timing-20260903-v6/captures/fast-200us-5744000000-tx2-20260903T210040.907999Z/run.json
200,5745000000,0,TX1,1500,666.6666666666666,True,,,92.55141337753062,92.55141337753062,71.30634224458,95.616,12.096,64,22.538418647547363,22.538418647547363,9.424571238311122,6,"ANT1,ANT2,ANT4,ANT8,ANT7,ANT5",,,cyclostationary_coherent_fold,0.996,669.3009129947172,0.02796160699690362,0.8921377365890127,356.0,False,0.4392547390398968,63.79923815843188,/srv/bulk/samteway/lab-data/tracking-fast-timing-20260903-v6/captures/fast-200us-5745000000-tx1-20260903T210055.238038Z/run.json
200,5745000000,1,TX2,1500,666.6666666666666,True,0.8957455603575163,-1.8068000000000002,27.48594494513077,27.48594494513077,10.221395856561612,2.988,0.378,2,18.365957749241097,18.365957749241097,7.395260711895314,6,"ANT1,ANT2,ANT4,ANT8,ANT7,ANT5",25.0,25.0,cyclostationary_coherent_fold,0.996,669.2487346714917,0.02829469342994014,0.8946618994447467,179.5,True,0.7571201609201552,21.907169146993528,/srv/bulk/samteway/lab-data/tracking-fast-timing-20260903-v6/captures/fast-200us-5745000000-tx2-20260903T210108.154394Z/run.json
200,5746000000,0,TX1,1500,666.6666666666666,True,,,91.3882658708214,91.3882658708214,65.26338012151756,95.616,12.096,64,23.563020384486347,23.563020384486347,8.67336360432114,6,"ANT1,ANT2,ANT4,ANT8,ANT7,ANT5",,,cyclostationary_coherent_fold,0.996,669.2575847883802,0.027844123906364454,0.9362890611901419,356.5,False,0.41001986356927267,68.31965735193313,/srv/bulk/samteway/lab-data/tracking-fast-timing-20260903-v6/captures/fast-200us-5746000000-tx1-20260903T210122.101452Z/run.json
200,5746000000,1,TX2,1500,666.6666666666666,True,0.8914732937050571,-1.8072000000000001,28.845086998136917,28.845086998136917,10.466467520537039,2.988,0.378,2,20.010992726276474,20.010992726276474,7.646368414244296,6,"ANT1,ANT2,ANT4,ANT8,ANT7,ANT5",29.0,25.0,cyclostationary_coherent_fold,0.996,669.1490631768604,0.02653255034197201,0.9040483897881023,180.0,True,0.7618911921094204,21.36014292477101,/srv/bulk/samteway/lab-data/tracking-fast-timing-20260903-v6/captures/fast-200us-5746000000-tx2-20260903T210134.659546Z/run.json
200,5747000000,0,TX1,1500,666.6666666666666,True,,,92.30099199387452,92.30099199387452,69.86630573936075,95.616,12.096,64,19.191311455631045,19.191311455631045,9.43259211330842,6,"ANT1,ANT2,ANT4,ANT8,ANT7,ANT5",,,cyclostationary_coherent_fold,0.996,669.2559619537876,0.026547855669438968,0.9166721336882488,354.25,False,0.41666511476570195,66.18946802625605,/srv/bulk/samteway/lab-data/tracking-fast-timing-20260903-v6/captures/fast-200us-5747000000-tx1-20260903T210149.168170Z/run.json
200,5747000000,1,TX2,1500,666.6666666666666,True,0.8845287953117812,-1.8070000000000002,29.784796565138233,29.784796565138233,10.778224803593224,2.988,0.378,2,19.74672920374919,19.74672920374919,7.667747449709115,6,"ANT1,ANT2,ANT4,ANT8,ANT7,ANT5",22.0,16.0,cyclostationary_coherent_fold,0.996,669.2657417008264,0.02656773608714988,0.8588945441698179,180.25,True,0.7651171314184194,21.295706633024892,/srv/bulk/samteway/lab-data/tracking-fast-timing-20260903-v6/captures/fast-200us-5747000000-tx2-20260903T210201.930675Z/run.json
200,5748000000,0,TX1,1500,666.6666666666666,True,,,91.83981976381045,91.83981976381045,68.95908772898063,191.232,24.192,128,19.417905509731437,19.417905509731437,8.184883041903374,6,"ANT1,ANT2,ANT4,ANT8,ANT7,ANT5",,,cyclostationary_coherent_fold,0.996,669.2961219746012,0.027059020261736243,0.8911369869240161,354.5,False,0.38805528307866505,68.63793265406548,/srv/bulk/samteway/lab-data/tracking-fast-timing-20260903-v6/captures/fast-200us-5748000000-tx1-20260903T210217.168058Z/run.json
200,5748000000,1,TX2,1500,666.6666666666666,True,0.8710199776075163,-1.8090000000000002,33.365495576848005,33.365495576848005,11.670239576114064,2.988,0.378,2,22.361182509591327,22.361182509591327,8.52385992120363,6,"ANT1,ANT2,ANT4,ANT8,ANT7,ANT5",24.0,24.0,cyclostationary_coherent_fold,0.996,669.1511696485941,0.026777815001565848,0.9071838261326067,180.25,True,0.7650097442252175,20.87108803937122,/srv/bulk/samteway/lab-data/tracking-fast-timing-20260903-v6/captures/fast-200us-5748000000-tx2-20260903T210229.796986Z/run.json
200,5749000000,0,TX1,1500,666.6666666666666,True,,,91.15075188866103,91.15075188866103,69.8796569565585,95.616,12.096,64,22.93892283785634,22.93892283785634,9.373770742293821,6,"ANT1,ANT2,ANT4,ANT8,ANT7,ANT5",,,cyclostationary_coherent_fold,0.996,669.1317977643716,0.027296668973823695,0.911707403211669,353.25,False,0.3892839159829758,68.66116362551136,/srv/bulk/samteway/lab-data/tracking-fast-timing-20260903-v6/captures/fast-200us-5749000000-tx1-20260903T210244.804322Z/run.json
200,5749000000,1,TX2,1500,666.6666666666666,True,0.87059348437213,-1.8068000000000002,34.5202380770965,34.5202380770965,11.649272811339765,2.988,0.378,2,23.52101368200363,23.52101368200363,8.27167268857663,6,"ANT1,ANT2,ANT4,ANT8,ANT7,ANT5",20.0,11.0,cyclostationary_coherent_fold,0.996,669.2494594648458,0.02807747529530154,0.8478023477399038,180.5,True,0.7705752408424357,20.344411013851943,/srv/bulk/samteway/lab-data/tracking-fast-timing-20260903-v6/captures/fast-200us-5749000000-tx2-20260903T210258.397866Z/run.json
200,5750000000,0,TX1,1500,666.6666666666666,True,,,94.42600181695356,94.42600181695356,73.129859888668,191.232,24.192,128,17.686066053627453,17.686066053627453,6.900542544321365,6,"ANT1,ANT2,ANT4,ANT8,ANT7,ANT5",,,cyclostationary_coherent_fold,0.996,669.1226878314835,0.027139121464355917,0.9014659291953898,113.25,False,0.3855923000884181,50.63382742248387,/srv/bulk/samteway/lab-data/tracking-fast-timing-20260903-v6/captures/fast-200us-5750000000-tx1-20260903T210312.558801Z/run.json
200,5750000000,1,TX2,1500,666.6666666666666,True,0.8746666842531107,-1.8096,33.44521935623076,33.44521935623076,11.382791790848184,2.988,0.378,2,22.74713024114519,22.74713024114519,8.179902478517668,6,"ANT1,ANT2,ANT4,ANT8,ANT7,ANT5",23.0,19.0,cyclostationary_coherent_fold,0.996,669.1666979950355,0.028565497630909185,0.9079197250864859,180.75,True,0.7718620545279065,19.844916183377467,/srv/bulk/samteway/lab-data/tracking-fast-timing-20260903-v6/captures/fast-200us-5750000000-tx2-20260903T210325.122871Z/run.json
200,5751000000,0,TX1,1500,666.6666666666666,True,,,92.07447297607264,92.07447297607264,72.5190725410635,191.36,24.192,128,23.756090847428435,23.756090847428435,8.354037458088298,6,"ANT1,ANT2,ANT4,ANT8,ANT7,ANT5",,,cyclostationary_coherent_fold,0.9966666666666667,669.1045705418846,0.026738273711727274,0.9118530315823248,351.25,False,0.39557167344040034,67.02754274446625,/srv/bulk/samteway/lab-data/tracking-fast-timing-20260903-v6/captures/fast-200us-5751000000-tx1-20260903T210339.676241Z/run.json
200,5751000000,1,TX2,1500,666.6666666666666,True,0.8651772746826311,-1.8094000000000001,35.99941270244775,35.99941270244775,11.996779985999009,2.988,0.378,2,24.253562220731723,24.253562220731723,8.58652188853935,6,"ANT1,ANT2,ANT4,ANT8,ANT7,ANT5",29.0,22.0,cyclostationary_coherent_fold,0.996,669.1866273886475,0.02681306773725602,0.8743206074876674,180.75,True,0.7725669950523886,19.93389536335815,/srv/bulk/samteway/lab-data/tracking-fast-timing-20260903-v6/captures/fast-200us-5751000000-tx2-20260903T210352.274984Z/run.json
200,5752000000,0,TX1,1500,666.6666666666666,True,,,98.9516667167147,98.9516667167147,73.7403590930949,191.36,24.192,128,33.716385966173384,33.716385966173384,7.513308970000066,6,"ANT1,ANT2,ANT4,ANT8,ANT7,ANT5",,,cyclostationary_coherent_fold,0.9966666666666667,669.1020353249304,0.02685513669578995,0.90255415250023,110.25,False,0.41044959895359423,53.30539371776283,/srv/bulk/samteway/lab-data/tracking-fast-timing-20260903-v6/captures/fast-200us-5752000000-tx1-20260903T210406.414968Z/run.json
200,5752000000,1,TX2,1500,666.6666666666666,True,0.8677298113000749,-1.8078,38.23487582693486,38.23487582693486,11.534446651792418,2.988,0.378,2,26.405181392643932,26.405181392643932,8.255267419188561,6,"ANT1,ANT2,ANT4,ANT8,ANT7,ANT5",24.0,20.0,cyclostationary_coherent_fold,0.996,669.1503513374087,0.026168072868049088,0.9275270379112224,181.0,True,0.7737324968747549,19.284266253679142,/srv/bulk/samteway/lab-data/tracking-fast-timing-20260903-v6/captures/fast-200us-5752000000-tx2-20260903T210418.856591Z/run.json
200,5753000000,0,TX1,1500,666.6666666666666,True,,,97.27612483939406,97.27612483939406,71.05302918500354,191.232,24.192,128,45.06283181483277,45.06283181483277,7.854858431460832,6,"ANT1,ANT2,ANT4,ANT8,ANT7,ANT5",,,cyclostationary_coherent_fold,0.996,669.1418582083937,0.02570337854229643,0.9292468646535148,109.0,False,0.41008458810043147,51.487247623225336,/srv/bulk/samteway/lab-data/tracking-fast-timing-20260903-v6/captures/fast-200us-5753000000-tx1-20260903T210433.198675Z/run.json
200,5753000000,1,TX2,1500,666.6666666666666,True,0.8791842381268631,-1.808,35.477560809134644,35.477560809134644,10.909693483784505,2.99,0.378,2,23.78597743062852,23.78597743062852,7.76315658761872,6,"ANT1,ANT2,ANT4,ANT8,ANT7,ANT5",6.0,6.0,cyclostationary_coherent_fold,0.9966666666666667,669.0933804964033,0.02702806643151037,0.9267319812431147,181.25,True,0.7776915027541017,19.131152992854354,/srv/bulk/samteway/lab-data/tracking-fast-timing-20260903-v6/captures/fast-200us-5753000000-tx2-20260903T210445.852159Z/run.json
200,5754000000,0,TX1,1500,666.6666666666666,True,,,100.18774339382988,89.48306922215382,74.59789829203191,191.232,24.192,128,54.69968815286344,15.354648672610098,8.284922245541614,5,"ANT1,ANT2,ANT4,ANT8,ANT5",,,cyclostationary_coherent_fold,0.996,669.1270820960547,0.026202714376509704,0.902773334398513,107.75,False,0.43036140888280494,65.30592750607946,/srv/bulk/samteway/lab-data/tracking-fast-timing-20260903-v6/captures/fast-200us-5754000000-tx1-20260903T210500.133367Z/run.json
200,5754000000,1,TX2,1500,666.6666666666666,True,0.8467051596874576,-1.8072000000000001,42.05058768035381,42.05058768035381,12.773256371935151,2.988,0.378,2,29.295430423443527,29.295430423443527,9.136583455060158,6,"ANT1,ANT2,ANT4,ANT8,ANT7,ANT5",27.0,17.0,cyclostationary_coherent_fold,0.996,669.1874518623912,0.026572893423298247,0.8998373338932347,181.25,True,0.7773554533130289,19.428793333309198,/srv/bulk/samteway/lab-data/tracking-fast-timing-20260903-v6/captures/fast-200us-5754000000-tx2-20260903T210513.154598Z/run.json
200,5755000000,0,TX1,1500,666.6666666666666,True,,,99.95295898951908,83.48830317169124,69.44816753406285,95.616,12.096,64,70.3874016904955,13.70053059163307,7.932032654275609,5,"ANT1,ANT2,ANT4,ANT8,ANT5",,,cyclostationary_coherent_fold,0.996,669.2006539956302,0.025699653998283133,0.9281418120063145,106.0,False,0.4379717523172063,61.35540893275472,/srv/bulk/samteway/lab-data/tracking-fast-timing-20260903-v6/captures/fast-200us-5755000000-tx1-20260903T210527.396191Z/run.json
200,5755000000,1,TX2,1500,666.6666666666666,True,0.8394856755529793,-1.8088000000000002,43.63698905070688,43.63698905070688,13.449076522758117,2.99,0.378,2,30.110441774324777,30.110441774324777,9.803808564294226,6,"ANT1,ANT2,ANT4,ANT8,ANT7,ANT5",,,cyclostationary_coherent_fold,0.9966666666666667,669.0976523247554,0.02569814349943206,0.8856169474356039,180.75,True,0.7789606617479825,18.70394269065511,/srv/bulk/samteway/lab-data/tracking-fast-timing-20260903-v6/captures/fast-200us-5755000000-tx2-20260903T210540.402145Z/run.json
200,5756000000,0,TX1,1500,666.6666666666666,True,,,101.4611315957463,81.8341462237852,67.76652660756997,95.616,12.096,64,80.8857234842841,11.91059068062042,8.099450896467076,5,"ANT1,ANT2,ANT4,ANT8,ANT5",,,cyclostationary_coherent_fold,0.996,669.1967427202659,0.02468809714605238,0.9214234441872176,105.0,False,0.466608035501048,64.84941162100195,/srv/bulk/samteway/lab-data/tracking-fast-timing-20260903-v6/captures/fast-200us-5756000000-tx1-20260903T210555.241326Z/run.json
200,5756000000,1,TX2,1500,666.6666666666666,True,0.8607199406556704,-1.8078,40.40498920587565,40.40498920587565,11.859492790648567,2.99,0.378,2,28.277887330878556,28.277887330878556,8.504099361783933,6,"ANT1,ANT2,ANT4,ANT8,ANT7,ANT5",18.0,13.0,cyclostationary_coherent_fold,0.9966666666666667,669.0957096748381,0.025424379644458768,0.9363387809568893,181.5,True,0.7828884509545655,18.424804475493833,/srv/bulk/samteway/lab-data/tracking-fast-timing-20260903-v6/captures/fast-200us-5756000000-tx2-20260903T210608.120071Z/run.json
200,5757000000,0,TX1,1500,666.6666666666666,True,,,101.40369334335763,81.01455359627434,66.6179696455232,95.616,12.096,64,79.17027818440795,10.545417981871477,8.101023086697678,5,"ANT1,ANT2,ANT4,ANT8,ANT5",,,cyclostationary_coherent_fold,0.996,669.2301528364846,0.02368851797311281,0.932124087266589,103.25,False,0.4486745771329026,69.48650640944116,/srv/bulk/samteway/lab-data/tracking-fast-timing-20260903-v6/captures/fast-200us-5757000000-tx1-20260903T210622.404120Z/run.json
200,5757000000,1,TX2,1500,666.6666666666666,True,0.8250421068958457,-1.808,47.38380390768555,47.38380390768555,14.063179262891934,5.976,0.756,4,18.964797111918504,18.964797111918504,6.1426662605951865,6,"ANT1,ANT2,ANT4,ANT8,ANT7,ANT5",28.0,,cyclostationary_coherent_fold,0.996,669.1515619079082,0.02466079585103779,0.9229302676045297,181.25,True,0.7813185137133071,18.520644779509087,/srv/bulk/samteway/lab-data/tracking-fast-timing-20260903-v6/captures/fast-200us-5757000000-tx2-20260903T210635.085303Z/run.json
200,5758000000,0,TX1,1500,666.6666666666666,True,,,100.24544749807073,79.64037313933896,66.94385016920947,95.616,12.096,64,64.18296759459272,9.874371955909984,7.71964622561991,5,"ANT1,ANT2,ANT4,ANT8,ANT5",,,cyclostationary_coherent_fold,0.996,669.1368572855769,0.024216745408587228,0.9392795035104382,102.5,False,0.4577604485410762,68.02062243098982,/srv/bulk/samteway/lab-data/tracking-fast-timing-20260903-v6/captures/fast-200us-5758000000-tx1-20260903T210650.820060Z/run.json
200,5758000000,1,TX2,1500,666.6666666666666,True,0.7339567164720849,-1.7990000000000002,46.35043049590017,46.35043049590017,21.7585375902631,,,,,,,6,"ANT1,ANT2,ANT4,ANT8,ANT7,ANT5",,,cyclostationary_coherent_fold,0.9966666666666667,669.0516464294651,0.024049623217975862,0.9022130779101685,178.25,True,0.7673120878451858,19.789372094389226,/srv/bulk/samteway/lab-data/tracking-fast-timing-20260903-v6/captures/fast-200us-5758000000-tx2-20260903T210703.298491Z/run.json
200,5759000000,0,TX1,1500,666.6666666666666,True,,,99.05675164441072,99.05675164441072,64.90766122575754,95.616,12.096,64,56.08554539676562,56.08554539676562,7.824447933245449,6,"ANT1,ANT2,ANT4,ANT8,ANT7,ANT5",,,cyclostationary_coherent_fold,0.996,669.1261312533339,0.025413355733522696,0.951388134495821,102.0,False,0.4398214561442902,64.31151563122556,/srv/bulk/samteway/lab-data/tracking-fast-timing-20260903-v6/captures/fast-200us-5759000000-tx1-20260903T210717.262252Z/run.json
200,5759000000,1,TX2,1500,666.6666666666666,True,0.8227865408259131,-1.808,49.09722618939801,49.09722618939801,14.252440251805247,5.976,0.756,4,19.938112974104747,19.938112974104747,6.153855359003617,6,"ANT1,ANT2,ANT4,ANT8,ANT7,ANT5",,18.0,cyclostationary_coherent_fold,0.996,669.2470269622344,0.025187581573357508,0.9218395914883858,181.25,True,0.7889849679599383,17.70740151755659,/srv/bulk/samteway/lab-data/tracking-fast-timing-20260903-v6/captures/fast-200us-5759000000-tx2-20260903T210729.670275Z/run.json
200,5760000000,0,TX1,1500,666.6666666666666,True,,,97.67015444000226,97.67015444000226,64.78613560978656,95.616,12.096,64,50.28042402030445,50.28042402030445,7.436798281422822,6,"ANT1,ANT2,ANT4,ANT8,ANT7,ANT5",,,cyclostationary_coherent_fold,0.996,669.1961429051802,0.02548678822805693,0.9454204438482781,100.0,False,0.4486340124504323,51.41064694443571,/srv/bulk/samteway/lab-data/tracking-fast-timing-20260903-v6/captures/fast-200us-5760000000-tx1-20260903T210743.891868Z/run.json
200,5760000000,1,TX2,1500,666.6666666666666,True,0.8409657099929655,-1.8082,45.482296852572965,45.482296852572965,12.909877115349234,2.988,0.378,2,31.821478716917166,31.821478716917166,9.17484605990715,6,"ANT1,ANT2,ANT4,ANT8,ANT7,ANT5",23.0,18.0,cyclostationary_coherent_fold,0.996,669.2027628447064,0.026766833722797263,0.9301199160527609,181.75,True,0.7878960520124931,17.03316200904671,/srv/bulk/samteway/lab-data/tracking-fast-timing-20260903-v6/captures/fast-200us-5760000000-tx2-20260903T210756.434055Z/run.json
200,5761000000,0,TX1,1500,666.6666666666666,True,,,97.49620952130222,97.49620952130222,65.42628220054371,95.616,12.096,64,44.380516588310165,44.380516588310165,7.723060479305204,6,"ANT1,ANT2,ANT4,ANT8,ANT7,ANT5",,,cyclostationary_coherent_fold,0.996,669.1620071527644,0.024580308656433857,0.9376312581350245,100.5,False,0.45372856541664514,55.50877100889227,/srv/bulk/samteway/lab-data/tracking-fast-timing-20260903-v6/captures/fast-200us-5761000000-tx1-20260903T210810.754756Z/run.json
200,5761000000,1,TX2,1500,666.6666666666666,True,0.8497770223353164,-1.8070000000000002,43.60866303913669,43.60866303913669,12.471739425570583,2.99,0.378,2,29.481923120709702,29.481923120709702,8.888079755862858,6,"ANT1,ANT2,ANT4,ANT8,ANT7,ANT5",12.0,7.0,cyclostationary_coherent_fold,0.9966666666666667,669.0370050170678,0.027184969475728557,0.9513217910852628,182.0,True,0.7916843608297766,16.867191154753147,/srv/bulk/samteway/lab-data/tracking-fast-timing-20260903-v6/captures/fast-200us-5761000000-tx2-20260903T210823.204449Z/run.json
200,5762000000,0,TX1,1500,666.6666666666666,True,,,95.80441682896226,95.80441682896226,68.92663421846643,191.36,24.192,128,21.15162671166287,21.15162671166287,7.923043115637914,6,"ANT1,ANT2,ANT4,ANT8,ANT7,ANT5",,,cyclostationary_coherent_fold,0.9966666666666667,669.1144669149952,0.022968268292466953,0.9238564057951713,259.75,False,0.4529391299625053,54.2940250589953,/srv/bulk/samteway/lab-data/tracking-fast-timing-20260903-v6/captures/fast-200us-5762000000-tx1-20260903T210837.110260Z/run.json
200,5762000000,1,TX2,1500,666.6666666666666,True,0.8013209634643781,-1.8086,52.7875079647509,52.7875079647509,15.765243686876195,5.976,0.756,4,22.312255112047623,22.312255112047623,7.452403669380851,6,"ANT1,ANT2,ANT4,ANT8,ANT7,ANT5",,,cyclostationary_coherent_fold,0.996,669.1389758226737,0.02552772168259467,0.9278867734628631,181.25,True,0.7899276597686428,17.18933903232832,/srv/bulk/samteway/lab-data/tracking-fast-timing-20260903-v6/captures/fast-200us-5762000000-tx2-20260903T210849.728292Z/run.json
200,5763000000,0,TX1,1500,666.6666666666666,True,,,93.70072062015656,93.70072062015656,67.53791047406747,95.616,12.096,64,32.185590961928156,32.185590961928156,9.228358564524724,6,"ANT1,ANT2,ANT4,ANT8,ANT7,ANT5",,,cyclostationary_coherent_fold,0.996,669.1789616826547,0.023425575790596675,0.9266505783973918,259.25,False,0.4685256793535642,54.00854639737726,/srv/bulk/samteway/lab-data/tracking-fast-timing-20260903-v6/captures/fast-200us-5763000000-tx1-20260903T210904.899012Z/run.json
200,5763000000,1,TX2,1500,666.6666666666666,True,0.6771110376960451,-1.8076,70.71798286083445,70.71798286083445,17.387650488177858,5.976,0.756,4,48.61841530147489,48.61841530147489,8.170398835948395,6,"ANT1,ANT2,ANT4,ANT8,ANT7,ANT5",,,cyclostationary_coherent_fold,0.996,669.1803923119191,0.02519808618838079,0.9231963181313537,155.5,False,0.4868077876517332,59.48912588288171,/srv/bulk/samteway/lab-data/tracking-fast-timing-20260903-v6/captures/fast-200us-5763000000-tx2-20260903T210917.425907Z/run.json
200,5764000000,0,TX1,1500,666.6666666666666,True,,,93.99789128354075,93.99789128354075,62.50024020076789,95.616,12.096,64,40.856854000985635,40.856854000985635,7.364074796200984,6,"ANT1,ANT2,ANT4,ANT8,ANT7,ANT5",,,cyclostationary_coherent_fold,0.996,669.1654330032381,0.02512286742214752,0.9557325097240525,100.25,False,0.42681396235371777,54.68046565605872,/srv/bulk/samteway/lab-data/tracking-fast-timing-20260903-v6/captures/fast-200us-5764000000-tx1-20260903T210931.711929Z/run.json
200,5764000000,1,TX2,1500,666.6666666666666,True,0.8264054421258965,-1.808,49.61701623767583,49.61701623767583,13.656121319614442,2.988,0.378,2,37.347709111276195,37.347709111276195,9.89201203365127,6,"ANT1,ANT2,ANT4,ANT8,ANT7,ANT5",28.0,17.0,cyclostationary_coherent_fold,0.996,669.1390754457825,0.02666851127115405,0.942130397861118,182.0,True,0.7891207913047288,16.387523851133558,/srv/bulk/samteway/lab-data/tracking-fast-timing-20260903-v6/captures/fast-200us-5764000000-tx2-20260903T210944.558061Z/run.json
200,5765000000,0,TX1,1500,666.6666666666666,True,,,91.45911279376504,91.45911279376504,63.62294707095934,95.68,12.096,64,26.238024347821753,26.238024347821753,7.413819209479581,6,"ANT1,ANT2,ANT4,ANT8,ANT7,ANT5",,,cyclostationary_coherent_fold,0.9966666666666667,669.0834239932399,0.023805348754549507,0.953505012638825,259.5,False,0.4357349601282231,55.15054832025611,/srv/bulk/samteway/lab-data/tracking-fast-timing-20260903-v6/captures/fast-200us-5765000000-tx1-20260903T210958.894130Z/run.json
200,5765000000,1,TX2,1500,666.6666666666666,True,0.8081603585045015,-1.8082,55.317342671071245,55.317342671071245,14.779732480420979,5.976,0.756,4,24.06922006234063,24.06922006234063,6.5693887525569306,6,"ANT1,ANT2,ANT4,ANT8,ANT7,ANT5",29.0,,cyclostationary_coherent_fold,0.996,669.1585668806042,0.026110942463081738,0.9346858892677451,182.0,True,0.7874332629116625,16.446751369189148,/srv/bulk/samteway/lab-data/tracking-fast-timing-20260903-v6/captures/fast-200us-5765000000-tx2-20260903T211011.865083Z/run.json
200,5766000000,0,TX1,1500,666.6666666666666,True,,,93.00084497112054,93.00084497112054,64.7721593474258,95.616,12.096,64,22.36761194560503,22.36761194560503,7.336193141120056,6,"ANT1,ANT2,ANT4,ANT8,ANT7,ANT5",,,cyclostationary_coherent_fold,0.996,669.1864928788268,0.023084377828397357,0.9381306759731691,259.25,False,0.4317672233233855,55.0504262974089,/srv/bulk/samteway/lab-data/tracking-fast-timing-20260903-v6/captures/fast-200us-5766000000-tx1-20260903T211025.941140Z/run.json
200,5766000000,1,TX2,1500,666.6666666666666,True,0.8168088333931874,-1.8072000000000001,54.61019613947489,54.61019613947489,13.988549857164552,5.976,0.756,4,23.721882611379918,23.721882611379918,6.273263835053808,6,"ANT1,ANT2,ANT4,ANT8,ANT7,ANT5",13.0,11.0,cyclostationary_coherent_fold,0.996,669.1458226865184,0.02616369587480778,0.9455598318748941,182.25,True,0.7833547203497796,16.848453505500515,/srv/bulk/samteway/lab-data/tracking-fast-timing-20260903-v6/captures/fast-200us-5766000000-tx2-20260903T211038.672282Z/run.json
200,5767000000,0,TX1,1500,666.6666666666666,True,,,92.39658954055561,92.39658954055561,63.149630137465714,95.616,12.096,64,26.215397050928555,26.215397050928555,8.091908472709205,6,"ANT1,ANT2,ANT4,ANT8,ANT7,ANT5",,,cyclostationary_coherent_fold,0.996,669.168140103675,0.022515991611737677,0.9506190116042847,98.75,False,0.44334495981444694,52.009676999561165,/srv/bulk/samteway/lab-data/tracking-fast-timing-20260903-v6/captures/fast-200us-5767000000-tx1-20260903T211052.602609Z/run.json
200,5767000000,1,TX2,1500,666.6666666666666,True,0.6619310381856013,-1.8104,71.31135949729631,71.31135949729631,19.339678799992978,11.952,1.512,8,44.710384193909356,44.710384193909356,9.14920990019831,6,"ANT1,ANT2,ANT4,ANT8,ANT7,ANT5",,,cyclostationary_coherent_fold,0.996,669.1739594175746,0.022818883066797063,0.9354403282058407,156.25,False,0.5047050851157929,58.644718760633374,/srv/bulk/samteway/lab-data/tracking-fast-timing-20260903-v6/captures/fast-200us-5767000000-tx2-20260903T211105.668377Z/run.json
200,5768000000,0,TX1,1500,666.6666666666666,True,,,93.66438612778964,93.66438612778964,68.0825990611828,191.232,24.192,128,21.749574984122464,21.749574984122464,8.578009734815478,6,"ANT1,ANT2,ANT4,ANT8,ANT7,ANT5",,,cyclostationary_coherent_fold,0.996,669.2423316341551,0.02162164302338142,0.933655918048238,98.25,False,0.47730465455149784,48.54390241902514,/srv/bulk/samteway/lab-data/tracking-fast-timing-20260903-v6/captures/fast-200us-5768000000-tx1-20260903T211119.955303Z/run.json
200,5768000000,1,TX2,1500,666.6666666666666,True,0.6774027327076059,-1.8088000000000002,66.1991646036835,66.1991646036835,17.759687990709608,5.976,0.756,4,41.16451072954372,41.16451072954372,8.226262901886471,6,"ANT1,ANT2,ANT4,ANT8,ANT7,ANT5",,,cyclostationary_coherent_fold,0.996,669.2381031944863,0.023480265112642472,0.9443699054935563,155.25,False,0.48805005181488664,62.65064828748821,/srv/bulk/samteway/lab-data/tracking-fast-timing-20260903-v6/captures/fast-200us-5768000000-tx2-20260903T211132.798721Z/run.json
200,5769000000,0,TX1,1500,666.6666666666666,True,,,93.46688742119129,93.46688742119129,62.554610804762454,95.616,12.096,64,33.09296875067877,33.09296875067877,7.644452805901931,6,"ANT1,ANT2,ANT4,ANT8,ANT7,ANT5",,,cyclostationary_coherent_fold,0.996,669.2528172473063,0.022551957277919362,0.9518176515030852,98.75,False,0.46354539932192046,49.475535563791674,/srv/bulk/samteway/lab-data/tracking-fast-timing-20260903-v6/captures/fast-200us-5769000000-tx1-20260903T211147.199565Z/run.json
200,5769000000,1,TX2,1500,666.6666666666666,True,0.787004454898436,-1.8070000000000002,59.74956404394982,59.74956404394982,15.646370650034406,5.98,0.756,4,27.8066365678915,27.8066365678915,7.272934560576135,6,"ANT1,ANT2,ANT4,ANT8,ANT7,ANT5",,,cyclostationary_coherent_fold,0.9966666666666667,669.0965174722181,0.02364333855699229,0.946989129410641,182.0,True,0.7699545366490583,17.562231856751644,/srv/bulk/samteway/lab-data/tracking-fast-timing-20260903-v6/captures/fast-200us-5769000000-tx2-20260903T211159.923264Z/run.json
200,5770000000,0,TX1,1500,666.6666666666666,True,,,94.17165527694645,94.17165527694645,64.19880653763987,95.616,12.096,64,25.29189906768247,25.29189906768247,7.189030098878971,6,"ANT1,ANT2,ANT4,ANT8,ANT7,ANT5",,,cyclostationary_coherent_fold,0.996,669.2587025893579,0.02169428336719739,0.9510319188201668,98.5,False,0.46366396260750964,50.77257379976999,/srv/bulk/samteway/lab-data/tracking-fast-timing-20260903-v6/captures/fast-200us-5770000000-tx1-20260903T211214.154789Z/run.json
200,5770000000,1,TX2,1500,666.6666666666666,True,0.7831654699948833,-1.8084,61.83258736361793,61.83258736361793,15.82117738865148,5.976,0.756,4,25.55322471735661,25.55322471735661,6.849273730113409,6,"ANT1,ANT2,ANT4,ANT8,ANT7,ANT5",,,cyclostationary_coherent_fold,0.996,669.2750454844656,0.023702064401132775,0.9436684614137353,182.25,True,0.7677768845114372,17.435812910698285,/srv/bulk/samteway/lab-data/tracking-fast-timing-20260903-v6/captures/fast-200us-5770000000-tx2-20260903T211226.684686Z/run.json
200,5771000000,0,TX1,1500,666.6666666666666,True,,,92.92041971470948,92.92041971470948,64.93508379947316,95.616,12.096,64,24.848371409532668,24.848371409532668,7.355629456653243,6,"ANT1,ANT2,ANT4,ANT8,ANT7,ANT5",,,cyclostationary_coherent_fold,0.996,669.2926345033678,0.021530227046575773,0.953599377160672,98.0,False,0.48242784955455076,48.861110552741266,/srv/bulk/samteway/lab-data/tracking-fast-timing-20260903-v6/captures/fast-200us-5771000000-tx1-20260903T211241.132079Z/run.json
200,5771000000,1,TX2,1500,666.6666666666666,True,0.6634535157004132,-1.8052000000000001,65.1131791522265,65.1131791522265,18.987388421478045,5.976,0.756,4,40.30799260679796,40.30799260679796,8.794903151619343,6,"ANT1,ANT2,ANT4,ANT8,ANT7,ANT5",,,cyclostationary_coherent_fold,0.996,669.2842847568503,0.023537175492250793,0.9454870849919205,156.0,False,0.4842127705352566,64.40205941996327,/srv/bulk/samteway/lab-data/tracking-fast-timing-20260903-v6/captures/fast-200us-5771000000-tx2-20260903T211254.646108Z/run.json
200,5772000000,0,TX1,1500,666.6666666666666,True,,,92.1339406630573,92.1339406630573,64.17919180829387,95.616,12.096,64,23.80543309210026,23.80543309210026,7.05998265446688,6,"ANT1,ANT2,ANT4,ANT8,ANT7,ANT5",,,cyclostationary_coherent_fold,0.996,669.2883698187043,0.021220937673169987,0.9578521539437503,98.25,False,0.47686187243175016,48.90598484741518,/srv/bulk/samteway/lab-data/tracking-fast-timing-20260903-v6/captures/fast-200us-5772000000-tx1-20260903T211309.294498Z/run.json
200,5772000000,1,TX2,1500,666.6666666666666,True,0.7690321315596913,-1.8038,63.024004669745956,63.024004669745956,16.9566707457692,5.976,0.756,4,28.772871475520667,28.772871475520667,7.561659653644639,6,"ANT1,ANT2,ANT4,ANT8,ANT7,ANT5",29.0,,cyclostationary_coherent_fold,0.996,669.2894629344448,0.024148326619319954,0.9381383770632032,182.5,True,0.7618949600172705,18.643139178522517,/srv/bulk/samteway/lab-data/tracking-fast-timing-20260903-v6/captures/fast-200us-5772000000-tx2-20260903T211322.408778Z/run.json
200,5773000000,0,TX1,1500,666.6666666666666,True,,,90.97679469765275,90.97679469765275,65.39355634886257,95.616,12.096,64,22.580417696894898,22.580417696894898,7.018688075855279,6,"ANT1,ANT2,ANT4,ANT8,ANT7,ANT5",,,cyclostationary_coherent_fold,0.996,669.2129447232159,0.020466545855756035,0.9466108651296031,98.5,False,0.48319892549269433,48.80006233565915,/srv/bulk/samteway/lab-data/tracking-fast-timing-20260903-v6/captures/fast-200us-5773000000-tx1-20260903T211336.697039Z/run.json
200,5773000000,1,TX2,1500,666.6666666666666,True,0.6012624897580688,-1.8076,72.49803508006973,72.49803508006973,25.26621737764801,,,,,,,6,"ANT1,ANT2,ANT4,ANT8,ANT7,ANT5",,,cyclostationary_coherent_fold,0.996,669.3008358752794,0.024186426598983356,0.9006371714419479,157.25,False,0.4727555563706742,67.5238515851126,/srv/bulk/samteway/lab-data/tracking-fast-timing-20260903-v6/captures/fast-200us-5773000000-tx2-20260903T211349.608172Z/run.json
200,5774000000,0,TX1,1500,666.6666666666666,True,,,92.72843425623138,92.72843425623138,62.79094060657149,95.616,12.096,64,24.467829079438925,24.467829079438925,6.839198790224347,6,"ANT1,ANT2,ANT4,ANT8,ANT7,ANT5",,,cyclostationary_coherent_fold,0.996,669.2749450921235,0.02122059476962346,0.9569058261918786,98.75,False,0.5086958691439576,45.61842858904206,/srv/bulk/samteway/lab-data/tracking-fast-timing-20260903-v6/captures/fast-200us-5774000000-tx1-20260903T211404.835826Z/run.json
200,5774000000,1,TX2,1500,666.6666666666666,True,0.7920064420631024,-1.8088000000000002,59.72379476840599,59.72379476840599,15.213352582863637,5.976,0.756,4,28.637043974563344,28.637043974563344,6.753737004693345,6,"ANT1,ANT2,ANT4,ANT8,ANT7,ANT5",,12.0,cyclostationary_coherent_fold,0.996,669.2180962525254,0.024822836496258435,0.9563607888531688,183.0,True,0.7473972139948877,19.075145964278665,/srv/bulk/samteway/lab-data/tracking-fast-timing-20260903-v6/captures/fast-200us-5774000000-tx2-20260903T211418.353809Z/run.json
200,5775000000,0,TX1,1500,666.6666666666666,True,,,90.17876973150987,90.17876973150987,69.2981703246437,191.232,24.192,128,14.824998393962245,14.824998393962245,9.039950941817088,6,"ANT1,ANT2,ANT4,ANT8,ANT7,ANT5",,,cyclostationary_coherent_fold,0.996,669.2084351379924,0.020357511189656178,0.9357669099326604,161.25,True,0.7159968807629837,38.90087323042236,/srv/bulk/samteway/lab-data/tracking-fast-timing-20260903-v6/captures/fast-200us-5775000000-tx1-20260903T211433.034263Z/run.json
200,5775000000,1,TX2,1500,666.6666666666666,True,0.6733562616340528,-1.8052000000000001,63.33582104557299,63.33582104557299,18.62415659633683,5.976,0.756,4,39.12629559952114,39.12629559952114,8.779119586276023,6,"ANT1,ANT2,ANT4,ANT8,ANT7,ANT5",,,cyclostationary_coherent_fold,0.996,669.2731226897516,0.024074486321968295,0.9160399597268383,156.75,False,0.472501811831914,66.29709687435765,/srv/bulk/samteway/lab-data/tracking-fast-timing-20260903-v6/captures/fast-200us-5775000000-tx2-20260903T211446.934945Z/run.json
200,5776000000,0,TX1,1500,666.6666666666666,True,,,91.40426148846537,91.40426148846537,62.86299936164176,47.808,6.048,32,30.442650480716107,30.442650480716107,9.816501707765001,6,"ANT1,ANT2,ANT4,ANT8,ANT7,ANT5",,,cyclostationary_coherent_fold,0.996,669.1552666241944,0.022477237085164928,0.9527639726207872,98.25,True,0.5261518087010593,43.76304659122759,/srv/bulk/samteway/lab-data/tracking-fast-timing-20260903-v6/captures/fast-200us-5776000000-tx1-20260903T211501.593468Z/run.json
200,5776000000,1,TX2,1500,666.6666666666666,True,0.7773867787166046,-1.8088000000000002,59.568951658550745,59.568951658550745,16.186448415050258,5.976,0.756,4,27.231826581050218,27.231826581050218,7.098812223845903,6,"ANT1,ANT2,ANT4,ANT8,ANT7,ANT5",26.0,20.0,cyclostationary_coherent_fold,0.996,669.2404894917576,0.025487985118660048,0.9524297106497038,183.25,True,0.7344250344327589,19.68987162339762,/srv/bulk/samteway/lab-data/tracking-fast-timing-20260903-v6/captures/fast-200us-5776000000-tx2-20260903T211514.999491Z/run.json
200,5777000000,0,TX1,1500,666.6666666666666,True,,,91.70660360688949,91.70660360688949,63.739433403159275,47.84,6.048,32,26.884034550691148,26.884034550691148,9.759443518900996,6,"ANT1,ANT2,ANT4,ANT8,ANT7,ANT5",,,cyclostationary_coherent_fold,0.9966666666666667,669.049971545334,0.022064143779125165,0.9570626348284996,98.0,False,0.5174273104834328,45.27352643140956,/srv/bulk/samteway/lab-data/tracking-fast-timing-20260903-v6/captures/fast-200us-5777000000-tx1-20260903T211530.172939Z/run.json
200,5777000000,1,TX2,1500,666.6666666666666,True,0.5794505021694635,-1.8084,72.10570214131735,72.10570214131735,28.7459142575669,,,,,,,6,"ANT1,ANT2,ANT4,ANT8,ANT7,ANT5",,,cyclostationary_coherent_fold,0.9966666666666667,669.0665176671943,0.025073747865886814,0.9323442845915647,303.25,True,0.6174288881262165,27.902200539226996,/srv/bulk/samteway/lab-data/tracking-fast-timing-20260903-v6/captures/fast-200us-5777000000-tx2-20260903T211543.353934Z/run.json
200,5778000000,0,TX1,1500,666.6666666666666,True,,,89.96595772599811,89.96595772599811,60.1023910924257,95.616,12.096,64,18.756834869369786,18.756834869369786,6.722580099325904,6,"ANT1,ANT2,ANT4,ANT8,ANT7,ANT5",,,cyclostationary_coherent_fold,0.996,669.1307829811285,0.023722208839460916,0.9441846808928249,98.5,True,0.5340972651509736,43.07249547294418,/srv/bulk/samteway/lab-data/tracking-fast-timing-20260903-v6/captures/fast-200us-5778000000-tx1-20260903T211607.425753Z/run.json
200,5778000000,1,TX2,1500,666.6666666666666,True,0.7850230740004059,-1.8084,59.126902376833584,59.126902376833584,15.333319312967356,5.976,0.756,4,25.955146604106982,25.955146604106982,6.644968911713841,6,"ANT1,ANT2,ANT4,ANT8,ANT7,ANT5",,11.0,cyclostationary_coherent_fold,0.996,669.165120807889,0.026622353415255144,0.9613154300024963,183.25,True,0.7160523608833307,20.56521132526745,/srv/bulk/samteway/lab-data/tracking-fast-timing-20260903-v6/captures/fast-200us-5778000000-tx2-20260903T211620.610974Z/run.json
200,5779000000,0,TX1,1500,666.6666666666666,True,,,88.24424928509366,88.24424928509366,61.79125423152587,47.808,6.048,32,24.348042278410954,24.348042278410954,9.925015209568466,6,"ANT1,ANT2,ANT4,ANT8,ANT7,ANT5",,,cyclostationary_coherent_fold,0.996,669.2259769971625,0.021761473106424453,0.9412799691367599,97.5,True,0.5553587179087063,41.72400410196751,/srv/bulk/samteway/lab-data/tracking-fast-timing-20260903-v6/captures/fast-200us-5779000000-tx1-20260903T211635.091013Z/run.json
200,5779000000,1,TX2,1500,666.6666666666666,True,0.777086778294586,-1.8086,58.6631214640149,58.6631214640149,15.688453515437981,5.976,0.756,4,26.443170338052262,26.443170338052262,6.545454978656629,6,"ANT1,ANT2,ANT4,ANT8,ANT7,ANT5",21.0,11.0,cyclostationary_coherent_fold,0.996,669.2535417712014,0.0251030252349388,0.9515158768145886,183.25,True,0.7084551367358289,20.887611106233788,/srv/bulk/samteway/lab-data/tracking-fast-timing-20260903-v6/captures/fast-200us-5779000000-tx2-20260903T211647.708558Z/run.json
200,5780000000,0,TX1,1500,666.6666666666666,True,,,88.49645834871649,88.49645834871649,63.914286647847625,95.616,12.096,64,21.42873083374733,21.42873083374733,7.333298928677966,6,"ANT1,ANT2,ANT4,ANT8,ANT7,ANT5",,,cyclostationary_coherent_fold,0.996,669.2400953323128,0.022673793356515242,0.9543622798086847,97.25,True,0.5716352141735248,40.00798194813283,/srv/bulk/samteway/lab-data/tracking-fast-timing-20260903-v6/captures/fast-200us-5780000000-tx1-20260903T211702.218324Z/run.json
200,5780000000,1,TX2,1500,666.6666666666666,True,0.703263226349874,-1.8122,64.10173499826762,64.10173499826762,21.17573928976827,11.952,1.512,8,21.078193076348267,21.078193076348267,9.205714786410562,6,"ANT1,ANT2,ANT4,ANT8,ANT7,ANT5",,,cyclostationary_coherent_fold,0.996,669.2637527097805,0.02512161113924685,0.9259473284872708,182.0,True,0.712606931400924,20.957334772299774,/srv/bulk/samteway/lab-data/tracking-fast-timing-20260903-v6/captures/fast-200us-5780000000-tx2-20260903T211714.985525Z/run.json
200,5781000000,0,TX1,1500,666.6666666666666,True,,,84.453927194875,84.453927194875,60.98068503884921,47.808,6.048,32,20.494912101573814,20.494912101573814,9.8415430604122,6,"ANT1,ANT2,ANT4,ANT8,ANT7,ANT5",,,cyclostationary_coherent_fold,0.996,669.2469829426321,0.0242899653913702,0.9531345301033838,161.75,True,0.7606748336499873,25.07936646008815,/srv/bulk/samteway/lab-data/tracking-fast-timing-20260903-v6/captures/fast-200us-5781000000-tx1-20260903T211729.137326Z/run.json
200,5781000000,1,TX2,1500,666.6666666666666,True,0.7627323225952388,-1.8090000000000002,60.384832083921744,60.384832083921744,16.402775611866176,5.976,0.756,4,27.603330708438055,27.603330708438055,6.929946152500936,6,"ANT1,ANT2,ANT4,ANT8,ANT7,ANT5",,12.0,cyclostationary_coherent_fold,0.996,669.210496384376,0.02609622091463784,0.9669982795474407,183.5,True,0.6957489903834018,21.102733176273546,/srv/bulk/samteway/lab-data/tracking-fast-timing-20260903-v6/captures/fast-200us-5781000000-tx2-20260903T211742.080914Z/run.json
200,5782000000,0,TX1,1500,666.6666666666666,True,,,84.1212825968864,84.1212825968864,59.192893585031946,47.808,6.048,32,22.67432782248037,22.67432782248037,9.514465333892455,6,"ANT1,ANT2,ANT4,ANT8,ANT7,ANT5",,,cyclostationary_coherent_fold,0.996,669.1329728571114,0.023472891860646525,0.9472037681355687,96.75,True,0.6107812414602392,38.07258367545707,/srv/bulk/samteway/lab-data/tracking-fast-timing-20260903-v6/captures/fast-200us-5782000000-tx1-20260903T211757.281553Z/run.json
200,5782000000,1,TX2,1500,666.6666666666666,True,0.7392867996084878,-1.8082,63.39634554668256,63.39634554668256,17.447492181668274,5.976,0.756,4,29.855459538197795,29.855459538197795,7.4384910791523415,6,"ANT1,ANT2,ANT4,ANT8,ANT7,ANT5",22.0,20.0,cyclostationary_coherent_fold,0.996,669.2527507299791,0.025292664716574764,0.9472426661531962,183.25,True,0.6892897523693305,21.430583786626055,/srv/bulk/samteway/lab-data/tracking-fast-timing-20260903-v6/captures/fast-200us-5782000000-tx2-20260903T211810.978311Z/run.json
200,5783000000,0,TX1,1500,666.6666666666666,True,,,81.74326537523926,81.74326537523926,58.108010429728495,47.808,6.048,32,15.985133137878934,15.985133137878934,8.815098169095377,6,"ANT1,ANT2,ANT4,ANT8,ANT7,ANT5",,,cyclostationary_coherent_fold,0.996,669.2228461903103,0.02493488819393551,0.9621903540596249,96.25,True,0.6206586433059355,38.78995728014688,/srv/bulk/samteway/lab-data/tracking-fast-timing-20260903-v6/captures/fast-200us-5783000000-tx1-20260903T211825.526069Z/run.json
200,5783000000,1,TX2,1500,666.6666666666666,True,0.7064430561814117,-1.8092000000000001,65.63812262976957,65.63812262976957,19.759298612236382,5.976,0.756,4,29.361222592220678,29.361222592220678,8.138118415674395,6,"ANT1,ANT2,ANT4,ANT8,ANT7,ANT5",,19.0,cyclostationary_coherent_fold,0.996,669.248955768926,0.027087207194056676,0.9457544666864092,183.0,True,0.6896698798117658,21.32996933837179,/srv/bulk/samteway/lab-data/tracking-fast-timing-20260903-v6/captures/fast-200us-5783000000-tx2-20260903T211847.899382Z/run.json
200,5784000000,0,TX1,1500,666.6666666666666,True,,,81.10156779273467,81.10156779273467,60.4239535650073,47.808,6.048,32,16.573505535272965,16.573505535272965,9.409413818271021,6,"ANT1,ANT2,ANT4,ANT8,ANT7,ANT5",,,cyclostationary_coherent_fold,0.996,669.2029577125393,0.024599100972680053,0.9588674697743702,95.25,True,0.6271107335604975,37.40517576474656,/srv/bulk/samteway/lab-data/tracking-fast-timing-20260903-v6/captures/fast-200us-5784000000-tx1-20260903T211902.549591Z/run.json
200,5784000000,1,TX2,1500,666.6666666666666,True,0.7460287648471843,-1.808,58.56491135791486,58.56491135791486,17.133225327846397,5.976,0.756,4,27.35916297139666,27.35916297139666,7.170847372178856,6,"ANT1,ANT2,ANT4,ANT8,ANT7,ANT5",,18.0,cyclostationary_coherent_fold,0.996,669.1366661574403,0.02619674804335928,0.9491002711624361,183.25,True,0.685136722866515,21.27212937411276,/srv/bulk/samteway/lab-data/tracking-fast-timing-20260903-v6/captures/fast-200us-5784000000-tx2-20260903T211916.154661Z/run.json
200,5785000000,0,TX1,1500,666.6666666666666,True,,,81.7237836974252,81.7237836974252,56.00738742599725,47.84,6.048,32,16.24997138886247,16.24997138886247,8.35612742117705,6,"ANT1,ANT2,ANT4,ANT8,ANT7,ANT5",,,cyclostationary_coherent_fold,0.9966666666666667,669.0545702636098,0.0240577155281804,0.9602214692183985,94.5,True,0.6333769340324386,39.11900966576076,/srv/bulk/samteway/lab-data/tracking-fast-timing-20260903-v6/captures/fast-200us-5785000000-tx1-20260903T211936.040125Z/run.json
200,5785000000,1,TX2,1500,666.6666666666666,True,0.6859149504348604,-1.8082,68.47693516487413,68.47693516487413,20.28865389118847,5.98,0.756,4,32.91974860089311,32.91974860089311,8.767696858091714,6,"ANT1,ANT2,ANT4,ANT8,ANT7,ANT5",,,cyclostationary_coherent_fold,0.9966666666666667,669.1010549981586,0.02519499631863408,0.9405246288423917,183.25,True,0.6792234461983725,21.21942265765982,/srv/bulk/samteway/lab-data/tracking-fast-timing-20260903-v6/captures/fast-200us-5785000000-tx2-20260903T211949.788537Z/run.json
200,5786000000,0,TX1,1500,666.6666666666666,True,,,84.1312931031817,84.1312931031817,59.39755343211394,47.808,6.048,32,18.90783012381788,18.90783012381788,8.711372654309313,6,"ANT1,ANT2,ANT4,ANT8,ANT7,ANT5",,,cyclostationary_coherent_fold,0.996,669.2022912663448,0.02331035647509281,0.9543612717508146,94.5,True,0.6534085046703716,37.66144564105608,/srv/bulk/samteway/lab-data/tracking-fast-timing-20260903-v6/captures/fast-200us-5786000000-tx1-20260903T212004.206261Z/run.json
200,5786000000,1,TX2,1500,666.6666666666666,True,0.7038967933854906,-1.8064000000000002,65.0964304274645,65.0964304274645,19.13038881681591,5.976,0.756,4,31.45910485825075,31.45910485825075,8.045545430482706,6,"ANT1,ANT2,ANT4,ANT8,ANT7,ANT5",,,cyclostationary_coherent_fold,0.996,669.2196318655263,0.02689021658340423,0.9539614724878579,183.5,True,0.6793065599986486,21.184453760594543,/srv/bulk/samteway/lab-data/tracking-fast-timing-20260903-v6/captures/fast-200us-5786000000-tx2-20260903T212017.190978Z/run.json
200,5787000000,0,TX1,1500,666.6666666666666,True,,,82.60969868657739,82.60969868657739,55.95372115928716,47.808,6.048,32,19.489352506918696,19.489352506918696,8.49123497065977,6,"ANT1,ANT2,ANT4,ANT8,ANT7,ANT5",,,cyclostationary_coherent_fold,0.996,669.1951425429229,0.024135081630362498,0.9642976664370064,94.25,True,0.6637316159149047,37.747911980351546,/srv/bulk/samteway/lab-data/tracking-fast-timing-20260903-v6/captures/fast-200us-5787000000-tx1-20260903T212031.460634Z/run.json
200,5787000000,1,TX2,1500,666.6666666666666,True,0.7395008424416855,-1.8092000000000001,60.79844289467131,60.79844289467131,16.889417815131047,5.976,0.756,4,26.33434359420858,26.33434359420858,6.957335066148185,6,"ANT1,ANT2,ANT4,ANT8,ANT7,ANT5",21.0,13.0,cyclostationary_coherent_fold,0.996,669.2552930159819,0.026345573613178925,0.947575792396118,184.0,True,0.6745881257995264,21.486171482825096,/srv/bulk/samteway/lab-data/tracking-fast-timing-20260903-v6/captures/fast-200us-5787000000-tx2-20260903T212044.157620Z/run.json
200,5788000000,0,TX1,1500,666.6666666666666,True,,,82.3685739579218,82.3685739579218,54.63102054799958,47.808,6.048,32,21.342041610285737,21.342041610285737,8.257078345111903,6,"ANT1,ANT2,ANT4,ANT8,ANT7,ANT5",,,cyclostationary_coherent_fold,0.996,669.3110917651687,0.025263763041247906,0.9694305207641227,93.25,True,0.6669631254587247,38.84101768728618,/srv/bulk/samteway/lab-data/tracking-fast-timing-20260903-v6/captures/fast-200us-5788000000-tx1-20260903T212058.097065Z/run.json
200,5788000000,1,TX2,1500,666.6666666666666,True,0.739621053655156,-1.8084,59.327511311395924,59.327511311395924,16.774770412354414,5.976,0.756,4,27.11227282674783,27.11227282674783,6.884367011187974,6,"ANT1,ANT2,ANT4,ANT8,ANT7,ANT5",20.0,11.0,cyclostationary_coherent_fold,0.996,669.2374324984985,0.027407691007984476,0.9726237980391348,184.25,True,0.6721809955200936,21.930461460269335,/srv/bulk/samteway/lab-data/tracking-fast-timing-20260903-v6/captures/fast-200us-5788000000-tx2-20260903T212110.693966Z/run.json
200,5789000000,0,TX1,1500,666.6666666666666,True,,,86.28258377865164,86.28258377865164,62.66336365588253,191.232,24.192,128,17.756510024804772,17.756510024804772,8.672867114190833,6,"ANT1,ANT2,ANT4,ANT8,ANT7,ANT5",,,cyclostationary_coherent_fold,0.996,669.1710832033162,0.025059767745795616,0.9239434286270418,92.75,True,0.6845961835570028,34.63337591366985,/srv/bulk/samteway/lab-data/tracking-fast-timing-20260903-v6/captures/fast-200us-5789000000-tx1-20260903T212124.711495Z/run.json
200,5789000000,1,TX2,1500,666.6666666666666,True,0.7269491972453785,-1.8088000000000002,61.23943579584021,61.23943579584021,17.367071153518904,5.976,0.756,4,27.12343698974801,27.12343698974801,7.17575735815759,6,"ANT1,ANT2,ANT4,ANT8,ANT7,ANT5",29.0,,cyclostationary_coherent_fold,0.996,669.2191776082977,0.027852130211523576,0.959807994259519,184.25,True,0.6718935251785184,21.953026465271712,/srv/bulk/samteway/lab-data/tracking-fast-timing-20260903-v6/captures/fast-200us-5789000000-tx2-20260903T212138.733749Z/run.json
200,5790000000,0,TX1,1500,666.6666666666666,True,,,84.5455116140515,84.5455116140515,54.923567784526995,47.808,6.048,32,18.314805846007495,18.314805846007495,7.982536321298637,6,"ANT1,ANT2,ANT4,ANT8,ANT7,ANT5",,,cyclostationary_coherent_fold,0.996,669.1809019486908,0.025570422300645962,0.9692341767808661,91.75,True,0.6752334363102543,39.6992332507706,/srv/bulk/samteway/lab-data/tracking-fast-timing-20260903-v6/captures/fast-200us-5790000000-tx1-20260903T212206.002467Z/run.json
200,5790000000,1,TX2,1500,666.6666666666666,True,0.717260663276682,-1.8090000000000002,64.34593571386768,64.34593571386768,17.67223117950104,5.98,0.756,4,31.712840637492057,31.712840637492057,7.749640529918894,6,"ANT1,ANT2,ANT4,ANT8,ANT7,ANT5",29.0,,cyclostationary_coherent_fold,0.9966666666666667,669.051915015045,0.027392069998470693,0.9550841638835493,184.25,True,0.6676821739113672,22.731551767006724,/srv/bulk/samteway/lab-data/tracking-fast-timing-20260903-v6/captures/fast-200us-5790000000-tx2-20260903T212219.867319Z/run.json
200,5791000000,0,TX1,1500,666.6666666666666,True,,,87.8323108753803,87.8323108753803,53.0289658752575,47.84,6.048,32,24.311886252483667,24.311886252483667,7.861754844500806,6,"ANT1,ANT2,ANT4,ANT8,ANT7,ANT5",,,cyclostationary_coherent_fold,0.9966666666666667,669.1013277866308,0.025641203833709398,0.9699279935016492,90.75,True,0.6750036733932758,43.10545492287331,/srv/bulk/samteway/lab-data/tracking-fast-timing-20260903-v6/captures/fast-200us-5791000000-tx1-20260903T212234.295459Z/run.json
200,5791000000,1,TX2,1500,666.6666666666666,True,0.7148736999976052,-1.8090000000000002,65.19043011804192,65.19043011804192,17.783540522211286,5.976,0.756,4,30.113866706762614,30.113866706762614,7.442457198968165,6,"ANT1,ANT2,ANT4,ANT8,ANT7,ANT5",23.0,22.0,cyclostationary_coherent_fold,0.996,669.1518896491032,0.027778084252946866,0.9703556189439527,184.5,True,0.6699290575774379,22.840189873606207,/srv/bulk/samteway/lab-data/tracking-fast-timing-20260903-v6/captures/fast-200us-5791000000-tx2-20260903T212247.585280Z/run.json
200,5792000000,0,TX1,1500,666.6666666666666,True,,,88.84414692731713,88.84414692731713,55.143765430300725,47.84,6.048,32,25.183125227700163,25.183125227700163,7.910905930962312,6,"ANT1,ANT2,ANT4,ANT8,ANT7,ANT5",,,cyclostationary_coherent_fold,0.9966666666666667,669.0915857957611,0.024607692062775462,0.9615595186857807,89.5,True,0.682723668922915,42.442917623369574,/srv/bulk/samteway/lab-data/tracking-fast-timing-20260903-v6/captures/fast-200us-5792000000-tx1-20260903T212301.616434Z/run.json
200,5792000000,1,TX2,1500,666.6666666666666,True,0.644136648354187,-1.803,72.33662761120759,72.33662761120759,23.362214975093128,23.92,3.024,16,20.635000266123537,20.635000266123537,9.853171699726198,6,"ANT1,ANT2,ANT4,ANT8,ANT7,ANT5",,,cyclostationary_coherent_fold,0.9966666666666667,669.0993647570061,0.028538711043578965,0.9414895760648555,183.75,True,0.677842416913887,22.75708143843583,/srv/bulk/samteway/lab-data/tracking-fast-timing-20260903-v6/captures/fast-200us-5792000000-tx2-20260903T212313.986172Z/run.json
200,5793000000,0,TX1,1500,666.6666666666666,True,,,90.30395138916616,90.30395138916616,51.869736721624946,47.84,6.048,32,30.13719091232131,30.13719091232131,7.8825897971255285,6,"ANT1,ANT2,ANT4,ANT8,ANT7,ANT5",,,cyclostationary_coherent_fold,0.9966666666666667,669.0651145523087,0.02620714868156097,0.9722308424381039,89.0,True,0.6792169750702186,44.673091059368005,/srv/bulk/samteway/lab-data/tracking-fast-timing-20260903-v6/captures/fast-200us-5793000000-tx1-20260903T212328.178878Z/run.json
200,5793000000,1,TX2,1500,666.6666666666666,True,0.7309217218319947,-1.808,62.3103613306853,62.3103613306853,16.17534399539598,5.98,0.756,4,31.54340184647715,31.54340184647715,7.155921550018748,6,"ANT1,ANT2,ANT4,ANT8,ANT7,ANT5",17.0,16.0,cyclostationary_coherent_fold,0.9966666666666667,669.0564813743001,0.02811083658868377,0.9669976816826795,185.0,True,0.6584037163754692,24.439840998519088,/srv/bulk/samteway/lab-data/tracking-fast-timing-20260903-v6/captures/fast-200us-5793000000-tx2-20260903T212340.898656Z/run.json
200,5794000000,0,TX1,1500,666.6666666666666,True,,,90.97672350304775,90.97672350304775,49.60054350494818,47.84,6.048,32,36.463653298867506,36.463653298867506,7.335281042883756,6,"ANT1,ANT2,ANT4,ANT8,ANT7,ANT5",,,cyclostationary_coherent_fold,0.9966666666666667,669.1138920469799,0.026503626481843238,0.9699262907846218,88.0,True,0.6873351857269375,44.557639420583364,/srv/bulk/samteway/lab-data/tracking-fast-timing-20260903-v6/captures/fast-200us-5794000000-tx1-20260903T212355.080723Z/run.json
200,5794000000,1,TX2,1500,666.6666666666666,True,0.6889557292099896,-1.8054000000000001,70.24049302023114,70.24049302023114,18.525536725138945,5.976,0.756,4,36.68779522710975,36.68779522710975,8.705670942129322,6,"ANT1,ANT2,ANT4,ANT8,ANT7,ANT5",,,cyclostationary_coherent_fold,0.996,669.1585618768675,0.029334589827319315,0.9557197360844499,184.5,True,0.6562572065439953,24.76452397694159,/srv/bulk/samteway/lab-data/tracking-fast-timing-20260903-v6/captures/fast-200us-5794000000-tx2-20260903T212407.452940Z/run.json
200,5795000000,0,TX1,1500,666.6666666666666,True,,,95.5595689478429,95.5595689478429,49.39043302651328,47.808,6.048,32,43.22250971958461,43.22250971958461,7.145093678821182,6,"ANT1,ANT2,ANT4,ANT8,ANT7,ANT5",,,cyclostationary_coherent_fold,0.996,669.2175794796105,0.026095778543287425,0.9735940623085452,87.5,True,0.6965207014545967,42.284122558483546,/srv/bulk/samteway/lab-data/tracking-fast-timing-20260903-v6/captures/fast-200us-5795000000-tx1-20260903T212421.459031Z/run.json
200,5795000000,1,TX2,1500,666.6666666666666,True,0.7132017805260324,-1.8074000000000001,65.00503072009765,65.00503072009765,16.30984269524375,5.976,0.756,4,31.359213101623588,31.359213101623588,7.182885542530491,6,"ANT1,ANT2,ANT4,ANT8,ANT7,ANT5",,,cyclostationary_coherent_fold,0.996,669.2904418778095,0.028172061797496015,0.9634894371983442,185.0,True,0.6433768134186281,26.26808081118454,/srv/bulk/samteway/lab-data/tracking-fast-timing-20260903-v6/captures/fast-200us-5795000000-tx2-20260903T212433.874115Z/run.json
200,5796000000,0,TX1,1500,666.6666666666666,True,,,96.42631177844314,68.53621482140616,48.884320752511286,47.808,6.048,32,72.07607704969006,9.682867874526565,7.896752011381389,5,"ANT2,ANT4,ANT8,ANT7,ANT5",29.0,20.0,cyclostationary_coherent_fold,0.996,669.2182802207859,0.027079729494794546,0.9723997626401797,86.5,True,0.6956104784962956,39.349860095740006,/srv/bulk/samteway/lab-data/tracking-fast-timing-20260903-v6/captures/fast-200us-5796000000-tx1-20260903T212447.986633Z/run.json
200,5796000000,1,TX2,1500,666.6666666666666,True,0.6551204471507942,-1.8098,74.85055600161152,74.85055600161152,19.490593726732897,5.976,0.756,4,39.10599614364334,39.10599614364334,9.087619587597848,6,"ANT1,ANT2,ANT4,ANT8,ANT7,ANT5",,,cyclostationary_coherent_fold,0.996,669.2423732621579,0.029199514742740847,0.9414492448058741,184.0,True,0.6411446228824609,26.46355867409583,/srv/bulk/samteway/lab-data/tracking-fast-timing-20260903-v6/captures/fast-200us-5796000000-tx2-20260903T212500.225077Z/run.json
200,5797000000,0,TX1,1500,666.6666666666666,True,,,99.2464930471011,70.71350212771382,50.470581244914214,23.904,3.024,16,79.35781853432725,14.006253986839297,9.945702765748834,5,"ANT2,ANT4,ANT8,ANT7,ANT5",27.0,16.0,cyclostationary_coherent_fold,0.996,669.1810816243642,0.02708683748535603,0.9699051429478868,86.25,True,0.7018121860626502,31.131585551229954,/srv/bulk/samteway/lab-data/tracking-fast-timing-20260903-v6/captures/fast-200us-5797000000-tx1-20260903T212514.223215Z/run.json
200,5797000000,1,TX2,1500,666.6666666666666,True,0.6241488056510367,-1.8094000000000001,68.25946430606173,68.25946430606173,18.658691190252796,5.976,0.756,4,37.10278764228031,37.10278764228031,9.055009765873368,6,"ANT1,ANT2,ANT4,ANT8,ANT7,ANT5",,,cyclostationary_coherent_fold,0.996,669.1680056580485,0.02893060494346293,0.9565018416325424,154.5,False,0.3897158434061025,87.31030469543481,/srv/bulk/samteway/lab-data/tracking-fast-timing-20260903-v6/captures/fast-200us-5797000000-tx2-20260903T212526.703404Z/run.json
200,5798000000,0,TX1,1500,666.6666666666666,True,,,100.20895941754537,69.80396043980598,47.481081681906474,23.904,3.024,16,86.45217032404133,14.174713954325604,9.6906164990372,5,"ANT2,ANT4,ANT8,ANT7,ANT5",,12.0,cyclostationary_coherent_fold,0.996,669.2402473837532,0.02741407142860733,0.9772691832070853,85.25,True,0.6829891455223651,37.802089233251806,/srv/bulk/samteway/lab-data/tracking-fast-timing-20260903-v6/captures/fast-200us-5798000000-tx1-20260903T212540.824296Z/run.json
200,5798000000,1,TX2,1500,666.6666666666666,True,0.682609290470087,-1.8088000000000002,71.63167591405525,71.63167591405525,16.90696104746612,5.98,0.756,4,36.33627673305134,36.33627673305134,7.831283097125503,6,"ANT1,ANT2,ANT4,ANT8,ANT7,ANT5",,,cyclostationary_coherent_fold,0.9966666666666667,669.110515311128,0.028833596788459898,0.962478026995649,185.0,True,0.625487551612082,28.33772428808153,/srv/bulk/samteway/lab-data/tracking-fast-timing-20260903-v6/captures/fast-200us-5798000000-tx2-20260903T212553.504377Z/run.json
200,5799000000,0,TX1,1500,666.6666666666666,True,,,86.90619888551402,86.90619888551402,53.18995627927013,47.808,6.048,32,24.72931528777202,24.72931528777202,8.99718645903787,6,"ANT1,ANT2,ANT4,ANT8,ANT7,ANT5",29.0,25.0,cyclostationary_coherent_fold,0.996,669.2527760659696,0.026830267932642645,0.963625701033853,85.5,False,0.5976289028529478,69.44906285195798,/srv/bulk/samteway/lab-data/tracking-fast-timing-20260903-v6/captures/fast-200us-5799000000-tx1-20260903T212607.886736Z/run.json
200,5799000000,1,TX2,1500,666.6666666666666,True,0.7079434947681448,-1.808,66.38441231081254,66.38441231081254,14.660832959054783,5.976,0.756,4,32.55950276554493,32.55950276554493,6.540066235680883,6,"ANT1,ANT2,ANT4,ANT8,ANT7,ANT5",,19.0,cyclostationary_coherent_fold,0.996,669.1306466091015,0.028263523267879283,0.9610746140570534,185.5,True,0.6138013384438593,30.015386043576086,/srv/bulk/samteway/lab-data/tracking-fast-timing-20260903-v6/captures/fast-200us-5799000000-tx2-20260903T212620.555713Z/run.json
200,5800000000,0,TX1,1500,666.6666666666666,True,,,100.28202518346697,81.04988527850111,73.4387601474512,47.808,6.048,32,66.87599130092944,14.98996041643067,9.269779357034693,5,"ANT2,ANT4,ANT8,ANT7,ANT5",,,cyclostationary_coherent_fold,0.996,669.23663717727,0.016556887266401473,0.9565903150462978,84.0,True,0.6860515548439444,23.27853131667235,/srv/bulk/samteway/lab-data/tracking-fast-timing-20260903-v6/captures/fast-200us-5800000000-tx1-20260903T212634.784215Z/run.json
200,5800000000,1,TX2,1500,666.6666666666666,True,0.5024306775482862,-1.8072000000000001,84.48264501560547,84.48264501560547,29.614772334709688,5.976,0.756,4,41.598247922568405,41.598247922568405,7.995676723869872,6,"ANT1,ANT2,ANT4,ANT8,ANT7,ANT5",,20.0,cyclostationary_coherent_fold,0.996,669.2472758512281,0.02245697805289882,0.9683372469307849,185.25,True,0.599119450506117,31.897278409966084,/srv/bulk/samteway/lab-data/tracking-fast-timing-20260903-v6/captures/fast-200us-5800000000-tx2-20260903T212647.632091Z/run.json
200,5801000000,0,TX1,1500,666.6666666666666,True,,,90.93589213041788,90.93589213041788,55.557160794207874,47.808,6.048,32,29.74521949658098,29.74521949658098,9.745876503557662,6,"ANT1,ANT2,ANT4,ANT8,ANT7,ANT5",,,cyclostationary_coherent_fold,0.996,669.1868765403689,0.025414260555288108,0.9387371715439776,84.75,False,0.6013438437465701,69.69879729158676,/srv/bulk/samteway/lab-data/tracking-fast-timing-20260903-v6/captures/fast-200us-5801000000-tx1-20260903T212701.849603Z/run.json
200,5801000000,1,TX2,1500,666.6666666666666,True,0.677559804079884,-1.8090000000000002,73.82162454730654,73.82162454730654,15.009047261467924,5.976,0.756,4,44.67935025308342,44.67935025308342,7.371781444490162,6,"ANT1,ANT2,ANT4,ANT8,ANT7,ANT5",,,cyclostationary_coherent_fold,0.996,669.1808821314406,0.028427947204170818,0.9593114505668006,185.25,False,0.5897363258689601,32.6473050573554,/srv/bulk/samteway/lab-data/tracking-fast-timing-20260903-v6/captures/fast-200us-5801000000-tx2-20260903T212714.219279Z/run.json
200,5802000000,0,TX1,1500,666.6666666666666,True,,,96.56287730911299,96.56287730911299,47.769659749674524,47.808,6.048,32,53.860337885171084,53.860337885171084,7.234215920018156,6,"ANT1,ANT2,ANT4,ANT8,ANT7,ANT5",,15.0,cyclostationary_coherent_fold,0.996,669.1654926132893,0.026529469329249985,0.968142145957464,83.75,True,0.677557231006519,21.308204846367843,/srv/bulk/samteway/lab-data/tracking-fast-timing-20260903-v6/captures/fast-200us-5802000000-tx1-20260903T212728.459858Z/run.json
200,5802000000,1,TX2,1500,666.6666666666666,True,0.6946753793921442,-1.8088000000000002,71.04664764428317,71.04664764428317,13.382417138950167,5.976,0.756,4,41.72365364829264,41.72365364829264,6.6098171318544905,6,"ANT1,ANT2,ANT4,ANT8,ANT7,ANT5",28.0,,cyclostationary_coherent_fold,0.996,669.1517873819637,0.030147137614253923,0.9804375862319424,185.5,False,0.5842045545283941,32.47712179410337,/srv/bulk/samteway/lab-data/tracking-fast-timing-20260903-v6/captures/fast-200us-5802000000-tx2-20260903T212741.125925Z/run.json
200,5803000000,0,TX1,1500,666.6666666666666,True,,,98.42009286954249,65.05919835110802,41.15656295995668,23.904,3.024,16,72.85603161916205,13.053364329651906,8.532263243101756,5,"ANT2,ANT4,ANT8,ANT7,ANT5",27.0,6.0,cyclostationary_coherent_fold,0.996,669.2696961152125,0.029034614204077196,0.9830418202707725,82.75,True,0.663067267727055,21.961628343813913,/srv/bulk/samteway/lab-data/tracking-fast-timing-20260903-v6/captures/fast-200us-5803000000-tx1-20260903T212755.229380Z/run.json
200,5803000000,1,TX2,1500,666.6666666666666,True,0.65337205027939,-1.808,76.91123546358179,74.93805568240847,15.661562741001145,5.976,0.756,4,47.7029714644597,46.77567159810547,7.715687290769294,5,"ANT1,ANT4,ANT8,ANT7,ANT5",,,cyclostationary_coherent_fold,0.996,669.1488128494801,0.02957031011119617,0.9662579602981382,185.0,False,0.573098226710266,33.50932520704004,/srv/bulk/samteway/lab-data/tracking-fast-timing-20260903-v6/captures/fast-200us-5803000000-tx2-20260903T212808.968070Z/run.json
200,5804000000,0,TX1,1500,666.6666666666666,True,,,95.51185518160977,65.56991946310097,41.2883172675942,23.904,3.024,16,70.22819686477213,14.837635540707328,8.792804866625762,5,"ANT2,ANT4,ANT8,ANT7,ANT5",25.0,8.0,cyclostationary_coherent_fold,0.996,669.1875202183951,0.029182268735304228,0.9819625418625383,82.5,True,0.6609717831392659,22.368659188054426,/srv/bulk/samteway/lab-data/tracking-fast-timing-20260903-v6/captures/fast-200us-5804000000-tx1-20260903T212822.954584Z/run.json
200,5804000000,1,TX2,1500,666.6666666666666,True,0.676621451271623,-1.8078,75.25471635860723,15.745740253135182,13.44019651932146,2.988,0.378,2,65.34389649580878,10.599394039074054,9.942064485670043,4,"ANT1,ANT8,ANT7,ANT5",14.0,10.0,cyclostationary_coherent_fold,0.996,669.2407692188784,0.03063824541769863,0.9766552775487457,185.5,False,0.5631190023244986,34.73156912806805,/srv/bulk/samteway/lab-data/tracking-fast-timing-20260903-v6/captures/fast-200us-5804000000-tx2-20260903T212836.227798Z/run.json
200,5805000000,0,TX1,1500,666.6666666666666,True,,,92.14428287823486,92.14428287823486,39.3047744254357,23.904,3.024,16,52.30424225457107,52.30424225457107,8.375311767894125,6,"ANT1,ANT2,ANT4,ANT8,ANT7,ANT5",,18.0,cyclostationary_coherent_fold,0.996,669.1975277301208,0.030351834460496746,0.9836567883394883,82.0,True,0.6680583187102588,23.077250046333063,/srv/bulk/samteway/lab-data/tracking-fast-timing-20260903-v6/captures/fast-200us-5805000000-tx1-20260903T212850.657802Z/run.json
200,5805000000,1,TX2,1500,666.6666666666666,True,0.5665849219474312,-1.8084,82.40927054483956,50.387518830656205,16.707566400439823,5.976,0.756,4,56.986611983023245,25.587783215575676,8.370027165895443,4,"ANT1,ANT2,ANT7,ANT5",,,cyclostationary_coherent_fold,0.996,669.1705989215411,0.03003387570942284,0.9671214300066852,24.75,False,0.42077377115022874,79.27568464412444,/srv/bulk/samteway/lab-data/tracking-fast-timing-20260903-v6/captures/fast-200us-5805000000-tx2-20260903T212903.513675Z/run.json
200,5806000000,0,TX1,1500,666.6666666666666,True,,,88.91169333535788,88.91169333535788,39.04158682328679,23.904,3.024,16,45.926088883923505,45.926088883923505,8.564287647945514,6,"ANT1,ANT2,ANT4,ANT8,ANT7,ANT5",,,cyclostationary_coherent_fold,0.996,669.1358886816572,0.030480968079694026,0.9747619318085051,81.75,True,0.6591358036732445,25.582334951361908,/srv/bulk/samteway/lab-data/tracking-fast-timing-20260903-v6/captures/fast-200us-5806000000-tx1-20260903T212917.477352Z/run.json
200,5806000000,1,TX2,1500,666.6666666666666,True,0.5689656905060992,-1.81,84.17032787353058,52.44753383451691,15.453276940458709,5.976,0.756,4,56.69899832994585,27.83898584215256,7.876825563223414,4,"ANT1,ANT2,ANT7,ANT5",,,cyclostationary_coherent_fold,0.996,669.130489711245,0.03148616214624705,0.9727763126834195,23.5,False,0.4125331313787869,82.23879207793576,/srv/bulk/samteway/lab-data/tracking-fast-timing-20260903-v6/captures/fast-200us-5806000000-tx2-20260903T212930.190258Z/run.json
200,5807000000,0,TX1,1500,666.6666666666666,True,,,87.86366887918426,87.86366887918426,42.70271360594534,23.92,3.024,16,42.26737151357115,42.26737151357115,9.731738595609025,6,"ANT1,ANT2,ANT4,ANT8,ANT7,ANT5",,,cyclostationary_coherent_fold,0.9966666666666667,669.1007186954562,0.029537681874950955,0.9745605781033698,149.5,False,0.4941738486876241,47.64246189169028,/srv/bulk/samteway/lab-data/tracking-fast-timing-20260903-v6/captures/fast-200us-5807000000-tx1-20260903T212944.869595Z/run.json
200,5807000000,1,TX2,1500,666.6666666666666,True,0.6517128042893762,-1.8082,82.67620890393312,15.110026402377693,12.57240649725786,2.99,0.378,2,74.39766169678664,10.974096402158395,9.668199295523474,4,"ANT1,ANT8,ANT7,ANT5",20.0,9.0,cyclostationary_coherent_fold,0.9966666666666667,669.0621170124224,0.03264830903547459,0.978105779257406,185.0,False,0.5373273197631483,36.310962530937445,/srv/bulk/samteway/lab-data/tracking-fast-timing-20260903-v6/captures/fast-200us-5807000000-tx2-20260903T212957.491068Z/run.json
200,5808000000,0,TX1,1500,666.6666666666666,True,,,84.05334582625633,84.05334582625633,48.520073651234924,47.808,6.048,32,22.878747454864858,22.878747454864858,8.418849315024222,6,"ANT1,ANT2,ANT4,ANT8,ANT7,ANT5",,,cyclostationary_coherent_fold,0.996,669.1677995247975,0.02707871861859751,0.9549300405180866,81.5,True,0.6282926332254245,31.594222884976425,/srv/bulk/samteway/lab-data/tracking-fast-timing-20260903-v6/captures/fast-200us-5808000000-tx1-20260903T213011.946967Z/run.json
200,5808000000,1,TX2,1500,666.6666666666666,True,0.6266993245250723,-1.8090000000000002,86.18136420850489,18.55150157384382,14.35290225609264,5.976,0.756,4,63.831759475349756,10.000954442839664,7.7449381311765535,4,"ANT1,ANT8,ANT7,ANT5",,,cyclostationary_coherent_fold,0.996,669.1685007750245,0.03004147378021743,0.9730205244839244,184.0,False,0.5378644131760091,33.500521351881375,/srv/bulk/samteway/lab-data/tracking-fast-timing-20260903-v6/captures/fast-200us-5808000000-tx2-20260903T213025.055606Z/run.json
200,5809000000,0,TX1,1500,666.6666666666666,True,,,81.68434799920165,81.68434799920165,40.9344735775834,23.904,3.024,16,29.166995158632357,29.166995158632357,8.835357923162858,6,"ANT1,ANT2,ANT4,ANT8,ANT7,ANT5",,,cyclostationary_coherent_fold,0.996,669.1934984666007,0.029928180491384564,0.9759540328833193,81.0,True,0.6426051392852871,29.700471674169222,/srv/bulk/samteway/lab-data/tracking-fast-timing-20260903-v6/captures/fast-200us-5809000000-tx1-20260903T213039.557232Z/run.json
200,5809000000,1,TX2,1500,666.6666666666666,True,0.6580036101615288,-1.8092000000000001,83.2315260081727,13.322395441038204,11.194223340123333,2.988,0.378,2,75.68975578920055,9.46087957343687,8.412084582116627,4,"ANT1,ANT8,ANT7,ANT5",10.0,9.0,cyclostationary_coherent_fold,0.996,669.2052025917039,0.03344988775222816,0.9757071236357544,184.75,False,0.5273553145944926,36.1812623504074,/srv/bulk/samteway/lab-data/tracking-fast-timing-20260903-v6/captures/fast-200us-5809000000-tx2-20260903T213052.579699Z/run.json
200,5810000000,0,TX1,1500,666.6666666666666,True,,,81.50696662835708,81.50696662835708,46.30095678018784,47.84,6.048,32,25.281360680598713,25.281360680598713,8.059016036538926,6,"ANT1,ANT2,ANT4,ANT8,ANT7,ANT5",,25.0,cyclostationary_coherent_fold,0.9966666666666667,669.0947534238237,0.027810446738720643,0.9707383542911339,82.0,True,0.6464420492983203,30.58301317075811,/srv/bulk/samteway/lab-data/tracking-fast-timing-20260903-v6/captures/fast-200us-5810000000-tx1-20260903T213106.890416Z/run.json
200,5810000000,1,TX2,1500,666.6666666666666,True,0.6397004389147705,-1.808,86.7372636423821,15.069682374307618,11.73639731353635,2.988,0.378,2,80.57966279192416,10.352529654206135,8.747638591057774,4,"ANT1,ANT8,ANT7,ANT5",17.0,14.0,cyclostationary_coherent_fold,0.996,669.202868307001,0.03374251178777924,0.9788219119108937,184.75,False,0.5172271363864247,37.287334456004615,/srv/bulk/samteway/lab-data/tracking-fast-timing-20260903-v6/captures/fast-200us-5810000000-tx2-20260903T213119.950040Z/run.json
200,5811000000,0,TX1,1500,666.6666666666666,True,,,79.84275659368684,79.84275659368684,40.258565282542484,23.904,3.024,16,22.15889587650303,22.15889587650303,8.34212834745147,6,"ANT1,ANT2,ANT4,ANT8,ANT7,ANT5",,,cyclostationary_coherent_fold,0.996,669.1450139578593,0.030446640499933904,0.9795750801933799,81.0,True,0.6485526449622518,29.976929502823882,/srv/bulk/samteway/lab-data/tracking-fast-timing-20260903-v6/captures/fast-200us-5811000000-tx1-20260903T213133.733492Z/run.json
200,5811000000,1,TX2,1500,666.6666666666666,True,0.6351460248242261,-1.8090000000000002,89.5437763847093,14.988278085166115,11.487402061231121,2.99,0.378,2,84.29256651163298,10.635602673840035,8.631797163073552,4,"ANT1,ANT8,ANT7,ANT5",28.0,20.0,cyclostationary_coherent_fold,0.9966666666666667,669.0589433959057,0.03256537100486141,0.9777864064438619,45.25,False,0.5127964399932678,45.10886162618317,/srv/bulk/samteway/lab-data/tracking-fast-timing-20260903-v6/captures/fast-200us-5811000000-tx2-20260903T213146.542985Z/run.json
200,5812000000,0,TX1,1500,666.6666666666666,True,,,74.96379116332838,74.96379116332838,49.67567364475044,382.464,48.384,256,18.32650036962332,18.32650036962332,9.051468700523897,6,"ANT1,ANT2,ANT4,ANT8,ANT7,ANT5",,,cyclostationary_coherent_fold,0.996,669.1840684504571,0.025413653245507553,0.9725597226189324,82.5,True,0.6337551715055065,33.68093954649603,/srv/bulk/samteway/lab-data/tracking-fast-timing-20260903-v6/captures/fast-200us-5812000000-tx1-20260903T213200.599821Z/run.json
200,5812000000,1,TX2,1500,666.6666666666666,True,0.6381617510486698,-1.8092000000000001,91.83639067182793,14.678970811792341,11.073064848083574,2.988,0.378,2,88.48905706290468,10.201781070972766,8.092885854104358,4,"ANT1,ANT8,ANT7,ANT5",27.0,14.0,cyclostationary_coherent_fold,0.996,669.2164582857293,0.032605129370737604,0.9796719807031752,45.25,False,0.5092626486373336,47.69279823157427,/srv/bulk/samteway/lab-data/tracking-fast-timing-20260903-v6/captures/fast-200us-5812000000-tx2-20260903T213212.908521Z/run.json
200,5813000000,0,TX1,1500,666.6666666666666,True,,,73.03541675455547,73.03541675455547,43.115896019951,23.92,3.024,16,18.822467000950756,18.822467000950756,8.600808532255312,6,"ANT1,ANT2,ANT4,ANT8,ANT7,ANT5",,17.0,cyclostationary_coherent_fold,0.9966666666666667,669.1109445198798,0.029264583907161138,0.9765672530166204,80.75,True,0.657398657277471,30.58499716159815,/srv/bulk/samteway/lab-data/tracking-fast-timing-20260903-v6/captures/fast-200us-5813000000-tx1-20260903T213226.965143Z/run.json
200,5813000000,1,TX2,1500,666.6666666666666,True,0.6412473257573873,-1.8090000000000002,90.36433540039626,14.31907884308139,10.700070114538693,2.99,0.378,2,84.30665722804595,10.158561751873767,8.019814853846896,4,"ANT1,ANT8,ANT7,ANT5",20.0,13.0,cyclostationary_coherent_fold,0.9966666666666667,669.070490947923,0.03184449928233389,0.983272823331519,45.25,False,0.5096751263454287,51.05295444351154,/srv/bulk/samteway/lab-data/tracking-fast-timing-20260903-v6/captures/fast-200us-5813000000-tx2-20260903T213239.555567Z/run.json
200,5814000000,0,TX1,1500,666.6666666666666,True,,,68.42670626437622,68.42670626437622,39.593469608946975,23.92,3.024,16,15.649253975863864,15.649253975863864,8.049449630775523,6,"ANT1,ANT2,ANT4,ANT8,ANT7,ANT5",,22.0,cyclostationary_coherent_fold,0.9966666666666667,669.0854154649526,0.029338150770926705,0.981828170086907,80.5,True,0.6466531491699014,31.453886470598345,/srv/bulk/samteway/lab-data/tracking-fast-timing-20260903-v6/captures/fast-200us-5814000000-tx1-20260903T213253.236153Z/run.json
200,5814000000,1,TX2,1500,666.6666666666666,True,0.6219977262296533,-1.8098,90.98472175723845,17.86363207974509,13.173921563725616,5.976,0.756,4,77.57052551542115,10.269984072537376,7.713501741615646,4,"ANT1,ANT8,ANT7,ANT5",,,cyclostationary_coherent_fold,0.996,669.1502127230748,0.029887417716557355,0.976962902130469,183.25,False,0.5133200185394043,32.77856155853519,/srv/bulk/samteway/lab-data/tracking-fast-timing-20260903-v6/captures/fast-200us-5814000000-tx2-20260903T213305.835210Z/run.json
200,5815000000,0,TX1,1500,666.6666666666666,True,,,71.10339015657947,71.10339015657947,51.218498720367386,95.616,12.096,64,12.230916174850716,12.230916174850716,8.885391871595179,6,"ANT1,ANT2,ANT4,ANT8,ANT7,ANT5",,,cyclostationary_coherent_fold,0.996,669.1858945217633,0.0263416419225531,0.9534823781152463,144.0,False,0.48130304807133684,43.138730249284706,/srv/bulk/samteway/lab-data/tracking-fast-timing-20260903-v6/captures/fast-200us-5815000000-tx1-20260903T213319.665017Z/run.json
200,5815000000,1,TX2,1500,666.6666666666666,True,0.6345156341262504,-1.8090000000000002,93.61813925688888,15.041169735889243,10.754418834654793,2.988,0.378,2,89.62411229868003,10.492645541562835,7.948708765259904,4,"ANT1,ANT8,ANT7,ANT5",16.0,7.0,cyclostationary_coherent_fold,0.996,669.1700901206281,0.03068299953584928,0.9780294906655587,45.25,False,0.5122012082717716,53.42964376680367,/srv/bulk/samteway/lab-data/tracking-fast-timing-20260903-v6/captures/fast-200us-5815000000-tx2-20260903T213332.093821Z/run.json
200,5816000000,0,TX1,1500,666.6666666666666,True,,,67.90665130448387,67.90665130448387,41.601984373285035,23.92,3.024,16,17.068672711696376,17.068672711696376,8.367049656652531,6,"ANT1,ANT2,ANT4,ANT8,ANT7,ANT5",,,cyclostationary_coherent_fold,0.9966666666666667,669.1059744758618,0.0282550835213278,0.9830456541033932,80.5,True,0.644774804434492,31.897584175333677,/srv/bulk/samteway/lab-data/tracking-fast-timing-20260903-v6/captures/fast-200us-5816000000-tx1-20260903T213345.870161Z/run.json
200,5816000000,1,TX2,1500,666.6666666666666,True,0.62516804681999,-1.8090000000000002,93.61868839549756,16.78888222472871,12.531113546915794,2.988,0.378,2,89.59621757806757,11.829957719102623,9.698746039970022,4,"ANT1,ANT8,ANT7,ANT5",,,cyclostationary_coherent_fold,0.996,669.2555924902514,0.028534854702337593,0.9754449030671665,183.0,False,0.5076043992225171,34.30855055505968,/srv/bulk/samteway/lab-data/tracking-fast-timing-20260903-v6/captures/fast-200us-5816000000-tx2-20260903T213358.270434Z/run.json
200,5817000000,0,TX1,1500,666.6666666666666,True,,,70.75195198889914,70.75195198889914,40.66628337930251,23.92,3.024,16,16.763995270702083,16.763995270702083,7.960682154326536,6,"ANT1,ANT2,ANT4,ANT8,ANT7,ANT5",,23.0,cyclostationary_coherent_fold,0.9966666666666667,669.0859220485356,0.027664856836726964,0.9822010085049875,80.75,True,0.6534829676510776,30.90360274444476,/srv/bulk/samteway/lab-data/tracking-fast-timing-20260903-v6/captures/fast-200us-5817000000-tx1-20260903T213412.197190Z/run.json
200,5817000000,1,TX2,1500,666.6666666666666,True,0.628536457542577,-1.8084,96.46453250071387,16.098601725400048,11.322187354961793,2.988,0.378,2,93.06275189308205,11.124575703771505,8.384284003296147,4,"ANT1,ANT8,ANT7,ANT5",,23.0,cyclostationary_coherent_fold,0.996,669.1613704365585,0.029034282359869323,0.976497191795781,182.75,False,0.4996806492900645,40.10213782982462,/srv/bulk/samteway/lab-data/tracking-fast-timing-20260903-v6/captures/fast-200us-5817000000-tx2-20260903T213424.815716Z/run.json
200,5818000000,0,TX1,1500,666.6666666666666,True,,,70.52888132453567,70.52888132453567,40.095842477815935,23.904,3.024,16,15.756321018385737,15.756321018385737,7.83461657920882,6,"ANT1,ANT2,ANT4,ANT8,ANT7,ANT5",,,cyclostationary_coherent_fold,0.996,669.1703078115098,0.02665756384277516,0.9785147099586109,80.5,True,0.6496634282757566,31.462077902723127,/srv/bulk/samteway/lab-data/tracking-fast-timing-20260903-v6/captures/fast-200us-5818000000-tx1-20260903T213438.718861Z/run.json
200,5818000000,1,TX2,1500,666.6666666666666,True,0.6436271275294458,-1.8090000000000002,96.48502847596163,14.06851354790806,10.047518338153814,2.988,0.378,2,92.53450226139238,9.79201437778358,7.350948100357569,4,"ANT1,ANT8,ANT7,ANT5",18.0,13.0,cyclostationary_coherent_fold,0.996,669.234606754262,0.029145629227450984,0.9738006428554217,45.0,False,0.49660243833393725,62.68907414349684,/srv/bulk/samteway/lab-data/tracking-fast-timing-20260903-v6/captures/fast-200us-5818000000-tx2-20260903T213451.853483Z/run.json
200,5819000000,0,TX1,1500,666.6666666666666,True,,,72.4828482679502,72.4828482679502,42.45690617984165,23.904,3.024,16,19.163758198239076,19.163758198239076,8.496236357631721,6,"ANT1,ANT2,ANT4,ANT8,ANT7,ANT5",,,cyclostationary_coherent_fold,0.996,669.2158454091435,0.027163696092522092,0.9822284131637881,80.5,True,0.648507224989817,31.244175155994537,/srv/bulk/samteway/lab-data/tracking-fast-timing-20260903-v6/captures/fast-200us-5819000000-tx1-20260903T213505.749411Z/run.json
200,5819000000,1,TX2,1500,666.6666666666666,True,0.6491316269660933,-1.8086,94.92456937352145,13.748544745697782,10.0134618514219,2.99,0.378,2,90.83921757051932,9.732465259933806,7.517375624442984,4,"ANT1,ANT8,ANT7,ANT5",21.0,9.0,cyclostationary_coherent_fold,0.9966666666666667,669.1099821260552,0.02760749917168338,0.9754498596298132,183.0,False,0.49647784279713814,46.22869247658378,/srv/bulk/samteway/lab-data/tracking-fast-timing-20260903-v6/captures/fast-200us-5819000000-tx2-20260903T213518.420200Z/run.json
200,5820000000,0,TX1,1500,666.6666666666666,True,,,73.797516108606,73.797516108606,43.17424678916453,23.904,3.024,16,18.051734994530538,18.051734994530538,9.213360187003712,6,"ANT1,ANT2,ANT4,ANT8,ANT7,ANT5",,,cyclostationary_coherent_fold,0.996,669.2623737962668,0.025840530136778367,0.9779023527911903,80.5,True,0.6269646128464295,32.949068085434824,/srv/bulk/samteway/lab-data/tracking-fast-timing-20260903-v6/captures/fast-200us-5820000000-tx1-20260903T213532.474759Z/run.json
200,5820000000,1,TX2,1500,666.6666666666666,True,0.6678302732235211,-1.8098,93.12506336345137,12.095385187445503,9.302563999850285,1.494,0.189,1,93.12506336345137,12.095385187445503,9.302563999850285,4,"ANT1,ANT8,ANT7,ANT5",11.0,7.0,cyclostationary_coherent_fold,0.996,669.1628208358106,0.028505684706959623,0.9801126508274766,183.0,False,0.49789602380322245,49.11728958087739,/srv/bulk/samteway/lab-data/tracking-fast-timing-20260903-v6/captures/fast-200us-5820000000-tx2-20260903T213545.041162Z/run.json
200,5821000000,0,TX1,1500,666.6666666666666,True,,,75.79255826011796,75.79255826011796,43.13670988488874,23.904,3.024,16,21.101220081523262,21.101220081523262,8.753678099528006,6,"ANT1,ANT2,ANT4,ANT8,ANT7,ANT5",,,cyclostationary_coherent_fold,0.996,669.2020695481909,0.026924569484983854,0.9770309194088855,80.75,True,0.6362073350431228,31.982384240675422,/srv/bulk/samteway/lab-data/tracking-fast-timing-20260903-v6/captures/fast-200us-5821000000-tx1-20260903T213559.538486Z/run.json
200,5821000000,1,TX2,1500,666.6666666666666,True,0.676346148414081,-1.8088000000000002,93.77399619590615,11.985283994674292,9.330256871797353,1.494,0.189,1,93.77399619590615,11.985283994674292,9.330256871797353,4,"ANT1,ANT8,ANT7,ANT5",16.0,6.0,cyclostationary_coherent_fold,0.996,669.1457402769879,0.026837922217770916,0.9802597217297778,182.75,False,0.49822257245349516,54.30001845640766,/srv/bulk/samteway/lab-data/tracking-fast-timing-20260903-v6/captures/fast-200us-5821000000-tx2-20260903T213612.380696Z/run.json
200,5822000000,0,TX1,1500,666.6666666666666,True,,,77.39231097423689,77.39231097423689,41.39867105714767,23.92,3.024,16,20.593892889370768,20.593892889370768,8.042833664212493,6,"ANT1,ANT2,ANT4,ANT8,ANT7,ANT5",,,cyclostationary_coherent_fold,0.9966666666666667,669.0536324567005,0.027193150819955523,0.9806712980135353,80.75,True,0.6374599704430911,31.539489691151655,/srv/bulk/samteway/lab-data/tracking-fast-timing-20260903-v6/captures/fast-200us-5822000000-tx1-20260903T213626.310173Z/run.json
200,5822000000,1,TX2,1500,666.6666666666666,True,0.6639683511948717,-1.8084,94.83271990485372,14.05303185639055,10.59226589896759,2.99,0.378,2,91.6295532491782,10.341972688156163,8.111596229017675,4,"ANT1,ANT8,ANT7,ANT5",,,cyclostationary_coherent_fold,0.9966666666666667,669.0326812342956,0.026812527612050552,0.9681498213207034,182.0,False,0.5000344154236054,57.27455451855699,/srv/bulk/samteway/lab-data/tracking-fast-timing-20260903-v6/captures/fast-200us-5822000000-tx2-20260903T213639.143700Z/run.json
200,5823000000,0,TX1,1500,666.6666666666666,True,,,78.14028000254035,78.14028000254035,45.79131716455267,23.904,3.024,16,24.775956427290076,24.775956427290076,9.450293484728304,6,"ANT1,ANT2,ANT4,ANT8,ANT7,ANT5",,,cyclostationary_coherent_fold,0.996,669.1359224106319,0.026334778766590936,0.9667458308251693,81.75,True,0.6355409931524416,32.97971777192712,/srv/bulk/samteway/lab-data/tracking-fast-timing-20260903-v6/captures/fast-200us-5823000000-tx1-20260903T213653.990338Z/run.json
200,5823000000,1,TX2,1500,666.6666666666666,True,0.692676245951617,-1.8088000000000002,92.39560190124604,11.699975263759786,9.206394210688245,1.494,0.189,1,92.39560190124604,11.699975263759786,9.206394210688245,4,"ANT1,ANT8,ANT7,ANT5",19.0,12.0,cyclostationary_coherent_fold,0.996,669.182858456162,0.029437302614305865,0.9815231668569514,182.5,False,0.5011645270718634,55.60983811381317,/srv/bulk/samteway/lab-data/tracking-fast-timing-20260903-v6/captures/fast-200us-5823000000-tx2-20260903T213707.478205Z/run.json
200,5824000000,0,TX1,1500,666.6666666666666,True,,,81.07229820127002,81.07229820127002,39.269401257893854,23.904,3.024,16,24.90036140602095,24.90036140602095,8.126204551190396,6,"ANT1,ANT2,ANT4,ANT8,ANT7,ANT5",,,cyclostationary_coherent_fold,0.996,669.1522623395522,0.03108125921265671,0.9859533121383338,80.75,True,0.6188360434586885,32.98806385366648,/srv/bulk/samteway/lab-data/tracking-fast-timing-20260903-v6/captures/fast-200us-5824000000-tx1-20260903T213721.808280Z/run.json
200,5824000000,1,TX2,1500,666.6666666666666,True,0.6734552641436465,-1.8090000000000002,98.00983335487639,65.37312479533627,10.806948683377993,2.988,0.378,2,94.50091310557535,51.721960897110804,7.895732810755889,5,"ANT1,ANT2,ANT8,ANT7,ANT5",29.0,,cyclostationary_coherent_fold,0.996,669.2757992213417,0.03066262750741867,0.9633446516924304,182.0,False,0.5067960407582193,52.4544337802144,/srv/bulk/samteway/lab-data/tracking-fast-timing-20260903-v6/captures/fast-200us-5824000000-tx2-20260903T213734.973813Z/run.json
200,5825000000,0,TX1,1500,666.6666666666666,True,,,79.21629630217632,79.21629630217632,39.895723516162164,23.904,3.024,16,25.513939648853793,25.513939648853793,8.568790116701495,6,"ANT1,ANT2,ANT4,ANT8,ANT7,ANT5",,26.0,cyclostationary_coherent_fold,0.996,669.250608349713,0.03022258754574004,0.9824637854712907,81.0,True,0.6199680464146473,33.136730629923,/srv/bulk/samteway/lab-data/tracking-fast-timing-20260903-v6/captures/fast-200us-5825000000-tx1-20260903T213749.430667Z/run.json
200,5825000000,1,TX2,1500,666.6666666666666,True,0.691692673693665,-1.8092000000000001,95.05201001484826,59.24218067481443,10.134804129609595,2.988,0.378,2,91.76990058709933,45.21379274455365,7.474105824599846,5,"ANT1,ANT2,ANT8,ANT7,ANT5",26.0,19.0,cyclostationary_coherent_fold,0.996,669.1636138349467,0.030996331443537445,0.9704666700999466,182.75,False,0.5118904604097415,41.05152499013061,/srv/bulk/samteway/lab-data/tracking-fast-timing-20260903-v6/captures/fast-200us-5825000000-tx2-20260903T213802.440696Z/run.json
200,5826000000,0,TX1,1500,666.6666666666666,True,,,79.21513910750814,79.21513910750814,38.98059725741314,23.904,3.024,16,20.563192562180593,20.563192562180593,7.856026263679042,6,"ANT1,ANT2,ANT4,ANT8,ANT7,ANT5",,,cyclostationary_coherent_fold,0.996,669.2490033450065,0.03387767981010506,0.9801451791079516,80.25,True,0.6116731826616505,34.89051818364568,/srv/bulk/samteway/lab-data/tracking-fast-timing-20260903-v6/captures/fast-200us-5826000000-tx1-20260903T213816.307139Z/run.json
200,5826000000,1,TX2,1500,666.6666666666666,True,0.7209237543890251,-1.8092000000000001,89.96741186174252,52.50605635403884,9.165591785782908,1.494,0.189,1,89.96741186174252,52.50605635403884,9.165591785782908,5,"ANT1,ANT2,ANT8,ANT7,ANT5",24.0,15.0,cyclostationary_coherent_fold,0.996,669.2376268812807,0.03383714341680619,0.9797594927854004,183.0,False,0.5036499834804024,57.43829670857965,/srv/bulk/samteway/lab-data/tracking-fast-timing-20260903-v6/captures/fast-200us-5826000000-tx2-20260903T213828.802178Z/run.json
200,5827000000,0,TX1,1500,666.6666666666666,True,,,80.83012744963027,80.83012744963027,40.011778797864594,23.904,3.024,16,23.964549412162913,23.964549412162913,8.28130160369619,6,"ANT1,ANT2,ANT4,ANT8,ANT7,ANT5",,,cyclostationary_coherent_fold,0.996,669.2068259061078,0.03592200235202178,0.9791396557873433,80.0,True,0.602549001629749,36.428337312968594,/srv/bulk/samteway/lab-data/tracking-fast-timing-20260903-v6/captures/fast-200us-5827000000-tx1-20260903T213842.873301Z/run.json
200,5827000000,1,TX2,1500,666.6666666666666,True,0.7060217000333663,-1.8086,92.38106609945801,51.90929515046388,11.114093594231651,2.988,0.378,2,87.18708619814936,36.47715236352647,8.296197105725483,5,"ANT1,ANT2,ANT8,ANT7,ANT5",,,cyclostationary_coherent_fold,0.996,669.2095862960188,0.03597488854337617,0.9527732411583493,182.25,False,0.5134751837795203,55.84387410035083,/srv/bulk/samteway/lab-data/tracking-fast-timing-20260903-v6/captures/fast-200us-5827000000-tx2-20260903T213855.556107Z/run.json
200,5828000000,0,TX1,1500,666.6666666666666,True,,,77.55883740935285,77.55883740935285,43.78477795395378,23.904,3.024,16,20.653444486881895,20.653444486881895,8.97324030085034,6,"ANT1,ANT2,ANT4,ANT8,ANT7,ANT5",,,cyclostationary_coherent_fold,0.996,669.1894584681496,0.03590923379426812,0.9703679900675155,79.75,True,0.6003182054796687,36.589971008835164,/srv/bulk/samteway/lab-data/tracking-fast-timing-20260903-v6/captures/fast-200us-5828000000-tx1-20260903T213909.607608Z/run.json
200,5828000000,1,TX2,1500,666.6666666666666,True,0.7212749809200188,-1.8106,90.59359406521122,47.061087094232214,10.28457198334355,2.988,0.378,2,83.32715202075488,32.4171450024257,7.481012614532165,5,"ANT1,ANT2,ANT8,ANT7,ANT5",,,cyclostationary_coherent_fold,0.996,669.2317385151927,0.03491147382732512,0.9616636755854281,183.0,False,0.5137976576544988,53.01361134842698,/srv/bulk/samteway/lab-data/tracking-fast-timing-20260903-v6/captures/fast-200us-5828000000-tx2-20260903T213922.194445Z/run.json
200,5829000000,0,TX1,1500,666.6666666666666,True,,,79.21732003708694,79.21732003708694,43.52451968691896,23.904,3.024,16,24.19849756899018,24.19849756899018,8.604435010723858,6,"ANT1,ANT2,ANT4,ANT8,ANT7,ANT5",,,cyclostationary_coherent_fold,0.996,669.177389148756,0.03796992498402219,0.9635917888091547,79.75,True,0.59824770373415,37.68845536836475,/srv/bulk/samteway/lab-data/tracking-fast-timing-20260903-v6/captures/fast-200us-5829000000-tx1-20260903T213936.357162Z/run.json
200,5829000000,1,TX2,1500,666.6666666666666,True,0.7446860293157674,-1.8090000000000002,85.86228511110546,42.72183173163386,9.496794810409847,1.494,0.189,1,85.86228511110546,42.72183173163386,9.496794810409847,5,"ANT1,ANT2,ANT8,ANT7,ANT5",,21.0,cyclostationary_coherent_fold,0.996,669.2021741465481,0.03820584462025106,0.9647388864177286,183.25,False,0.5047538521023863,61.72996672757586,/srv/bulk/samteway/lab-data/tracking-fast-timing-20260903-v6/captures/fast-200us-5829000000-tx2-20260903T213949.268412Z/run.json
200,5830000000,0,TX1,1500,666.6666666666666,True,,,78.3508956898562,78.3508956898562,41.078673899387084,23.904,3.024,16,25.08252971354976,25.08252971354976,8.992877001994026,6,"ANT1,ANT2,ANT4,ANT8,ANT7,ANT5",,,cyclostationary_coherent_fold,0.996,669.1854469479584,0.03788267666982864,0.9716920247538839,78.0,True,0.5903331846418289,37.9634953731987,/srv/bulk/samteway/lab-data/tracking-fast-timing-20260903-v6/captures/fast-200us-5830000000-tx1-20260903T214003.676440Z/run.json
200,5830000000,1,TX2,1500,666.6666666666666,True,0.7577475059904075,-1.8090000000000002,84.1948380549274,38.138804108552705,9.082921495649419,1.494,0.189,1,84.1948380549274,38.138804108552705,9.082921495649419,5,"ANT1,ANT2,ANT8,ANT7,ANT5",18.0,17.0,cyclostationary_coherent_fold,0.996,669.198049775732,0.0384765513005334,0.9723838413478024,183.75,False,0.5051868213286094,59.56966024356383,/srv/bulk/samteway/lab-data/tracking-fast-timing-20260903-v6/captures/fast-200us-5830000000-tx2-20260903T214016.537520Z/run.json
200,5831000000,0,TX1,1500,666.6666666666666,True,,,77.79203813665679,77.79203813665679,45.423089175719205,23.904,3.024,16,20.643726983588564,20.643726983588564,9.871403080795973,6,"ANT1,ANT2,ANT4,ANT8,ANT7,ANT5",,,cyclostationary_coherent_fold,0.996,669.1252737022588,0.039010329630624466,0.9638577624329522,78.5,True,0.5785409521784277,40.59090196533735,/srv/bulk/samteway/lab-data/tracking-fast-timing-20260903-v6/captures/fast-200us-5831000000-tx1-20260903T214030.636259Z/run.json
200,5831000000,1,TX2,1500,666.6666666666666,True,0.783687708978849,-1.8088000000000002,78.12972244994397,33.071442140301755,8.492987723632416,1.494,0.189,1,78.12972244994397,33.071442140301755,8.492987723632416,5,"ANT1,ANT2,ANT8,ANT7,ANT5",28.0,14.0,cyclostationary_coherent_fold,0.996,669.1371820605947,0.04130929347881349,0.9761043488639756,184.0,False,0.502791224711283,61.73997404520727,/srv/bulk/samteway/lab-data/tracking-fast-timing-20260903-v6/captures/fast-200us-5831000000-tx2-20260903T214043.549630Z/run.json
200,5832000000,0,TX1,1500,666.6666666666666,True,,,76.71928200936489,76.71928200936489,45.38818796778403,47.808,6.048,32,18.66941909391241,18.66941909391241,8.184913924048795,6,"ANT1,ANT2,ANT4,ANT8,ANT7,ANT5",,,cyclostationary_coherent_fold,0.996,669.175961717797,0.039541253724646334,0.9640979478821725,77.25,True,0.5738185572512052,39.44548879216973,/srv/bulk/samteway/lab-data/tracking-fast-timing-20260903-v6/captures/fast-200us-5832000000-tx1-20260903T214058.107116Z/run.json
200,5832000000,1,TX2,1500,666.6666666666666,True,0.79245997323354,-1.8088000000000002,75.95961007079924,30.34497748254865,8.364889664156937,1.494,0.189,1,75.95961007079924,30.34497748254865,8.364889664156937,5,"ANT1,ANT2,ANT8,ANT7,ANT5",,24.0,cyclostationary_coherent_fold,0.996,669.2013364265258,0.041548288251952475,0.9712081563177226,184.0,False,0.5036250174625262,63.01182193388081,/srv/bulk/samteway/lab-data/tracking-fast-timing-20260903-v6/captures/fast-200us-5832000000-tx2-20260903T214111.389579Z/run.json
200,5833000000,0,TX1,1500,666.6666666666666,True,,,75.55261219321025,75.55261219321025,39.936906585426094,23.904,3.024,16,20.705213552371614,20.705213552371614,9.066291159294465,6,"ANT1,ANT2,ANT4,ANT8,ANT7,ANT5",29.0,,cyclostationary_coherent_fold,0.996,669.2207969408595,0.04260718806605916,0.9779037818516607,75.25,True,0.5606872348768631,40.540213585895884,/srv/bulk/samteway/lab-data/tracking-fast-timing-20260903-v6/captures/fast-200us-5833000000-tx1-20260903T214125.530565Z/run.json
200,5833000000,1,TX2,1500,666.6666666666666,True,0.7854998183778839,-1.8076,78.764609768916,28.524978968763534,8.749591083981857,1.494,0.189,1,78.764609768916,28.524978968763534,8.749591083981857,5,"ANT1,ANT2,ANT8,ANT7,ANT5",21.0,20.0,cyclostationary_coherent_fold,0.996,669.2429202293026,0.04372709766911836,0.9622120245411072,184.25,False,0.5080119588046941,61.6867192857973,/srv/bulk/samteway/lab-data/tracking-fast-timing-20260903-v6/captures/fast-200us-5833000000-tx2-20260903T214139.426658Z/run.json
200,5834000000,0,TX1,1500,666.6666666666666,True,,,77.3808879107029,77.3808879107029,42.05770148029824,47.808,6.048,32,18.906927881733306,18.906927881733306,7.363427333441005,6,"ANT1,ANT2,ANT4,ANT8,ANT7,ANT5",,,cyclostationary_coherent_fold,0.996,669.2755152918774,0.04359408767508456,0.973989069358655,73.75,False,0.5584398070528053,40.053341030993224,/srv/bulk/samteway/lab-data/tracking-fast-timing-20260903-v6/captures/fast-200us-5834000000-tx1-20260903T214153.945372Z/run.json
200,5834000000,1,TX2,1500,666.6666666666666,True,0.8207903713100856,-1.8094000000000001,70.50705803865196,22.308258756277155,7.627479029203014,1.494,0.189,1,70.50705803865196,22.308258756277155,7.627479029203014,5,"ANT1,ANT2,ANT8,ANT7,ANT5",20.0,16.0,cyclostationary_coherent_fold,0.996,669.2511027022065,0.04484870641552431,0.9745528548094217,184.5,False,0.5065385553141496,63.50568165402292,/srv/bulk/samteway/lab-data/tracking-fast-timing-20260903-v6/captures/fast-200us-5834000000-tx2-20260903T214206.742198Z/run.json
200,5835000000,0,TX1,1500,666.6666666666666,True,,,79.1937339869274,79.1937339869274,44.42786145890296,47.808,6.048,32,16.940971581849077,16.940971581849077,7.322845918134616,6,"ANT1,ANT2,ANT4,ANT8,ANT7,ANT5",,,cyclostationary_coherent_fold,0.996,669.3006645660424,0.0440686982457353,0.9635398787685774,72.25,False,0.5493057629880693,40.51354049506493,/srv/bulk/samteway/lab-data/tracking-fast-timing-20260903-v6/captures/fast-200us-5835000000-tx1-20260903T214221.082973Z/run.json
200,5835000000,1,TX2,1500,666.6666666666666,True,0.8317486452171386,-1.8090000000000002,68.27531165704926,19.95748785723441,7.322316318151101,1.494,0.189,1,68.27531165704926,19.95748785723441,7.322316318151101,5,"ANT1,ANT2,ANT8,ANT7,ANT5",13.0,11.0,cyclostationary_coherent_fold,0.996,669.2343925500518,0.04277558281047842,0.9785435820864349,184.5,False,0.5087630049191714,64.27101688348502,/srv/bulk/samteway/lab-data/tracking-fast-timing-20260903-v6/captures/fast-200us-5835000000-tx2-20260903T214234.069989Z/run.json
200,5836000000,0,TX1,1500,666.6666666666666,True,,,81.31568844895547,81.31568844895547,45.615844243734784,47.84,6.048,32,18.245790682759925,18.245790682759925,7.3669335488486505,6,"ANT1,ANT2,ANT4,ANT8,ANT7,ANT5",,,cyclostationary_coherent_fold,0.9966666666666667,669.0418796440889,0.04592761665820688,0.9576622961299557,70.75,False,0.5371420593603107,41.31871138008222,/srv/bulk/samteway/lab-data/tracking-fast-timing-20260903-v6/captures/fast-200us-5836000000-tx1-20260903T214254.423720Z/run.json
200,5836000000,1,TX2,1500,666.6666666666666,True,0.8084168208785937,-1.8102,74.03912971989519,22.213000639879027,8.098105786501856,1.494,0.189,1,74.03912971989519,22.213000639879027,8.098105786501856,5,"ANT1,ANT2,ANT8,ANT7,ANT5",23.0,18.0,cyclostationary_coherent_fold,0.996,669.2400405763807,0.04724340921761423,0.9653982937990504,184.25,False,0.5141326684544046,65.02484353020424,/srv/bulk/samteway/lab-data/tracking-fast-timing-20260903-v6/captures/fast-200us-5836000000-tx2-20260903T214306.777863Z/run.json
200,5837000000,0,TX1,1500,666.6666666666666,True,,,82.80071763182384,82.80071763182384,43.77789054257763,47.84,6.048,32,20.782863935357963,20.782863935357963,7.57414892375268,6,"ANT1,ANT2,ANT4,ANT8,ANT7,ANT5",,,cyclostationary_coherent_fold,0.9966666666666667,669.0713404558473,0.047417561036097164,0.9708927475760588,67.5,False,0.5405555659413454,39.88082622487656,/srv/bulk/samteway/lab-data/tracking-fast-timing-20260903-v6/captures/fast-200us-5837000000-tx1-20260903T214321.039522Z/run.json
200,5837000000,1,TX2,1500,666.6666666666666,True,0.8346381343989248,-1.8094000000000001,64.78242527600686,18.727099844991955,8.124696760354094,1.494,0.189,1,64.78242527600686,18.727099844991955,8.124696760354094,5,"ANT1,ANT2,ANT8,ANT7,ANT5",,27.0,cyclostationary_coherent_fold,0.996,669.2303709418286,0.04683957494275978,0.9593473655781559,184.25,False,0.5114920113464796,65.36817707132927,/srv/bulk/samteway/lab-data/tracking-fast-timing-20260903-v6/captures/fast-200us-5837000000-tx2-20260903T214334.106005Z/run.json
200,5838000000,0,TX1,1500,666.6666666666666,True,,,84.0535081439038,84.0535081439038,41.44146225963093,23.904,3.024,16,28.74360120162653,28.74360120162653,9.173390210395993,6,"ANT1,ANT2,ANT4,ANT8,ANT7,ANT5",,,cyclostationary_coherent_fold,0.996,669.3016716667004,0.04962878314467537,0.9817834598638964,66.0,False,0.5403144667185631,39.489674250340464,/srv/bulk/samteway/lab-data/tracking-fast-timing-20260903-v6/captures/fast-200us-5838000000-tx1-20260903T214347.935280Z/run.json
200,5838000000,1,TX2,1500,666.6666666666666,True,0.849624849081939,-1.8092000000000001,63.2888340754607,16.112850458843255,7.018264294319205,1.495,0.189,1,63.2888340754607,16.112850458843255,7.018264294319205,5,"ANT1,ANT2,ANT8,ANT7,ANT5",14.0,14.0,cyclostationary_coherent_fold,0.9966666666666667,669.0906871909417,0.05183157584410533,0.9757721023061827,184.5,False,0.5167947769056441,65.77955943926257,/srv/bulk/samteway/lab-data/tracking-fast-timing-20260903-v6/captures/fast-200us-5838000000-tx2-20260903T214400.489137Z/run.json
200,5839000000,0,TX1,1500,666.6666666666666,True,,,86.93998293593944,86.93998293593944,42.65096916271953,47.808,6.048,32,24.293697179707685,24.293697179707685,6.830527928436572,6,"ANT1,ANT2,ANT4,ANT8,ANT7,ANT5",,,cyclostationary_coherent_fold,0.996,669.2466725678174,0.04863769192940487,0.9728787956227593,64.0,False,0.5462292550394572,38.4149484432954,/srv/bulk/samteway/lab-data/tracking-fast-timing-20260903-v6/captures/fast-200us-5839000000-tx1-20260903T214414.790999Z/run.json
200,5839000000,1,TX2,1500,666.6666666666666,True,0.8484598459239616,-1.8084,62.034760324160075,16.13012401909911,7.2592016091649585,1.494,0.189,1,62.034760324160075,16.13012401909911,7.2592016091649585,5,"ANT1,ANT2,ANT8,ANT7,ANT5",16.0,12.0,cyclostationary_coherent_fold,0.996,669.1662767454283,0.05090617847918202,0.9679890590189306,184.75,False,0.515344339453559,66.00141317910565,/srv/bulk/samteway/lab-data/tracking-fast-timing-20260903-v6/captures/fast-200us-5839000000-tx2-20260903T214427.720052Z/run.json
200,5840000000,0,TX1,1500,666.6666666666666,True,,,85.32352852774916,85.32352852774916,43.14510188451076,47.808,6.048,32,20.350062402909064,20.350062402909064,6.741110393947097,6,"ANT1,ANT2,ANT4,ANT8,ANT7,ANT5",,,cyclostationary_coherent_fold,0.996,669.1321782519245,0.05182965774957476,0.9731516719087276,61.25,False,0.5505309806157432,37.99108097349266,/srv/bulk/samteway/lab-data/tracking-fast-timing-20260903-v6/captures/fast-200us-5840000000-tx1-20260903T214442.036705Z/run.json
200,5840000000,1,TX2,1500,666.6666666666666,True,0.8694691582402735,-1.8090000000000002,57.341981178658976,14.16718517224611,6.823032702268516,1.494,0.189,1,57.341981178658976,14.16718517224611,6.823032702268516,5,"ANT1,ANT2,ANT8,ANT7,ANT5",19.0,13.0,cyclostationary_coherent_fold,0.996,669.1396608525915,0.05220087659848654,0.9759805197843241,184.5,False,0.5166514346082102,66.36128840722002,/srv/bulk/samteway/lab-data/tracking-fast-timing-20260903-v6/captures/fast-200us-5840000000-tx2-20260903T214454.871587Z/run.json
200,5841000000,0,TX1,1500,666.6666666666666,True,,,88.41451385265766,88.41451385265766,40.72748810418091,23.904,3.024,16,40.87627355422515,40.87627355422515,9.720224958194223,6,"ANT1,ANT2,ANT4,ANT8,ANT7,ANT5",,23.0,cyclostationary_coherent_fold,0.996,669.2135565214204,0.05324142860027805,0.9772484465560983,58.0,False,0.5433177408130994,37.28756699165467,/srv/bulk/samteway/lab-data/tracking-fast-timing-20260903-v6/captures/fast-200us-5841000000-tx1-20260903T214508.909669Z/run.json
200,5841000000,1,TX2,1500,666.6666666666666,True,0.8136765418902363,-1.8064000000000002,70.55552652326715,16.35539680741114,8.831405837622315,1.495,0.189,1,70.55552652326715,16.35539680741114,8.831405837622315,5,"ANT1,ANT2,ANT8,ANT7,ANT5",,26.0,cyclostationary_coherent_fold,0.9966666666666667,669.1001233759486,0.051162220527112466,0.9346855318173538,184.25,False,0.5262855946757286,62.441500720526335,/srv/bulk/samteway/lab-data/tracking-fast-timing-20260903-v6/captures/fast-200us-5841000000-tx2-20260903T214521.345867Z/run.json
200,5842000000,0,TX1,1500,666.6666666666666,True,,,88.69844343132166,88.69844343132166,42.97630583552915,23.904,3.024,16,45.33756924853949,45.33756924853949,9.961565988384885,6,"ANT1,ANT2,ANT4,ANT8,ANT7,ANT5",,,cyclostationary_coherent_fold,0.996,669.2199338864592,0.05318013713982805,0.9763276384630462,56.0,False,0.5561391024670649,36.1347796083459,/srv/bulk/samteway/lab-data/tracking-fast-timing-20260903-v6/captures/fast-200us-5842000000-tx1-20260903T214545.593205Z/run.json
200,5842000000,1,TX2,1500,666.6666666666666,True,0.8732921547358993,-1.8094000000000001,53.99017876834416,14.22400995957873,7.102197331973473,1.494,0.189,1,53.99017876834416,14.22400995957873,7.102197331973473,5,"ANT1,ANT2,ANT8,ANT7,ANT5",26.0,17.0,cyclostationary_coherent_fold,0.996,669.152277439817,0.053727253799499365,0.9633547730650671,184.5,False,0.5100929217944044,67.91855928056864,/srv/bulk/samteway/lab-data/tracking-fast-timing-20260903-v6/captures/fast-200us-5842000000-tx2-20260903T214558.239040Z/run.json
200,5843000000,0,TX1,1500,666.6666666666666,True,,,87.47021638301489,87.47021638301489,49.67481366841711,47.84,6.048,32,31.296343527759387,31.296343527759387,9.769747067645955,6,"ANT1,ANT2,ANT4,ANT8,ANT7,ANT5",,,cyclostationary_coherent_fold,0.9966666666666667,669.1068027928075,0.051047073515143294,0.9475602376206155,53.0,False,0.5782078887809716,34.3008535758527,/srv/bulk/samteway/lab-data/tracking-fast-timing-20260903-v6/captures/fast-200us-5843000000-tx1-20260903T214612.990767Z/run.json
200,5843000000,1,TX2,1500,666.6666666666666,True,0.7495768899881114,-1.8098,71.89949481906686,31.28044764401304,18.50263990464799,,,,,,,5,"ANT1,ANT2,ANT8,ANT7,ANT5",,,cyclostationary_coherent_fold,0.996,669.1540156365023,0.04873471659615839,0.9105038770947117,183.25,False,0.5466943131862233,52.44904040968378,/srv/bulk/samteway/lab-data/tracking-fast-timing-20260903-v6/captures/fast-200us-5843000000-tx2-20260903T214625.814996Z/run.json
200,5844000000,0,TX1,1500,666.6666666666666,True,,,90.05990643175731,90.05990643175731,44.97620390467101,47.808,6.048,32,29.2012393400411,29.2012393400411,7.106654347005427,6,"ANT1,ANT2,ANT4,ANT8,ANT7,ANT5",,,cyclostationary_coherent_fold,0.996,669.2125788298075,0.05069647796084435,0.9682245213585119,50.75,True,0.5716824817097385,35.38927644944862,/srv/bulk/samteway/lab-data/tracking-fast-timing-20260903-v6/captures/fast-200us-5844000000-tx1-20260903T214640.219914Z/run.json
200,5844000000,1,TX2,1500,666.6666666666666,True,0.8333026958956028,-1.8106,52.105361715743264,52.105361715743264,13.464904951703707,191.232,24.192,128,18.585593332413865,18.585593332413865,9.95022890883647,6,"ANT1,ANT2,ANT4,ANT8,ANT7,ANT5",,,cyclostationary_coherent_fold,0.996,669.1887237153652,0.053432795339927626,0.9315189177790889,183.5,False,0.5192876203373146,63.10219255711833,/srv/bulk/samteway/lab-data/tracking-fast-timing-20260903-v6/captures/fast-200us-5844000000-tx2-20260903T214652.693470Z/run.json
200,5845000000,0,TX1,1500,666.6666666666666,True,,,89.06046615571051,89.06046615571051,50.5675198651923,47.808,6.048,32,24.981732960982168,24.981732960982168,8.668174812246288,6,"ANT1,ANT2,ANT4,ANT8,ANT7,ANT5",,,cyclostationary_coherent_fold,0.996,669.2627582407657,0.05180230062340687,0.9271731554552568,48.0,True,0.5818709391281748,36.02518281052688,/srv/bulk/samteway/lab-data/tracking-fast-timing-20260903-v6/captures/fast-200us-5845000000-tx1-20260903T214707.515234Z/run.json
200,5845000000,1,TX2,1500,666.6666666666666,True,0.8092190904435047,-1.8112,65.20695706362218,24.448037896015027,9.814069993375636,1.494,0.189,1,65.20695706362218,24.448037896015027,9.814069993375636,5,"ANT1,ANT2,ANT4,ANT7,ANT5",,24.0,cyclostationary_coherent_fold,0.996,669.20837938817,0.05454609918859862,0.9601643990629974,173.25,False,0.49115335956208056,55.425277207695814,/srv/bulk/samteway/lab-data/tracking-fast-timing-20260903-v6/captures/fast-200us-5845000000-tx2-20260903T214720.159390Z/run.json
200,5846000000,0,TX1,1500,666.6666666666666,True,,,88.58403046400427,88.58403046400427,50.26813066636679,47.808,6.048,32,24.6897367867137,24.6897367867137,8.193751275817647,6,"ANT1,ANT2,ANT4,ANT8,ANT7,ANT5",,,cyclostationary_coherent_fold,0.996,669.1955377519909,0.05182266713266774,0.9462739203508714,47.75,True,0.5767614872550361,37.172265444481695,/srv/bulk/samteway/lab-data/tracking-fast-timing-20260903-v6/captures/fast-200us-5846000000-tx1-20260903T214734.050479Z/run.json
200,5846000000,1,TX2,1500,666.6666666666666,True,0.849500901102528,-1.8074000000000001,61.30457132740305,13.12465662950746,8.618967860226983,1.494,0.189,1,61.30457132740305,13.12465662950746,8.618967860226983,5,"ANT1,ANT2,ANT8,ANT7,ANT5",,,cyclostationary_coherent_fold,0.996,669.1314784773022,0.05505004764818015,0.9360813467153799,183.75,False,0.504760601170911,68.90440494708517,/srv/bulk/samteway/lab-data/tracking-fast-timing-20260903-v6/captures/fast-200us-5846000000-tx2-20260903T214746.901718Z/run.json
200,5847000000,0,TX1,1500,666.6666666666666,True,,,87.59252809697803,87.59252809697803,54.880451972602266,,,,,,,6,"ANT1,ANT2,ANT4,ANT8,ANT7,ANT5",,,cyclostationary_coherent_fold,0.996,669.1725161443784,0.048982442504722716,0.9072248668196209,46.75,True,0.5647287844502702,38.051505482134985,/srv/bulk/samteway/lab-data/tracking-fast-timing-20260903-v6/captures/fast-200us-5847000000-tx1-20260903T214801.876174Z/run.json
200,5847000000,1,TX2,1500,666.6666666666666,True,0.8665914255846214,-1.8078,59.30855185493791,12.70418951615583,7.597037470667844,1.495,0.189,1,59.30855185493791,12.70418951615583,7.597037470667844,5,"ANT1,ANT2,ANT8,ANT7,ANT5",16.0,16.0,cyclostationary_coherent_fold,0.9966666666666667,669.0932254939651,0.05734254000902185,0.9412949066276071,183.5,False,0.49926270200154405,72.25479136252433,/srv/bulk/samteway/lab-data/tracking-fast-timing-20260903-v6/captures/fast-200us-5847000000-tx2-20260903T214814.510961Z/run.json
200,5848000000,0,TX1,1500,666.6666666666666,True,,,89.04833125839157,89.04833125839157,45.88890177219881,47.808,6.048,32,26.457173252083578,26.457173252083578,6.923618651226572,6,"ANT1,ANT2,ANT4,ANT8,ANT7,ANT5",,,cyclostationary_coherent_fold,0.996,669.143701314504,0.05521791887618226,0.9579629945479969,44.25,True,0.5279116094560264,44.17761818542914,/srv/bulk/samteway/lab-data/tracking-fast-timing-20260903-v6/captures/fast-200us-5848000000-tx1-20260903T214832.159464Z/run.json
200,5848000000,1,TX2,1500,666.6666666666666,True,0.8038013705207595,-1.8118,71.34990898857902,20.136963411219448,13.503559607606864,95.68,12.096,64,55.79564070845566,16.98065877873503,9.88991588551804,5,"ANT1,ANT2,ANT8,ANT7,ANT5",,,cyclostationary_coherent_fold,0.9966666666666667,669.0880147863866,0.05405477798358406,0.903720158370852,183.0,False,0.5112790031149713,64.98573729436573,/srv/bulk/samteway/lab-data/tracking-fast-timing-20260903-v6/captures/fast-200us-5848000000-tx2-20260903T214845.488038Z/run.json
200,5849000000,0,TX1,1500,666.6666666666666,True,,,91.55091597140517,91.55091597140517,53.35652640140861,47.808,6.048,32,35.062356155059874,35.062356155059874,9.476586578908552,6,"ANT1,ANT2,ANT4,ANT8,ANT7,ANT5",,,cyclostationary_coherent_fold,0.996,669.1841932850497,0.05503078835381069,0.9086673592906991,42.5,False,0.5107083071102507,47.6174893410527,/srv/bulk/samteway/lab-data/tracking-fast-timing-20260903-v6/captures/fast-200us-5849000000-tx1-20260903T214900.395514Z/run.json
200,5849000000,1,TX2,1500,666.6666666666666,True,0.884992683626512,-1.8090000000000002,51.44979422326819,51.44979422326819,7.236851641904188,1.495,0.189,1,51.44979422326819,51.44979422326819,7.236851641904188,6,"ANT1,ANT2,ANT4,ANT8,ANT7,ANT5",17.0,15.0,cyclostationary_coherent_fold,0.9966666666666667,669.0730847713303,0.057207960331167394,0.9664537430097396,183.0,False,0.494843372326552,74.9482741377533,/srv/bulk/samteway/lab-data/tracking-fast-timing-20260903-v6/captures/fast-200us-5849000000-tx2-20260903T214913.219801Z/run.json
200,5850000000,0,TX1,1500,666.6666666666666,True,,,92.59162384450987,92.59162384450987,49.36760958837196,47.808,6.048,32,42.53118788234662,42.53118788234662,8.937417729164164,6,"ANT1,ANT2,ANT4,ANT8,ANT7,ANT5",,,cyclostationary_coherent_fold,0.996,669.229054126726,0.05527315735320878,0.9314144951374141,40.75,False,0.48051374496787014,50.734513941960316,/srv/bulk/samteway/lab-data/tracking-fast-timing-20260903-v6/captures/fast-200us-5850000000-tx1-20260903T214928.934245Z/run.json
200,5850000000,1,TX2,1500,666.6666666666666,True,0.8928689571089192,-1.8094000000000001,47.26619096835681,47.26619096835681,7.096286572601496,1.495,0.189,1,47.26619096835681,47.26619096835681,7.096286572601496,6,"ANT1,ANT2,ANT4,ANT8,ANT7,ANT5",23.0,17.0,cyclostationary_coherent_fold,0.9966666666666667,669.096945233622,0.06003365439753499,0.9601606358088938,182.75,False,0.48938749033034795,76.58292332344553,/srv/bulk/samteway/lab-data/tracking-fast-timing-20260903-v6/captures/fast-200us-5850000000-tx2-20260903T214941.523652Z/run.json
200,5851000000,0,TX1,1500,666.6666666666666,True,,,92.74890388533996,92.74890388533996,43.57160344089794,23.904,3.024,16,56.54140181442006,56.54140181442006,9.937436956296645,6,"ANT1,ANT2,ANT4,ANT8,ANT7,ANT5",,,cyclostationary_coherent_fold,0.996,669.1607501942121,0.05775983946833414,0.9741909688090103,316.5,False,0.5002117021596719,72.38916194237581,/srv/bulk/samteway/lab-data/tracking-fast-timing-20260903-v6/captures/fast-200us-5851000000-tx1-20260903T214955.852524Z/run.json
200,5851000000,1,TX2,1500,666.6666666666666,True,0.9029532979643923,-1.8098,42.13828469113276,42.13828469113276,6.730633953257705,1.495,0.189,1,42.13828469113276,42.13828469113276,6.730633953257705,6,"ANT1,ANT2,ANT4,ANT8,ANT7,ANT5",26.0,19.0,cyclostationary_coherent_fold,0.9966666666666667,669.1032364508005,0.05765436240433477,0.9625987552563475,182.25,False,0.4886021387736375,77.95457450339713,/srv/bulk/samteway/lab-data/tracking-fast-timing-20260903-v6/captures/fast-200us-5851000000-tx2-20260903T215008.707170Z/run.json
200,5852000000,0,TX1,1500,666.6666666666666,True,,,95.07094458921854,71.31499313618599,44.36407979436163,47.808,6.048,32,54.3206992489062,11.743577908383319,7.30679271285906,5,"ANT2,ANT4,ANT8,ANT7,ANT5",,26.0,cyclostationary_coherent_fold,0.996,669.1799436024692,0.05943685587581741,0.9691211548114977,270.25,False,0.47279867382560425,61.92567969326715,/srv/bulk/samteway/lab-data/tracking-fast-timing-20260903-v6/captures/fast-200us-5852000000-tx1-20260903T215022.775348Z/run.json
200,5852000000,1,TX2,1500,666.6666666666666,True,0.9036198731200802,-1.8092000000000001,42.287658480191965,42.287658480191965,6.614858777555001,1.494,0.189,1,42.287658480191965,42.287658480191965,6.614858777555001,6,"ANT1,ANT2,ANT4,ANT8,ANT7,ANT5",13.0,13.0,cyclostationary_coherent_fold,0.996,669.1856336995112,0.06137024656278912,0.9756469283810894,182.0,False,0.4951370645140125,78.95439773202853,/srv/bulk/samteway/lab-data/tracking-fast-timing-20260903-v6/captures/fast-200us-5852000000-tx2-20260903T215035.162174Z/run.json
200,5853000000,0,TX1,1500,666.6666666666666,True,,,96.61297475258993,71.92616699989578,47.56098721227399,47.84,6.048,32,68.86712242873398,15.563543897034034,8.171360343998774,5,"ANT2,ANT4,ANT8,ANT7,ANT5",,,cyclostationary_coherent_fold,0.9966666666666667,669.0598079486382,0.05863613289913946,0.9324880580537219,270.75,False,0.5248366575937902,54.94999207305936,/srv/bulk/samteway/lab-data/tracking-fast-timing-20260903-v6/captures/fast-200us-5853000000-tx1-20260903T215049.278840Z/run.json
200,5853000000,1,TX2,1500,666.6666666666666,True,0.8328147729435811,-1.8086,68.16246695902288,11.889840682223697,9.382229374309846,1.494,0.189,1,68.16246695902288,11.889840682223697,9.382229374309846,5,"ANT1,ANT2,ANT8,ANT7,ANT5",,,cyclostationary_coherent_fold,0.996,669.1905630312979,0.058350002113240006,0.9438473266917684,182.0,False,0.5041706404928878,76.11534322890319,/srv/bulk/samteway/lab-data/tracking-fast-timing-20260903-v6/captures/fast-200us-5853000000-tx2-20260903T215102.418401Z/run.json
200,5854000000,0,TX1,1500,666.6666666666666,True,,,92.97223567540667,92.97223567540667,48.99228130745735,47.84,6.048,32,43.99090621688201,43.99090621688201,9.437812571181768,6,"ANT1,ANT2,ANT4,ANT8,ANT7,ANT5",,,cyclostationary_coherent_fold,0.9966666666666667,669.1083896388858,0.057735124234941725,0.9427231105303813,271.0,False,0.5739589461422898,46.468616620373474,/srv/bulk/samteway/lab-data/tracking-fast-timing-20260903-v6/captures/fast-200us-5854000000-tx1-20260903T215116.741607Z/run.json
200,5854000000,1,TX2,1500,666.6666666666666,True,0.9042884002808812,-1.8096,41.54093885112456,41.54093885112456,6.477590967874658,1.495,0.189,1,41.54093885112456,41.54093885112456,6.477590967874658,6,"ANT1,ANT2,ANT4,ANT8,ANT7,ANT5",15.0,15.0,cyclostationary_coherent_fold,0.9966666666666667,669.0032477535227,0.06226438936632888,0.9769541453160613,181.5,False,0.4988595517172473,81.24810392690931,/srv/bulk/samteway/lab-data/tracking-fast-timing-20260903-v6/captures/fast-200us-5854000000-tx2-20260903T215130.295843Z/run.json
200,5855000000,0,TX1,1500,666.6666666666666,True,,,91.46274191953395,91.46274191953395,45.2683998584431,47.84,6.048,32,41.80763414722496,41.80763414722496,7.355759423001113,6,"ANT1,ANT2,ANT4,ANT8,ANT7,ANT5",,,cyclostationary_coherent_fold,0.9966666666666667,669.0754547423967,0.058306495114888314,0.9718154711875762,270.75,True,0.620717734235347,37.60706249924536,/srv/bulk/samteway/lab-data/tracking-fast-timing-20260903-v6/captures/fast-200us-5855000000-tx1-20260903T215144.744990Z/run.json
200,5855000000,1,TX2,1500,666.6666666666666,True,0.7556918889190536,-1.8076,81.22205330769094,27.16957306009907,12.032774359126396,5.976,0.756,4,73.78501893025026,16.951926810245112,9.57128342408138,5,"ANT1,ANT2,ANT4,ANT7,ANT5",,,cyclostationary_coherent_fold,0.996,669.1963221740077,0.05733010721360471,0.9510220191263946,175.5,False,0.49979081720961116,53.12896270030626,/srv/bulk/samteway/lab-data/tracking-fast-timing-20260903-v6/captures/fast-200us-5855000000-tx2-20260903T215157.709696Z/run.json
200,5856000000,0,TX1,1500,666.6666666666666,True,,,89.15718552560355,89.15718552560355,47.99751131052418,47.84,6.048,32,25.72481531384239,25.72481531384239,7.4693793911361555,6,"ANT1,ANT2,ANT4,ANT8,ANT7,ANT5",,26.0,cyclostationary_coherent_fold,0.9966666666666667,669.0783968581483,0.05684719122769612,0.9666628591451386,271.25,True,0.6617679430735244,34.019527575374546,/srv/bulk/samteway/lab-data/tracking-fast-timing-20260903-v6/captures/fast-200us-5856000000-tx1-20260903T215212.012470Z/run.json
200,5856000000,1,TX2,1500,666.6666666666666,True,0.8053498197490447,-1.8116,70.05561861003001,25.950995233148607,8.841494318566983,1.495,0.189,1,70.05561861003001,25.950995233148607,8.841494318566983,5,"ANT1,ANT2,ANT4,ANT7,ANT5",,19.0,cyclostationary_coherent_fold,0.9966666666666667,669.0558347861522,0.05909523445616547,0.9620653119289218,6.0,False,0.49442901541688056,51.49112245662001,/srv/bulk/samteway/lab-data/tracking-fast-timing-20260903-v6/captures/fast-200us-5856000000-tx2-20260903T215224.914625Z/run.json
200,5857000000,0,TX1,1500,666.6666666666666,True,,,86.56627759983851,86.56627759983851,48.35981705021367,47.808,6.048,32,25.385151506067174,25.385151506067174,7.639790109939953,6,"ANT1,ANT2,ANT4,ANT8,ANT7,ANT5",,,cyclostationary_coherent_fold,0.996,669.1584941683409,0.0568092908504177,0.9623752167685599,271.25,True,0.7138480261299641,28.594898344814883,/srv/bulk/samteway/lab-data/tracking-fast-timing-20260903-v6/captures/fast-200us-5857000000-tx1-20260903T215239.731861Z/run.json
200,5857000000,1,TX2,1500,666.6666666666666,True,0.8955104933791374,-1.8096,46.538975663996695,10.065891166087711,6.609692415425439,1.495,0.189,1,46.538975663996695,10.065891166087711,6.609692415425439,5,"ANT1,ANT2,ANT8,ANT7,ANT5",20.0,14.0,cyclostationary_coherent_fold,0.9966666666666667,669.034588558078,0.060914855149575925,0.9766488287197558,181.25,False,0.5095039102945184,81.30476632312124,/srv/bulk/samteway/lab-data/tracking-fast-timing-20260903-v6/captures/fast-200us-5857000000-tx2-20260903T215252.985660Z/run.json
200,5858000000,0,TX1,1500,666.6666666666666,True,,,86.85457926213071,86.85457926213071,55.265195325596565,,,,,,,6,"ANT1,ANT2,ANT4,ANT8,ANT7,ANT5",,,cyclostationary_coherent_fold,0.9966666666666667,669.0703308001366,0.04989887196746246,0.9296648166924351,270.75,True,0.7674720570150918,20.063592187420987,/srv/bulk/samteway/lab-data/tracking-fast-timing-20260903-v6/captures/fast-200us-5858000000-tx1-20260903T215307.532205Z/run.json
200,5858000000,1,TX2,1500,666.6666666666666,True,0.8822101032934588,-1.8090000000000002,51.48491668894984,10.495242849911975,7.273915469315882,1.494,0.189,1,51.48491668894984,10.495242849911975,7.273915469315882,5,"ANT1,ANT2,ANT8,ANT7,ANT5",25.0,19.0,cyclostationary_coherent_fold,0.996,669.1225011511004,0.05848556792538,0.97414426517043,181.25,False,0.5126634429679283,81.46926020122383,/srv/bulk/samteway/lab-data/tracking-fast-timing-20260903-v6/captures/fast-200us-5858000000-tx2-20260903T215321.355719Z/run.json
200,5859000000,0,TX1,1500,666.6666666666666,True,,,78.4116032085685,78.4116032085685,45.430540792031195,23.904,3.024,16,22.366920715118322,22.366920715118322,9.422385785480996,6,"ANT1,ANT2,ANT4,ANT8,ANT7,ANT5",,15.0,cyclostationary_coherent_fold,0.996,669.1752307225271,0.05360726175938536,0.9809536845564685,271.25,True,0.760732706056963,24.70667251961055,/srv/bulk/samteway/lab-data/tracking-fast-timing-20260903-v6/captures/fast-200us-5859000000-tx1-20260903T215335.224096Z/run.json
200,5859000000,1,TX2,1500,666.6666666666666,True,0.8669094832437105,-1.8098,52.59475961261999,12.12664557600658,8.465798257361367,1.494,0.189,1,52.59475961261999,12.12664557600658,8.465798257361367,5,"ANT1,ANT2,ANT8,ANT7,ANT5",,,cyclostationary_coherent_fold,0.996,669.1592509165941,0.05591332112528636,0.9542288003831111,181.0,False,0.5145567914490007,78.81554796385097,/srv/bulk/samteway/lab-data/tracking-fast-timing-20260903-v6/captures/fast-200us-5859000000-tx2-20260903T215347.912747Z/run.json
200,5860000000,0,TX1,1500,666.6666666666666,True,,,75.4380910248166,75.4380910248166,45.662729572648814,23.92,3.024,16,20.039024188377656,20.039024188377656,8.920033274434148,6,"ANT1,ANT2,ANT4,ANT8,ANT7,ANT5",,24.0,cyclostationary_coherent_fold,0.9966666666666667,669.0966799606514,0.05249685286224282,0.9765678673393222,270.75,True,0.7905280141450616,21.838872376207405,/srv/bulk/samteway/lab-data/tracking-fast-timing-20260903-v6/captures/fast-200us-5860000000-tx1-20260903T215401.919164Z/run.json
200,5860000000,1,TX2,1500,666.6666666666666,True,0.8838918531203053,-1.8090000000000002,49.78631179370022,11.300859723728607,7.194716468101095,1.494,0.189,1,49.78631179370022,11.300859723728607,7.194716468101095,5,"ANT1,ANT2,ANT8,ANT7,ANT5",,24.0,cyclostationary_coherent_fold,0.996,669.1580492660736,0.054396475030627965,0.9625689436097463,181.0,False,0.5166698977086498,81.77786557131213,/srv/bulk/samteway/lab-data/tracking-fast-timing-20260903-v6/captures/fast-200us-5860000000-tx2-20260903T215415.076126Z/run.json
200,5861000000,0,TX1,1500,666.6666666666666,True,,,78.89937356105642,78.89937356105642,51.64823973306451,47.84,6.048,32,13.980457853928655,13.980457853928655,7.286139085295061,6,"ANT1,ANT2,ANT4,ANT8,ANT7,ANT5",,,cyclostationary_coherent_fold,0.9966666666666667,669.0881717342786,0.04779107431750221,0.9603632075946089,270.75,True,0.8089356483204636,18.839599782229268,/srv/bulk/samteway/lab-data/tracking-fast-timing-20260903-v6/captures/fast-200us-5861000000-tx1-20260903T215429.148642Z/run.json
200,5861000000,1,TX2,1500,666.6666666666666,True,0.829287800123225,-1.8096,69.71159279547597,13.335570707325317,9.10566746222474,1.495,0.189,1,69.71159279547597,13.335570707325317,9.10566746222474,5,"ANT1,ANT2,ANT8,ANT7,ANT5",,,cyclostationary_coherent_fold,0.9966666666666667,669.1185586958638,0.0508230896590584,0.9518171523540764,181.0,False,0.5302109728493999,77.65018202241562,/srv/bulk/samteway/lab-data/tracking-fast-timing-20260903-v6/captures/fast-200us-5861000000-tx2-20260903T215441.845692Z/run.json
200,5862000000,0,TX1,1500,666.6666666666666,True,,,71.7881671875895,71.7881671875895,47.20851506939308,23.904,3.024,16,18.503386627459506,18.503386627459506,9.517183906174074,6,"ANT1,ANT2,ANT4,ANT8,ANT7,ANT5",,,cyclostationary_coherent_fold,0.996,669.2172180605568,0.047321186054219345,0.9762196860054142,270.5,True,0.8174602954735243,18.401090123603485,/srv/bulk/samteway/lab-data/tracking-fast-timing-20260903-v6/captures/fast-200us-5862000000-tx1-20260903T215455.881441Z/run.json
200,5862000000,1,TX2,1500,666.6666666666666,True,0.8755666161293156,-1.8102,55.75626240905566,11.578480153505227,7.018715162421241,1.494,0.189,1,55.75626240905566,11.578480153505227,7.018715162421241,5,"ANT1,ANT2,ANT8,ANT7,ANT5",16.0,16.0,cyclostationary_coherent_fold,0.996,669.2122212165008,0.04971301907937609,0.9760053368936212,181.0,False,0.5289242996534105,80.85725006757737,/srv/bulk/samteway/lab-data/tracking-fast-timing-20260903-v6/captures/fast-200us-5862000000-tx2-20260903T215508.291157Z/run.json
200,5863000000,0,TX1,1500,666.6666666666666,True,,,69.598048338631,69.598048338631,45.45860667834553,23.904,3.024,16,16.579053839044306,16.579053839044306,9.007726517095461,6,"ANT1,ANT2,ANT4,ANT8,ANT7,ANT5",,15.0,cyclostationary_coherent_fold,0.996,669.2003753566762,0.04362495880866994,0.98155567814278,270.25,True,0.8207006447125423,16.734810920677788,/srv/bulk/samteway/lab-data/tracking-fast-timing-20260903-v6/captures/fast-200us-5863000000-tx1-20260903T215522.242536Z/run.json
200,5863000000,1,TX2,1500,666.6666666666666,True,0.8192366389665761,-1.8092000000000001,77.13663899358428,12.034561164029732,7.805642692284926,1.494,0.189,1,77.13663899358428,12.034561164029732,7.805642692284926,5,"ANT1,ANT2,ANT8,ANT7,ANT5",16.0,13.0,cyclostationary_coherent_fold,0.996,669.182166379437,0.04571338110128487,0.9530646703340239,181.25,False,0.5432536522051614,80.43229960124248,/srv/bulk/samteway/lab-data/tracking-fast-timing-20260903-v6/captures/fast-200us-5863000000-tx2-20260903T215534.862389Z/run.json
200,5864000000,0,TX1,1500,666.6666666666666,True,,,72.1288675089013,72.1288675089013,47.61721887955352,23.904,3.024,16,17.350246510647622,17.350246510647622,9.86692732716621,6,"ANT1,ANT2,ANT4,ANT8,ANT7,ANT5",,,cyclostationary_coherent_fold,0.996,669.2295376055004,0.03973291066805967,0.9619602114739675,269.5,True,0.8206088513611488,14.094384705114695,/srv/bulk/samteway/lab-data/tracking-fast-timing-20260903-v6/captures/fast-200us-5864000000-tx1-20260903T215549.192512Z/run.json
200,5864000000,1,TX2,1500,666.6666666666666,True,0.8351040031862147,-1.8084,68.38050594974031,12.324237771737382,7.795783395852398,1.494,0.189,1,68.38050594974031,12.324237771737382,7.795783395852398,5,"ANT1,ANT2,ANT8,ANT7,ANT5",,,cyclostationary_coherent_fold,0.996,669.2243038797918,0.042508535654722034,0.9636960966459067,181.0,False,0.5403139155002011,80.09811374389082,/srv/bulk/samteway/lab-data/tracking-fast-timing-20260903-v6/captures/fast-200us-5864000000-tx2-20260903T215601.897061Z/run.json
200,5865000000,0,TX1,1500,666.6666666666666,True,,,73.44733588366365,73.44733588366365,47.048287115257224,23.904,3.024,16,19.01461794477051,19.01461794477051,9.59117206751848,6,"ANT1,ANT2,ANT4,ANT8,ANT7,ANT5",,26.0,cyclostationary_coherent_fold,0.996,669.172108940083,0.0377744780414394,0.9751408863543929,269.25,True,0.8145255111397354,12.417977237034616,/srv/bulk/samteway/lab-data/tracking-fast-timing-20260903-v6/captures/fast-200us-5865000000-tx1-20260903T215616.294835Z/run.json
200,5865000000,1,TX2,1500,666.6666666666666,True,0.8710498994031353,-1.8096,53.92973506881843,12.247758758255994,7.268679198305549,1.494,0.189,1,53.92973506881843,12.247758758255994,7.268679198305549,5,"ANT1,ANT2,ANT8,ANT7,ANT5",,19.0,cyclostationary_coherent_fold,0.996,669.171723627933,0.0406596299628506,0.9639099131274725,180.75,False,0.5330798726519044,80.87613328329498,/srv/bulk/samteway/lab-data/tracking-fast-timing-20260903-v6/captures/fast-200us-5865000000-tx2-20260903T215629.138003Z/run.json
200,5866000000,0,TX1,1500,666.6666666666666,True,,,76.49953020748511,76.49953020748511,44.815663448427344,23.904,3.024,16,21.89936706620073,21.89936706620073,9.451013088325157,6,"ANT1,ANT2,ANT4,ANT8,ANT7,ANT5",,,cyclostationary_coherent_fold,0.996,669.2472731498367,0.03473597267328013,0.9783445301417455,268.75,True,0.7969965987706795,11.492529563402012,/srv/bulk/samteway/lab-data/tracking-fast-timing-20260903-v6/captures/fast-200us-5866000000-tx1-20260903T215643.278035Z/run.json
200,5866000000,1,TX2,1500,666.6666666666666,True,0.8743788243982037,-1.8094000000000001,55.23595041378183,11.54767377891785,6.888442708528542,1.494,0.189,1,55.23595041378183,11.54767377891785,6.888442708528542,5,"ANT1,ANT2,ANT8,ANT7,ANT5",20.0,14.0,cyclostationary_coherent_fold,0.996,669.3345696394113,0.036842741678650585,0.9773506176293137,180.75,False,0.5389167671457368,79.50044264999694,/srv/bulk/samteway/lab-data/tracking-fast-timing-20260903-v6/captures/fast-200us-5866000000-tx2-20260903T215655.806899Z/run.json
200,5867000000,0,TX1,1500,666.6666666666666,True,,,80.15649387559395,80.15649387559395,44.505818539418186,23.904,3.024,16,25.637572115373796,25.637572115373796,9.451691714079674,6,"ANT1,ANT2,ANT4,ANT8,ANT7,ANT5",,,cyclostationary_coherent_fold,0.996,669.2069197911862,0.0327865772638364,0.9683512282531973,268.75,True,0.786221139705347,11.043503899434867,/srv/bulk/samteway/lab-data/tracking-fast-timing-20260903-v6/captures/fast-200us-5867000000-tx1-20260903T215709.732807Z/run.json
200,5867000000,1,TX2,1500,666.6666666666666,True,0.8566101511144533,-1.8104,60.43427832171488,12.953451594922472,7.801904372202191,1.494,0.189,1,60.43427832171488,12.953451594922472,7.801904372202191,5,"ANT1,ANT2,ANT8,ANT7,ANT5",,24.0,cyclostationary_coherent_fold,0.996,669.2033783038604,0.034198380276653145,0.9641289750367523,180.75,False,0.5393464231760678,80.20687679245778,/srv/bulk/samteway/lab-data/tracking-fast-timing-20260903-v6/captures/fast-200us-5867000000-tx2-20260903T215722.027654Z/run.json
200,5868000000,0,TX1,1500,666.6666666666666,True,,,66.08899245935416,66.08899245935416,44.004411954492255,23.904,3.024,16,14.260879792077457,14.260879792077457,8.52383067408443,6,"ANT1,ANT2,ANT4,ANT8,ANT7,ANT5",29.0,21.0,cyclostationary_coherent_fold,0.996,669.152957215782,0.030545389586874087,0.9722190245847877,325.5,False,0.5180221636489972,44.70179483694757,/srv/bulk/samteway/lab-data/tracking-fast-timing-20260903-v6/captures/fast-200us-5868000000-tx1-20260903T215735.859105Z/run.json
200,5868000000,1,TX2,1500,666.6666666666666,True,0.8366832326694809,-1.8106,59.178783081660825,17.09208247697372,9.365346484644505,1.494,0.189,1,59.178783081660825,17.09208247697372,9.365346484644505,5,"ANT1,ANT2,ANT8,ANT7,ANT5",,,cyclostationary_coherent_fold,0.996,669.2568736798746,0.031426964514234206,0.9695470684903524,180.5,False,0.542384626750692,76.19421618131555,/srv/bulk/samteway/lab-data/tracking-fast-timing-20260903-v6/captures/fast-200us-5868000000-tx2-20260903T215748.716093Z/run.json
200,5869000000,0,TX1,1500,666.6666666666666,True,,,84.3145043668151,84.3145043668151,42.24387825648916,23.904,3.024,16,29.993969371638713,29.993969371638713,8.494038036474429,6,"ANT1,ANT2,ANT4,ANT8,ANT7,ANT5",,11.0,cyclostationary_coherent_fold,0.996,669.2242332246784,0.0251820962893368,0.9805910368353223,268.25,True,0.7546007134568575,19.09808359773496,/srv/bulk/samteway/lab-data/tracking-fast-timing-20260903-v6/captures/fast-200us-5869000000-tx1-20260903T215802.746747Z/run.json
200,5869000000,1,TX2,1500,666.6666666666666,True,0.8652250380065439,-1.8102,58.256559439420776,12.152122715004392,7.171535268807035,1.494,0.189,1,58.256559439420776,12.152122715004392,7.171535268807035,5,"ANT1,ANT2,ANT8,ANT7,ANT5",22.0,11.0,cyclostationary_coherent_fold,0.996,669.1943779123919,0.02957106721260892,0.9741449746554898,180.75,False,0.5428993681957792,76.54346790222243,/srv/bulk/samteway/lab-data/tracking-fast-timing-20260903-v6/captures/fast-200us-5869000000-tx2-20260903T215815.458677Z/run.json
200,5870000000,0,TX1,1500,666.6666666666666,True,,,65.23362930100114,65.23362930100114,43.814835136305504,23.904,3.024,16,13.973912438855697,13.973912438855697,8.639022484544892,6,"ANT1,ANT2,ANT4,ANT8,ANT7,ANT5",,23.0,cyclostationary_coherent_fold,0.996,669.1997697227506,0.025635073984461958,0.9710969212497695,324.25,False,0.4509347845525406,49.477756177183956,/srv/bulk/samteway/lab-data/tracking-fast-timing-20260903-v6/captures/fast-200us-5870000000-tx1-20260903T215829.758161Z/run.json
200,5870000000,1,TX2,1500,666.6666666666666,True,0.7443114919695656,-1.8098,79.62021506256721,38.149825342862535,10.841013863626442,2.988,0.378,2,74.69324960329305,26.065729490573,8.394485214845048,5,"ANT1,ANT2,ANT4,ANT7,ANT5",,,cyclostationary_coherent_fold,0.996,669.1994227505642,0.027209236659651817,0.9662925002265477,175.0,False,0.46524150044362633,55.481511387002904,/srv/bulk/samteway/lab-data/tracking-fast-timing-20260903-v6/captures/fast-200us-5870000000-tx2-20260903T215842.683163Z/run.json
200,5871000000,0,TX1,1500,666.6666666666666,True,,,83.44281797211914,83.44281797211914,39.55867320132391,23.904,3.024,16,30.601229821046424,30.601229821046424,8.48866156209994,6,"ANT1,ANT2,ANT4,ANT8,ANT7,ANT5",28.0,15.0,cyclostationary_coherent_fold,0.996,669.2435292491979,0.02594241772918354,0.9856866702643586,268.25,False,0.7036610032176375,29.528293489733848,/srv/bulk/samteway/lab-data/tracking-fast-timing-20260903-v6/captures/fast-200us-5871000000-tx1-20260903T215856.985882Z/run.json
200,5871000000,1,TX2,1500,666.6666666666666,True,0.8564159767264893,-1.8098,61.62824310252019,12.640489855133026,7.244476122405205,1.494,0.18875,1,61.62824310252019,12.640489855133026,7.244476122405205,5,"ANT1,ANT2,ANT8,ANT7,ANT5",23.0,12.0,cyclostationary_coherent_fold,0.996,669.3528225956169,0.026141855262863486,0.9787960917882088,180.75,False,0.5509952959445021,73.50120022230408,/srv/bulk/samteway/lab-data/tracking-fast-timing-20260903-v6/captures/fast-200us-5871000000-tx2-20260903T215909.955690Z/run.json
200,5872000000,0,TX1,1500,666.6666666666666,True,,,79.05234673326049,79.05234673326049,41.15210179549456,23.904,3.024,16,21.1909298008118,21.1909298008118,7.9353984334576335,6,"ANT1,ANT2,ANT4,ANT8,ANT7,ANT5",28.0,,cyclostationary_coherent_fold,0.996,669.2406549551039,0.02456769936181776,0.9823730256535843,268.5,False,0.6898765778875752,32.13423376616807,/srv/bulk/samteway/lab-data/tracking-fast-timing-20260903-v6/captures/fast-200us-5872000000-tx1-20260903T215923.927465Z/run.json
200,5872000000,1,TX2,1500,666.6666666666666,True,0.7900073457224454,-1.8090000000000002,69.61347450959533,34.22615833313323,8.195882294734933,1.494,0.189,1,69.61347450959533,34.22615833313323,8.195882294734933,5,"ANT1,ANT2,ANT4,ANT7,ANT5",,12.0,cyclostationary_coherent_fold,0.996,669.2180669837967,0.025392990754380465,0.9780817173394536,174.75,False,0.4470444733166353,63.853409565594305,/srv/bulk/samteway/lab-data/tracking-fast-timing-20260903-v6/captures/fast-200us-5872000000-tx2-20260903T215936.445607Z/run.json
200,5873000000,0,TX1,1500,666.6666666666666,True,,,65.61272856014908,65.61272856014908,44.327903955225985,23.904,3.024,16,15.05206313860523,15.05206313860523,8.57591786707556,6,"ANT1,ANT2,ANT4,ANT8,ANT7,ANT5",27.0,27.0,cyclostationary_coherent_fold,0.996,669.2276424877435,0.024502211756653146,0.9743341431655359,154.5,False,0.41005735697773427,52.869813702551596,/srv/bulk/samteway/lab-data/tracking-fast-timing-20260903-v6/captures/fast-200us-5873000000-tx1-20260903T215950.357841Z/run.json
200,5873000000,1,TX2,1500,666.6666666666666,True,0.7744645381682985,-1.8098,73.0607354086062,36.429538210669335,8.358395031156473,1.494,0.189,1,73.0607354086062,36.429538210669335,8.358395031156473,5,"ANT1,ANT2,ANT4,ANT7,ANT5",,16.0,cyclostationary_coherent_fold,0.996,669.2165456336257,0.024194692459411093,0.9725279769905731,174.75,False,0.44143086984671825,67.20416940856714,/srv/bulk/samteway/lab-data/tracking-fast-timing-20260903-v6/captures/fast-200us-5873000000-tx2-20260903T220002.805791Z/run.json
200,5874000000,0,TX1,1500,666.6666666666666,True,,,61.746327914345756,61.746327914345756,42.37107474776674,23.904,3.024,16,14.766385778839872,14.766385778839872,8.172989586182968,6,"ANT1,ANT2,ANT4,ANT8,ANT7,ANT5",,,cyclostationary_coherent_fold,0.996,669.2107489803986,0.023813110439363943,0.9784739760482933,154.75,False,0.4246020947640316,52.32986217726994,/srv/bulk/samteway/lab-data/tracking-fast-timing-20260903-v6/captures/fast-200us-5874000000-tx1-20260903T220021.825337Z/run.json
200,5874000000,1,TX2,1500,666.6666666666666,True,0.7445743266843604,-1.8098,80.88652052343383,41.39393719284254,9.315058668979555,1.494,0.189,1,80.88652052343383,41.39393719284254,9.315058668979555,5,"ANT1,ANT2,ANT4,ANT7,ANT5",,16.0,cyclostationary_coherent_fold,0.996,669.228800166888,0.02445694489798766,0.9748498492404728,174.75,False,0.44148169096603057,70.5829163560086,/srv/bulk/samteway/lab-data/tracking-fast-timing-20260903-v6/captures/fast-200us-5874000000-tx2-20260903T220034.593083Z/run.json
