dwell_us,frequency_hz,tx_port,port,observable,single_visit_coherent_snr_db,full_capture_reference_magnitude,qualified_cycles,qualified_measured_wall_latency_ms,phase_rms_at_weighted_10deg_gate_deg,run_json
200,5726000000,TX1,ANT1,True,-4.9338172845523305,72.35732307473381,16,23.904,17.994680186131564,/srv/bulk/samteway/lab-data/tracking-fast-timing-20260903-v6/captures/fast-200us-5726000000-tx1-20260903T205222.157022Z/run.json
200,5726000000,TX1,ANT2,True,3.8914699521212457,185.87157292191222,16,23.904,5.78430099337587,/srv/bulk/samteway/lab-data/tracking-fast-timing-20260903-v6/captures/fast-200us-5726000000-tx1-20260903T205222.157022Z/run.json
200,5726000000,TX1,ANT4,True,0.23927564790673442,124.15064938324181,16,23.904,8.561494073985257,/srv/bulk/samteway/lab-data/tracking-fast-timing-20260903-v6/captures/fast-200us-5726000000-tx1-20260903T205222.157022Z/run.json
200,5726000000,TX1,ANT8,False,-34.62829823658362,2.233535969141319,16,23.904,100.47281038261991,/srv/bulk/samteway/lab-data/tracking-fast-timing-20260903-v6/captures/fast-200us-5726000000-tx1-20260903T205222.157022Z/run.json
200,5726000000,TX1,ANT7,True,-4.119842990481147,75.3029533991957,16,23.904,13.42340841033398,/srv/bulk/samteway/lab-data/tracking-fast-timing-20260903-v6/captures/fast-200us-5726000000-tx1-20260903T205222.157022Z/run.json
200,5726000000,TX1,ANT5,True,-0.38854135024977354,109.37084896687655,16,23.904,9.352601144536223,/srv/bulk/samteway/lab-data/tracking-fast-timing-20260903-v6/captures/fast-200us-5726000000-tx1-20260903T205222.157022Z/run.json
200,5726000000,TX2,ANT1,True,7.24593472251775,320.814979124529,,,,/srv/bulk/samteway/lab-data/tracking-fast-timing-20260903-v6/captures/fast-200us-5726000000-tx2-20260903T205234.572715Z/run.json
200,5726000000,TX2,ANT2,True,4.461322329851577,213.86926516875974,,,,/srv/bulk/samteway/lab-data/tracking-fast-timing-20260903-v6/captures/fast-200us-5726000000-tx2-20260903T205234.572715Z/run.json
200,5726000000,TX2,ANT4,True,10.473985724897062,599.5461619891998,,,,/srv/bulk/samteway/lab-data/tracking-fast-timing-20260903-v6/captures/fast-200us-5726000000-tx2-20260903T205234.572715Z/run.json
200,5726000000,TX2,ANT8,True,15.49460163677811,865.0188345536267,,,,/srv/bulk/samteway/lab-data/tracking-fast-timing-20260903-v6/captures/fast-200us-5726000000-tx2-20260903T205234.572715Z/run.json
200,5726000000,TX2,ANT7,True,5.680748449601055,427.62208329576345,,,,/srv/bulk/samteway/lab-data/tracking-fast-timing-20260903-v6/captures/fast-200us-5726000000-tx2-20260903T205234.572715Z/run.json
200,5726000000,TX2,ANT5,True,3.7330142390728134,371.76619060274936,,,,/srv/bulk/samteway/lab-data/tracking-fast-timing-20260903-v6/captures/fast-200us-5726000000-tx2-20260903T205234.572715Z/run.json
200,5727000000,TX1,ANT1,True,-4.617238315265804,74.01719996113884,16,23.904,16.357679049766595,/srv/bulk/samteway/lab-data/tracking-fast-timing-20260903-v6/captures/fast-200us-5727000000-tx1-20260903T205249.133788Z/run.json
200,5727000000,TX1,ANT2,True,4.178025781119375,184.3270683833925,16,23.904,5.322331090047644,/srv/bulk/samteway/lab-data/tracking-fast-timing-20260903-v6/captures/fast-200us-5727000000-tx1-20260903T205249.133788Z/run.json
200,5727000000,TX1,ANT4,True,0.3176966874073318,119.35851960342369,16,23.904,9.183088494964194,/srv/bulk/samteway/lab-data/tracking-fast-timing-20260903-v6/captures/fast-200us-5727000000-tx1-20260903T205249.133788Z/run.json
200,5727000000,TX1,ANT8,False,-23.51116668457676,7.569695911574439,16,23.904,84.99116634486515,/srv/bulk/samteway/lab-data/tracking-fast-timing-20260903-v6/captures/fast-200us-5727000000-tx1-20260903T205249.133788Z/run.json
200,5727000000,TX1,ANT7,True,-3.640057811530106,75.42020514336255,16,23.904,14.36758816151409,/srv/bulk/samteway/lab-data/tracking-fast-timing-20260903-v6/captures/fast-200us-5727000000-tx1-20260903T205249.133788Z/run.json
200,5727000000,TX1,ANT5,True,-0.1907834313485363,112.6847872982255,16,23.904,9.524932143215393,/srv/bulk/samteway/lab-data/tracking-fast-timing-20260903-v6/captures/fast-200us-5727000000-tx1-20260903T205249.133788Z/run.json
200,5727000000,TX2,ANT1,True,7.617739267833947,332.6834103287236,128,191.232,5.168437371689778,/srv/bulk/samteway/lab-data/tracking-fast-timing-20260903-v6/captures/fast-200us-5727000000-tx2-20260903T205301.723734Z/run.json
200,5727000000,TX2,ANT2,True,4.275512201964191,217.7463542178288,128,191.232,8.933382664879852,/srv/bulk/samteway/lab-data/tracking-fast-timing-20260903-v6/captures/fast-200us-5727000000-tx2-20260903T205301.723734Z/run.json
200,5727000000,TX2,ANT4,True,11.57108473824611,637.3235561397811,128,191.232,2.8060519239856316,/srv/bulk/samteway/lab-data/tracking-fast-timing-20260903-v6/captures/fast-200us-5727000000-tx2-20260903T205301.723734Z/run.json
200,5727000000,TX2,ANT8,True,14.667866598273523,864.9519323767935,128,191.232,3.7201775946453846,/srv/bulk/samteway/lab-data/tracking-fast-timing-20260903-v6/captures/fast-200us-5727000000-tx2-20260903T205301.723734Z/run.json
200,5727000000,TX2,ANT7,True,5.367384275786588,395.37639704532035,128,191.232,15.117628333608977,/srv/bulk/samteway/lab-data/tracking-fast-timing-20260903-v6/captures/fast-200us-5727000000-tx2-20260903T205301.723734Z/run.json
200,5727000000,TX2,ANT5,True,5.649886278861799,407.30780752361113,128,191.232,14.69285706360661,/srv/bulk/samteway/lab-data/tracking-fast-timing-20260903-v6/captures/fast-200us-5727000000-tx2-20260903T205301.723734Z/run.json
200,5728000000,TX1,ANT1,True,-4.680920270039981,72.3311951072265,16,23.92,16.85586267021277,/srv/bulk/samteway/lab-data/tracking-fast-timing-20260903-v6/captures/fast-200us-5728000000-tx1-20260903T205315.976815Z/run.json
200,5728000000,TX1,ANT2,True,4.116253842833153,179.69961196027654,16,23.92,5.968386366724419,/srv/bulk/samteway/lab-data/tracking-fast-timing-20260903-v6/captures/fast-200us-5728000000-tx1-20260903T205315.976815Z/run.json
200,5728000000,TX1,ANT4,True,-0.6565326566818228,107.1188005846082,16,23.92,9.71079885997605,/srv/bulk/samteway/lab-data/tracking-fast-timing-20260903-v6/captures/fast-200us-5728000000-tx1-20260903T205315.976815Z/run.json
200,5728000000,TX1,ANT8,False,-23.792528187066008,7.543122295787191,16,23.92,87.10495027517601,/srv/bulk/samteway/lab-data/tracking-fast-timing-20260903-v6/captures/fast-200us-5728000000-tx1-20260903T205315.976815Z/run.json
200,5728000000,TX1,ANT7,True,-4.081317420930767,71.77320592517455,16,23.92,15.840852170685247,/srv/bulk/samteway/lab-data/tracking-fast-timing-20260903-v6/captures/fast-200us-5728000000-tx1-20260903T205315.976815Z/run.json
200,5728000000,TX1,ANT5,True,-0.24029263067477682,111.10905172914812,16,23.92,8.993104033471283,/srv/bulk/samteway/lab-data/tracking-fast-timing-20260903-v6/captures/fast-200us-5728000000-tx1-20260903T205315.976815Z/run.json
200,5728000000,TX2,ANT1,True,10.251925600370399,368.4394607282199,1,1.494,12.803040244290663,/srv/bulk/samteway/lab-data/tracking-fast-timing-20260903-v6/captures/fast-200us-5728000000-tx2-20260903T205328.631721Z/run.json
200,5728000000,TX2,ANT2,True,4.472637741942443,185.47475478902578,1,1.494,27.95711147952421,/srv/bulk/samteway/lab-data/tracking-fast-timing-20260903-v6/captures/fast-200us-5728000000-tx2-20260903T205328.631721Z/run.json
200,5728000000,TX2,ANT4,True,15.59967643342842,690.9792938429304,1,1.494,6.5584524641604265,/srv/bulk/samteway/lab-data/tracking-fast-timing-20260903-v6/captures/fast-200us-5728000000-tx2-20260903T205328.631721Z/run.json
200,5728000000,TX2,ANT8,True,18.339214038735648,954.2493805991339,1,1.494,4.703216433862111,/srv/bulk/samteway/lab-data/tracking-fast-timing-20260903-v6/captures/fast-200us-5728000000-tx2-20260903T205328.631721Z/run.json
200,5728000000,TX2,ANT7,True,11.868034437172179,439.37597744583354,1,1.494,10.383536811512466,/srv/bulk/samteway/lab-data/tracking-fast-timing-20260903-v6/captures/fast-200us-5728000000-tx2-20260903T205328.631721Z/run.json
200,5728000000,TX2,ANT5,True,13.432638914032985,545.7816336844669,1,1.494,8.532214542179794,/srv/bulk/samteway/lab-data/tracking-fast-timing-20260903-v6/captures/fast-200us-5728000000-tx2-20260903T205328.631721Z/run.json
200,5729000000,TX1,ANT1,True,-6.073504195410542,63.26399576076461,32,47.84,15.02702876784337,/srv/bulk/samteway/lab-data/tracking-fast-timing-20260903-v6/captures/fast-200us-5729000000-tx1-20260903T205342.838817Z/run.json
200,5729000000,TX1,ANT2,True,2.848274837860325,164.3635883928055,32,47.84,5.007317588403473,/srv/bulk/samteway/lab-data/tracking-fast-timing-20260903-v6/captures/fast-200us-5729000000-tx1-20260903T205342.838817Z/run.json
200,5729000000,TX1,ANT4,True,-2.045785975664665,92.55632499532898,32,47.84,8.73596436900288,/srv/bulk/samteway/lab-data/tracking-fast-timing-20260903-v6/captures/fast-200us-5729000000-tx1-20260903T205342.838817Z/run.json
200,5729000000,TX1,ANT8,False,-21.77891013226272,9.51599334338983,32,47.84,72.58848200785926,/srv/bulk/samteway/lab-data/tracking-fast-timing-20260903-v6/captures/fast-200us-5729000000-tx1-20260903T205342.838817Z/run.json
200,5729000000,TX1,ANT7,True,-5.134147540319237,64.9187982930595,32,47.84,16.118934684076667,/srv/bulk/samteway/lab-data/tracking-fast-timing-20260903-v6/captures/fast-200us-5729000000-tx1-20260903T205342.838817Z/run.json
200,5729000000,TX1,ANT5,True,-1.154656429669653,99.22282282730133,32,47.84,7.282672992910354,/srv/bulk/samteway/lab-data/tracking-fast-timing-20260903-v6/captures/fast-200us-5729000000-tx1-20260903T205342.838817Z/run.json
200,5729000000,TX2,ANT1,True,10.370150379896305,370.9807050082196,1,1.495,12.592638168119949,/srv/bulk/samteway/lab-data/tracking-fast-timing-20260903-v6/captures/fast-200us-5729000000-tx2-20260903T205355.521076Z/run.json
200,5729000000,TX2,ANT2,True,4.756833927321209,187.66419132566307,1,1.495,27.153182777199454,/srv/bulk/samteway/lab-data/tracking-fast-timing-20260903-v6/captures/fast-200us-5729000000-tx2-20260903T205355.521076Z/run.json
200,5729000000,TX2,ANT4,True,15.946049831185562,697.9535674454448,1,1.495,6.44737674673195,/srv/bulk/samteway/lab-data/tracking-fast-timing-20260903-v6/captures/fast-200us-5729000000-tx2-20260903T205355.521076Z/run.json
200,5729000000,TX2,ANT8,True,18.707951729897097,958.5243692763219,1,1.495,4.620269349345393,/srv/bulk/samteway/lab-data/tracking-fast-timing-20260903-v6/captures/fast-200us-5729000000-tx2-20260903T205355.521076Z/run.json
200,5729000000,TX2,ANT7,True,12.156560590722002,437.4261442201749,1,1.495,10.155676158520928,/srv/bulk/samteway/lab-data/tracking-fast-timing-20260903-v6/captures/fast-200us-5729000000-tx2-20260903T205355.521076Z/run.json
200,5729000000,TX2,ANT5,True,13.860093561356363,554.7043867258677,1,1.495,8.354228639681748,/srv/bulk/samteway/lab-data/tracking-fast-timing-20260903-v6/captures/fast-200us-5729000000-tx2-20260903T205355.521076Z/run.json
200,5730000000,TX1,ANT1,True,-5.740263816434938,66.5764650117784,32,47.808,11.000550575071681,/srv/bulk/samteway/lab-data/tracking-fast-timing-20260903-v6/captures/fast-200us-5730000000-tx1-20260903T205409.829794Z/run.json
200,5730000000,TX1,ANT2,True,2.4330929362656057,159.24751779441698,32,47.808,4.444915404887658,/srv/bulk/samteway/lab-data/tracking-fast-timing-20260903-v6/captures/fast-200us-5730000000-tx1-20260903T205409.829794Z/run.json
200,5730000000,TX1,ANT4,True,-2.9437172125619817,84.63889828465405,32,47.808,8.843653770946739,/srv/bulk/samteway/lab-data/tracking-fast-timing-20260903-v6/captures/fast-200us-5730000000-tx1-20260903T205409.829794Z/run.json
200,5730000000,TX1,ANT8,False,-19.63812378524307,12.569570919268322,32,47.808,62.657755207910625,/srv/bulk/samteway/lab-data/tracking-fast-timing-20260903-v6/captures/fast-200us-5730000000-tx1-20260903T205409.829794Z/run.json
200,5730000000,TX1,ANT7,True,-5.375877080690143,63.77370832033235,32,47.808,12.661439359141008,/srv/bulk/samteway/lab-data/tracking-fast-timing-20260903-v6/captures/fast-200us-5730000000-tx1-20260903T205409.829794Z/run.json
200,5730000000,TX1,ANT5,True,-1.1391396131966616,101.09158734078453,32,47.808,6.986612472920739,/srv/bulk/samteway/lab-data/tracking-fast-timing-20260903-v6/captures/fast-200us-5730000000-tx1-20260903T205409.829794Z/run.json
200,5730000000,TX2,ANT1,True,10.06186609209557,367.3978390396024,1,1.494,13.185942194762527,/srv/bulk/samteway/lab-data/tracking-fast-timing-20260903-v6/captures/fast-200us-5730000000-tx2-20260903T205422.352335Z/run.json
200,5730000000,TX2,ANT2,True,4.560861784543678,186.98440597967738,1,1.494,27.919851131315326,/srv/bulk/samteway/lab-data/tracking-fast-timing-20260903-v6/captures/fast-200us-5730000000-tx2-20260903T205422.352335Z/run.json
200,5730000000,TX2,ANT4,True,15.582598960959832,690.7297026625856,1,1.494,6.675541162312679,/srv/bulk/samteway/lab-data/tracking-fast-timing-20260903-v6/captures/fast-200us-5730000000-tx2-20260903T205422.352335Z/run.json
200,5730000000,TX2,ANT8,True,18.40479410664145,950.0724857888813,1,1.494,4.715762738506127,/srv/bulk/samteway/lab-data/tracking-fast-timing-20260903-v6/captures/fast-200us-5730000000-tx2-20260903T205422.352335Z/run.json
200,5730000000,TX2,ANT7,True,11.91320478055421,434.3991950552316,1,1.494,10.382933957078228,/srv/bulk/samteway/lab-data/tracking-fast-timing-20260903-v6/captures/fast-200us-5730000000-tx2-20260903T205422.352335Z/run.json
200,5730000000,TX2,ANT5,True,13.628991307269045,545.9364768559666,1,1.494,8.537672657918693,/srv/bulk/samteway/lab-data/tracking-fast-timing-20260903-v6/captures/fast-200us-5730000000-tx2-20260903T205422.352335Z/run.json
200,5731000000,TX1,ANT1,True,-5.177963230679996,67.6275562413866,32,47.84,11.724490855821513,/srv/bulk/samteway/lab-data/tracking-fast-timing-20260903-v6/captures/fast-200us-5731000000-tx1-20260903T205436.640264Z/run.json
200,5731000000,TX1,ANT2,True,2.8910800739166826,157.37604708305724,32,47.84,4.888498406245121,/srv/bulk/samteway/lab-data/tracking-fast-timing-20260903-v6/captures/fast-200us-5731000000-tx1-20260903T205436.640264Z/run.json
200,5731000000,TX1,ANT4,True,-3.660812080288773,74.95239715461372,32,47.84,10.524041954116537,/srv/bulk/samteway/lab-data/tracking-fast-timing-20260903-v6/captures/fast-200us-5731000000-tx1-20260903T205436.640264Z/run.json
200,5731000000,TX1,ANT8,False,-17.828978740168974,14.523158371351142,32,47.84,54.1180953679428,/srv/bulk/samteway/lab-data/tracking-fast-timing-20260903-v6/captures/fast-200us-5731000000-tx1-20260903T205436.640264Z/run.json
200,5731000000,TX1,ANT7,True,-4.708365817981349,66.01887092731235,32,47.84,11.066382406040807,/srv/bulk/samteway/lab-data/tracking-fast-timing-20260903-v6/captures/fast-200us-5731000000-tx1-20260903T205436.640264Z/run.json
200,5731000000,TX1,ANT5,True,-1.1210851795448964,99.01565062672414,32,47.84,6.5760337426016555,/srv/bulk/samteway/lab-data/tracking-fast-timing-20260903-v6/captures/fast-200us-5731000000-tx1-20260903T205436.640264Z/run.json
200,5731000000,TX2,ANT1,True,9.357309052902519,347.7919608831168,1,1.494,14.34451517938038,/srv/bulk/samteway/lab-data/tracking-fast-timing-20260903-v6/captures/fast-200us-5731000000-tx2-20260903T205449.270624Z/run.json
200,5731000000,TX2,ANT2,True,4.208183026350271,187.57984795601766,1,1.494,28.873559808155765,/srv/bulk/samteway/lab-data/tracking-fast-timing-20260903-v6/captures/fast-200us-5731000000-tx2-20260903T205449.270624Z/run.json
200,5731000000,TX2,ANT4,True,14.877441851182105,657.3245123493224,1,1.494,7.247963926805099,/srv/bulk/samteway/lab-data/tracking-fast-timing-20260903-v6/captures/fast-200us-5731000000-tx2-20260903T205449.270624Z/run.json
200,5731000000,TX2,ANT8,True,17.293212772524335,893.047969348154,1,1.494,5.307860347738999,/srv/bulk/samteway/lab-data/tracking-fast-timing-20260903-v6/captures/fast-200us-5731000000-tx2-20260903T205449.270624Z/run.json
200,5731000000,TX2,ANT7,True,10.671878464056794,398.93256386999286,1,1.494,12.234075834354632,/srv/bulk/samteway/lab-data/tracking-fast-timing-20260903-v6/captures/fast-200us-5731000000-tx2-20260903T205449.270624Z/run.json
200,5731000000,TX2,ANT5,True,12.595211423151865,494.78778388927697,1,1.494,9.335018333016517,/srv/bulk/samteway/lab-data/tracking-fast-timing-20260903-v6/captures/fast-200us-5731000000-tx2-20260903T205449.270624Z/run.json
200,5732000000,TX1,ANT1,True,-5.542231557335605,66.89188686861029,32,47.808,11.036929998738648,/srv/bulk/samteway/lab-data/tracking-fast-timing-20260903-v6/captures/fast-200us-5732000000-tx1-20260903T205503.458807Z/run.json
200,5732000000,TX1,ANT2,True,2.9866183830838464,155.86139750014652,32,47.808,4.5564177197201765,/srv/bulk/samteway/lab-data/tracking-fast-timing-20260903-v6/captures/fast-200us-5732000000-tx1-20260903T205503.458807Z/run.json
200,5732000000,TX1,ANT4,True,-4.698510845702036,66.33595123061717,32,47.808,11.85729664533611,/srv/bulk/samteway/lab-data/tracking-fast-timing-20260903-v6/captures/fast-200us-5732000000-tx1-20260903T205503.458807Z/run.json
200,5732000000,TX1,ANT8,True,-14.943973283876577,20.117772413106756,32,47.808,42.87197090163811,/srv/bulk/samteway/lab-data/tracking-fast-timing-20260903-v6/captures/fast-200us-5732000000-tx1-20260903T205503.458807Z/run.json
200,5732000000,TX1,ANT7,True,-4.640601665060936,66.1718172490569,32,47.808,12.363435035982523,/srv/bulk/samteway/lab-data/tracking-fast-timing-20260903-v6/captures/fast-200us-5732000000-tx1-20260903T205503.458807Z/run.json
200,5732000000,TX1,ANT5,True,-0.5256803055185508,104.66710754000309,32,47.808,7.7305862306271,/srv/bulk/samteway/lab-data/tracking-fast-timing-20260903-v6/captures/fast-200us-5732000000-tx1-20260903T205503.458807Z/run.json
200,5732000000,TX2,ANT1,True,10.208585312468834,362.76393530465424,1,1.494,12.837405614084195,/srv/bulk/samteway/lab-data/tracking-fast-timing-20260903-v6/captures/fast-200us-5732000000-tx2-20260903T205516.343067Z/run.json
200,5732000000,TX2,ANT2,True,5.13338213645827,193.7488399060446,1,1.494,26.159615455530954,/srv/bulk/samteway/lab-data/tracking-fast-timing-20260903-v6/captures/fast-200us-5732000000-tx2-20260903T205516.343067Z/run.json
200,5732000000,TX2,ANT4,True,15.960883499800147,688.9635215422904,1,1.494,6.308642968868654,/srv/bulk/samteway/lab-data/tracking-fast-timing-20260903-v6/captures/fast-200us-5732000000-tx2-20260903T205516.343067Z/run.json
200,5732000000,TX2,ANT8,True,18.545294545100283,934.6376508739855,1,1.494,4.665768937850345,/srv/bulk/samteway/lab-data/tracking-fast-timing-20260903-v6/captures/fast-200us-5732000000-tx2-20260903T205516.343067Z/run.json
200,5732000000,TX2,ANT7,True,11.754655858301163,420.6727115709885,1,1.494,10.582441808508841,/srv/bulk/samteway/lab-data/tracking-fast-timing-20260903-v6/captures/fast-200us-5732000000-tx2-20260903T205516.343067Z/run.json
200,5732000000,TX2,ANT5,True,13.719238008494132,534.1734019547916,1,1.494,8.382906726378687,/srv/bulk/samteway/lab-data/tracking-fast-timing-20260903-v6/captures/fast-200us-5732000000-tx2-20260903T205516.343067Z/run.json
200,5733000000,TX1,ANT1,True,-5.59246279278433,67.44688047930114,64,95.616,7.648120668196597,/srv/bulk/samteway/lab-data/tracking-fast-timing-20260903-v6/captures/fast-200us-5733000000-tx1-20260903T205530.473954Z/run.json
200,5733000000,TX1,ANT2,True,1.7488304821125367,143.51967462625592,64,95.616,3.789707920878107,/srv/bulk/samteway/lab-data/tracking-fast-timing-20260903-v6/captures/fast-200us-5733000000-tx1-20260903T205530.473954Z/run.json
200,5733000000,TX1,ANT4,True,-6.313675950261444,56.99774994589165,64,95.616,11.147020955983574,/srv/bulk/samteway/lab-data/tracking-fast-timing-20260903-v6/captures/fast-200us-5733000000-tx1-20260903T205530.473954Z/run.json
200,5733000000,TX1,ANT8,True,-14.138909918245115,22.642198782310345,64,95.616,28.921672200033026,/srv/bulk/samteway/lab-data/tracking-fast-timing-20260903-v6/captures/fast-200us-5733000000-tx1-20260903T205530.473954Z/run.json
200,5733000000,TX1,ANT7,True,-5.959428065674532,58.68366272790383,64,95.616,8.31196329310326,/srv/bulk/samteway/lab-data/tracking-fast-timing-20260903-v6/captures/fast-200us-5733000000-tx1-20260903T205530.473954Z/run.json
200,5733000000,TX1,ANT5,True,-1.7185192671123415,92.21658263974149,64,95.616,5.272390549921213,/srv/bulk/samteway/lab-data/tracking-fast-timing-20260903-v6/captures/fast-200us-5733000000-tx1-20260903T205530.473954Z/run.json
200,5733000000,TX2,ANT1,True,10.220094066669795,359.88550656837083,1,1.494,13.035541894280106,/srv/bulk/samteway/lab-data/tracking-fast-timing-20260903-v6/captures/fast-200us-5733000000-tx2-20260903T205543.045350Z/run.json
200,5733000000,TX2,ANT2,True,5.390474677388584,198.56636605480017,1,1.494,24.381903300679653,/srv/bulk/samteway/lab-data/tracking-fast-timing-20260903-v6/captures/fast-200us-5733000000-tx2-20260903T205543.045350Z/run.json
200,5733000000,TX2,ANT4,True,16.061195971518963,689.2722384766397,1,1.494,6.332897975094353,/srv/bulk/samteway/lab-data/tracking-fast-timing-20260903-v6/captures/fast-200us-5733000000-tx2-20260903T205543.045350Z/run.json
200,5733000000,TX2,ANT8,True,18.452897145901247,926.3884439596534,1,1.494,4.795083252608143,/srv/bulk/samteway/lab-data/tracking-fast-timing-20260903-v6/captures/fast-200us-5733000000-tx2-20260903T205543.045350Z/run.json
200,5733000000,TX2,ANT7,True,11.501957119823413,413.8365902948866,1,1.494,10.963296110608688,/srv/bulk/samteway/lab-data/tracking-fast-timing-20260903-v6/captures/fast-200us-5733000000-tx2-20260903T205543.045350Z/run.json
200,5733000000,TX2,ANT5,True,13.651339548248224,529.5878240670345,1,1.494,8.567063378599546,/srv/bulk/samteway/lab-data/tracking-fast-timing-20260903-v6/captures/fast-200us-5733000000-tx2-20260903T205543.045350Z/run.json
200,5734000000,TX1,ANT1,True,-4.649062479091058,71.32649498351664,32,47.808,10.363759389743226,/srv/bulk/samteway/lab-data/tracking-fast-timing-20260903-v6/captures/fast-200us-5734000000-tx1-20260903T205557.065358Z/run.json
200,5734000000,TX1,ANT2,True,2.3354571230931276,147.0529557835254,32,47.808,4.985463039076715,/srv/bulk/samteway/lab-data/tracking-fast-timing-20260903-v6/captures/fast-200us-5734000000-tx1-20260903T205557.065358Z/run.json
200,5734000000,TX1,ANT4,True,-7.483812536724647,48.72878477658524,32,47.808,14.706359953971406,/srv/bulk/samteway/lab-data/tracking-fast-timing-20260903-v6/captures/fast-200us-5734000000-tx1-20260903T205557.065358Z/run.json
200,5734000000,TX1,ANT8,True,-14.322560465099883,21.732678903914298,32,47.808,44.4056589698811,/srv/bulk/samteway/lab-data/tracking-fast-timing-20260903-v6/captures/fast-200us-5734000000-tx1-20260903T205557.065358Z/run.json
200,5734000000,TX1,ANT7,True,-4.970608165626381,63.912181268343446,32,47.808,12.091943536982837,/srv/bulk/samteway/lab-data/tracking-fast-timing-20260903-v6/captures/fast-200us-5734000000-tx1-20260903T205557.065358Z/run.json
200,5734000000,TX1,ANT5,True,-1.4945179865017868,94.2341684624987,32,47.808,7.734249848301033,/srv/bulk/samteway/lab-data/tracking-fast-timing-20260903-v6/captures/fast-200us-5734000000-tx1-20260903T205557.065358Z/run.json
200,5734000000,TX2,ANT1,True,9.49892257063673,346.0512949294766,1,1.494,14.070577335410368,/srv/bulk/samteway/lab-data/tracking-fast-timing-20260903-v6/captures/fast-200us-5734000000-tx2-20260903T205609.326515Z/run.json
200,5734000000,TX2,ANT2,True,4.991576426913159,197.64671437199985,1,1.494,25.54625577729576,/srv/bulk/samteway/lab-data/tracking-fast-timing-20260903-v6/captures/fast-200us-5734000000-tx2-20260903T205609.326515Z/run.json
200,5734000000,TX2,ANT4,True,15.116982377069352,664.8917746481555,1,1.494,7.005623894449375,/srv/bulk/samteway/lab-data/tracking-fast-timing-20260903-v6/captures/fast-200us-5734000000-tx2-20260903T205609.326515Z/run.json
200,5734000000,TX2,ANT8,True,17.331857645296758,882.3374541974973,1,1.494,5.27381824873787,/srv/bulk/samteway/lab-data/tracking-fast-timing-20260903-v6/captures/fast-200us-5734000000-tx2-20260903T205609.326515Z/run.json
200,5734000000,TX2,ANT7,True,10.55085372469642,388.2859159919022,1,1.494,12.22427074844623,/srv/bulk/samteway/lab-data/tracking-fast-timing-20260903-v6/captures/fast-200us-5734000000-tx2-20260903T205609.326515Z/run.json
200,5734000000,TX2,ANT5,True,12.481054085821091,492.6019230695126,1,1.494,9.406182698952758,/srv/bulk/samteway/lab-data/tracking-fast-timing-20260903-v6/captures/fast-200us-5734000000-tx2-20260903T205609.326515Z/run.json
200,5735000000,TX1,ANT1,True,-5.1294401849235,69.09500143203779,64,95.616,8.290548255838399,/srv/bulk/samteway/lab-data/tracking-fast-timing-20260903-v6/captures/fast-200us-5735000000-tx1-20260903T205623.440787Z/run.json
200,5735000000,TX1,ANT2,True,0.8017037283841311,127.06808695506518,64,95.616,3.750362572589314,/srv/bulk/samteway/lab-data/tracking-fast-timing-20260903-v6/captures/fast-200us-5735000000-tx1-20260903T205623.440787Z/run.json
200,5735000000,TX1,ANT4,True,-9.901848837694455,37.84221474500365,64,95.616,15.328368400929351,/srv/bulk/samteway/lab-data/tracking-fast-timing-20260903-v6/captures/fast-200us-5735000000-tx1-20260903T205623.440787Z/run.json
200,5735000000,TX1,ANT8,True,-14.185501971413021,22.685742493823025,64,95.616,26.835585422724606,/srv/bulk/samteway/lab-data/tracking-fast-timing-20260903-v6/captures/fast-200us-5735000000-tx1-20260903T205623.440787Z/run.json
200,5735000000,TX1,ANT7,True,-5.885020562551898,58.05325062695474,64,95.616,11.047512273220086,/srv/bulk/samteway/lab-data/tracking-fast-timing-20260903-v6/captures/fast-200us-5735000000-tx1-20260903T205623.440787Z/run.json
200,5735000000,TX1,ANT5,True,-2.536663457010848,84.12707467840465,64,95.616,6.393880608108696,/srv/bulk/samteway/lab-data/tracking-fast-timing-20260903-v6/captures/fast-200us-5735000000-tx1-20260903T205623.440787Z/run.json
200,5735000000,TX2,ANT1,True,9.552006915565116,346.20110426771953,1,1.494,13.881938797238144,/srv/bulk/samteway/lab-data/tracking-fast-timing-20260903-v6/captures/fast-200us-5735000000-tx2-20260903T205636.494590Z/run.json
200,5735000000,TX2,ANT2,True,5.2422690170717825,203.41697253571294,1,1.494,24.854980935010637,/srv/bulk/samteway/lab-data/tracking-fast-timing-20260903-v6/captures/fast-200us-5735000000-tx2-20260903T205636.494590Z/run.json
200,5735000000,TX2,ANT4,True,15.25472693619163,663.6842390660779,1,1.494,6.88972481910065,/srv/bulk/samteway/lab-data/tracking-fast-timing-20260903-v6/captures/fast-200us-5735000000-tx2-20260903T205636.494590Z/run.json
200,5735000000,TX2,ANT8,True,17.1399236669098,871.113671384358,1,1.494,5.338137284935434,/srv/bulk/samteway/lab-data/tracking-fast-timing-20260903-v6/captures/fast-200us-5735000000-tx2-20260903T205636.494590Z/run.json
200,5735000000,TX2,ANT7,True,10.276522892416208,381.78331117334113,1,1.494,12.725021927955462,/srv/bulk/samteway/lab-data/tracking-fast-timing-20260903-v6/captures/fast-200us-5735000000-tx2-20260903T205636.494590Z/run.json
200,5735000000,TX2,ANT5,True,12.265781854908314,485.88013475971235,1,1.494,9.641314079536974,/srv/bulk/samteway/lab-data/tracking-fast-timing-20260903-v6/captures/fast-200us-5735000000-tx2-20260903T205636.494590Z/run.json
200,5736000000,TX1,ANT1,True,-5.3015052309926585,69.2860155766926,64,95.616,7.583238696331255,/srv/bulk/samteway/lab-data/tracking-fast-timing-20260903-v6/captures/fast-200us-5736000000-tx1-20260903T205650.534574Z/run.json
200,5736000000,TX1,ANT2,True,0.808582952697128,127.9754819356782,64,95.616,4.017938361633407,/srv/bulk/samteway/lab-data/tracking-fast-timing-20260903-v6/captures/fast-200us-5736000000-tx1-20260903T205650.534574Z/run.json
200,5736000000,TX1,ANT4,True,-11.264485943553861,32.75835447268956,64,95.616,17.804096853439027,/srv/bulk/samteway/lab-data/tracking-fast-timing-20260903-v6/captures/fast-200us-5736000000-tx1-20260903T205650.534574Z/run.json
200,5736000000,TX1,ANT8,True,-13.502650632897486,25.231114903054728,64,95.616,24.395114197279515,/srv/bulk/samteway/lab-data/tracking-fast-timing-20260903-v6/captures/fast-200us-5736000000-tx1-20260903T205650.534574Z/run.json
200,5736000000,TX1,ANT7,True,-6.7280916401174995,53.74395970519707,64,95.616,9.35918612896806,/srv/bulk/samteway/lab-data/tracking-fast-timing-20260903-v6/captures/fast-200us-5736000000-tx1-20260903T205650.534574Z/run.json
200,5736000000,TX1,ANT5,True,-2.77041077627659,82.26441826878462,64,95.616,6.783627986955743,/srv/bulk/samteway/lab-data/tracking-fast-timing-20260903-v6/captures/fast-200us-5736000000-tx1-20260903T205650.534574Z/run.json
200,5736000000,TX2,ANT1,True,8.895731492201373,328.52789601790784,1,1.494,15.394645412645287,/srv/bulk/samteway/lab-data/tracking-fast-timing-20260903-v6/captures/fast-200us-5736000000-tx2-20260903T205703.062568Z/run.json
200,5736000000,TX2,ANT2,True,5.253068280025608,199.63222517403906,1,1.494,24.3341074269159,/srv/bulk/samteway/lab-data/tracking-fast-timing-20260903-v6/captures/fast-200us-5736000000-tx2-20260903T205703.062568Z/run.json
200,5736000000,TX2,ANT4,True,14.441700089682843,633.9962380961995,1,1.494,7.3353780436247735,/srv/bulk/samteway/lab-data/tracking-fast-timing-20260903-v6/captures/fast-200us-5736000000-tx2-20260903T205703.062568Z/run.json
200,5736000000,TX2,ANT8,True,16.71987247037482,842.2029961273239,1,1.494,5.389624410033157,/srv/bulk/samteway/lab-data/tracking-fast-timing-20260903-v6/captures/fast-200us-5736000000-tx2-20260903T205703.062568Z/run.json
200,5736000000,TX2,ANT7,True,10.09403577446965,369.541879819749,1,1.494,13.475270399790158,/srv/bulk/samteway/lab-data/tracking-fast-timing-20260903-v6/captures/fast-200us-5736000000-tx2-20260903T205703.062568Z/run.json
200,5736000000,TX2,ANT5,True,11.527244833934137,455.20791427898337,1,1.494,10.354397001390266,/srv/bulk/samteway/lab-data/tracking-fast-timing-20260903-v6/captures/fast-200us-5736000000-tx2-20260903T205703.062568Z/run.json
200,5737000000,TX1,ANT1,True,-4.500213827797883,72.13789280617453,32,47.808,9.202774101019228,/srv/bulk/samteway/lab-data/tracking-fast-timing-20260903-v6/captures/fast-200us-5737000000-tx1-20260903T205717.321847Z/run.json
200,5737000000,TX1,ANT2,True,1.4559384861895677,130.05236250803165,32,47.808,5.276309991354057,/srv/bulk/samteway/lab-data/tracking-fast-timing-20260903-v6/captures/fast-200us-5737000000-tx1-20260903T205717.321847Z/run.json
200,5737000000,TX1,ANT4,True,-10.861221552884787,32.177876387530404,32,47.808,24.37884317223176,/srv/bulk/samteway/lab-data/tracking-fast-timing-20260903-v6/captures/fast-200us-5737000000-tx1-20260903T205717.321847Z/run.json
200,5737000000,TX1,ANT8,True,-12.749713207910258,25.754476129183896,32,47.808,32.97572371242662,/srv/bulk/samteway/lab-data/tracking-fast-timing-20260903-v6/captures/fast-200us-5737000000-tx1-20260903T205717.321847Z/run.json
200,5737000000,TX1,ANT7,True,-6.109346719699829,54.747296421307205,32,47.808,13.815564802411242,/srv/bulk/samteway/lab-data/tracking-fast-timing-20260903-v6/captures/fast-200us-5737000000-tx1-20260903T205717.321847Z/run.json
200,5737000000,TX1,ANT5,True,-2.226423753014339,85.49608782297646,32,47.808,8.938338146181414,/srv/bulk/samteway/lab-data/tracking-fast-timing-20260903-v6/captures/fast-200us-5737000000-tx1-20260903T205717.321847Z/run.json
200,5737000000,TX2,ANT1,True,8.274911302838914,318.42710392525106,2,2.988,12.229912486379098,/srv/bulk/samteway/lab-data/tracking-fast-timing-20260903-v6/captures/fast-200us-5737000000-tx2-20260903T205730.258518Z/run.json
200,5737000000,TX2,ANT2,True,4.852351021445954,214.4953541741708,2,2.988,18.361167063507853,/srv/bulk/samteway/lab-data/tracking-fast-timing-20260903-v6/captures/fast-200us-5737000000-tx2-20260903T205730.258518Z/run.json
200,5737000000,TX2,ANT4,True,14.213246257094692,628.7324669070135,2,2.988,5.67650458969043,/srv/bulk/samteway/lab-data/tracking-fast-timing-20260903-v6/captures/fast-200us-5737000000-tx2-20260903T205730.258518Z/run.json
200,5737000000,TX2,ANT8,True,15.029117060059395,790.3863225741867,2,2.988,5.080499663058251,/srv/bulk/samteway/lab-data/tracking-fast-timing-20260903-v6/captures/fast-200us-5737000000-tx2-20260903T205730.258518Z/run.json
200,5737000000,TX2,ANT7,True,7.549065253973555,329.08036656943386,2,2.988,17.36244718648236,/srv/bulk/samteway/lab-data/tracking-fast-timing-20260903-v6/captures/fast-200us-5737000000-tx2-20260903T205730.258518Z/run.json
200,5737000000,TX2,ANT5,True,10.39127282329651,413.80528713000604,2,2.988,8.469657601033752,/srv/bulk/samteway/lab-data/tracking-fast-timing-20260903-v6/captures/fast-200us-5737000000-tx2-20260903T205730.258518Z/run.json
200,5738000000,TX1,ANT1,True,-4.352610511371929,72.55433096033941,64,95.68,8.566979412253081,/srv/bulk/samteway/lab-data/tracking-fast-timing-20260903-v6/captures/fast-200us-5738000000-tx1-20260903T205744.638803Z/run.json
200,5738000000,TX1,ANT2,True,0.8404137648501296,121.66212078980945,64,95.68,4.081815713688657,/srv/bulk/samteway/lab-data/tracking-fast-timing-20260903-v6/captures/fast-200us-5738000000-tx1-20260903T205744.638803Z/run.json
200,5738000000,TX1,ANT4,True,-13.090843736989818,24.65091385793008,64,95.68,22.841991721479292,/srv/bulk/samteway/lab-data/tracking-fast-timing-20260903-v6/captures/fast-200us-5738000000-tx1-20260903T205744.638803Z/run.json
200,5738000000,TX1,ANT8,True,-12.887047418680492,25.01180991244586,64,95.68,32.04122513524142,/srv/bulk/samteway/lab-data/tracking-fast-timing-20260903-v6/captures/fast-200us-5738000000-tx1-20260903T205744.638803Z/run.json
200,5738000000,TX1,ANT7,True,-6.591608655437473,51.31426621570598,64,95.68,11.013402652232095,/srv/bulk/samteway/lab-data/tracking-fast-timing-20260903-v6/captures/fast-200us-5738000000-tx1-20260903T205744.638803Z/run.json
200,5738000000,TX1,ANT5,True,-2.8012603435362537,78.75834052325777,64,95.68,7.351362516473788,/srv/bulk/samteway/lab-data/tracking-fast-timing-20260903-v6/captures/fast-200us-5738000000-tx1-20260903T205744.638803Z/run.json
200,5738000000,TX2,ANT1,True,9.609153922205483,341.0358918209194,1,1.495,13.783330007728878,/srv/bulk/samteway/lab-data/tracking-fast-timing-20260903-v6/captures/fast-200us-5738000000-tx2-20260903T205757.490093Z/run.json
200,5738000000,TX2,ANT2,True,5.376522880170413,203.70658277924156,1,1.495,25.15886503545102,/srv/bulk/samteway/lab-data/tracking-fast-timing-20260903-v6/captures/fast-200us-5738000000-tx2-20260903T205757.490093Z/run.json
200,5738000000,TX2,ANT4,True,15.094791880027955,650.3937478569521,1,1.495,7.009870771777949,/srv/bulk/samteway/lab-data/tracking-fast-timing-20260903-v6/captures/fast-200us-5738000000-tx2-20260903T205757.490093Z/run.json
200,5738000000,TX2,ANT8,True,17.474144208019485,849.6934957618734,1,1.495,5.338701997368192,/srv/bulk/samteway/lab-data/tracking-fast-timing-20260903-v6/captures/fast-200us-5738000000-tx2-20260903T205757.490093Z/run.json
200,5738000000,TX2,ANT7,True,10.657160836174729,367.256268547253,1,1.495,12.340649211932321,/srv/bulk/samteway/lab-data/tracking-fast-timing-20260903-v6/captures/fast-200us-5738000000-tx2-20260903T205757.490093Z/run.json
200,5738000000,TX2,ANT5,True,12.516218414309769,471.93937508184734,1,1.495,9.572361682808092,/srv/bulk/samteway/lab-data/tracking-fast-timing-20260903-v6/captures/fast-200us-5738000000-tx2-20260903T205757.490093Z/run.json
200,5739000000,TX1,ANT1,True,-4.541576161352258,72.5822247142498,64,95.616,6.845225464952041,/srv/bulk/samteway/lab-data/tracking-fast-timing-20260903-v6/captures/fast-200us-5739000000-tx1-20260903T205811.931645Z/run.json
200,5739000000,TX1,ANT2,True,0.6689573435865572,121.29959568396087,64,95.616,4.27622047476473,/srv/bulk/samteway/lab-data/tracking-fast-timing-20260903-v6/captures/fast-200us-5739000000-tx1-20260903T205811.931645Z/run.json
200,5739000000,TX1,ANT4,True,-13.629405982014486,23.840152999174414,64,95.616,21.203818154132595,/srv/bulk/samteway/lab-data/tracking-fast-timing-20260903-v6/captures/fast-200us-5739000000-tx1-20260903T205811.931645Z/run.json
200,5739000000,TX1,ANT8,True,-12.850304975880274,25.405365675468616,64,95.616,31.14301808953927,/srv/bulk/samteway/lab-data/tracking-fast-timing-20260903-v6/captures/fast-200us-5739000000-tx1-20260903T205811.931645Z/run.json
200,5739000000,TX1,ANT7,True,-6.852373469983912,51.47231700845023,64,95.616,9.402710453286188,/srv/bulk/samteway/lab-data/tracking-fast-timing-20260903-v6/captures/fast-200us-5739000000-tx1-20260903T205811.931645Z/run.json
200,5739000000,TX1,ANT5,True,-3.10131754247438,77.75064158576939,64,95.616,8.637878916421547,/srv/bulk/samteway/lab-data/tracking-fast-timing-20260903-v6/captures/fast-200us-5739000000-tx1-20260903T205811.931645Z/run.json
200,5739000000,TX2,ANT1,True,9.203356094121666,334.7861701644114,1,1.495,14.486633966240062,/srv/bulk/samteway/lab-data/tracking-fast-timing-20260903-v6/captures/fast-200us-5739000000-tx2-20260903T205824.616000Z/run.json
200,5739000000,TX2,ANT2,True,5.471167865505262,203.7163330284245,1,1.495,23.90747990864048,/srv/bulk/samteway/lab-data/tracking-fast-timing-20260903-v6/captures/fast-200us-5739000000-tx2-20260903T205824.616000Z/run.json
200,5739000000,TX2,ANT4,True,14.788706430532567,633.9178882495253,1,1.495,7.016477333675398,/srv/bulk/samteway/lab-data/tracking-fast-timing-20260903-v6/captures/fast-200us-5739000000-tx2-20260903T205824.616000Z/run.json
200,5739000000,TX2,ANT8,True,17.354519690961403,835.3069011197883,1,1.495,5.3549314759403135,/srv/bulk/samteway/lab-data/tracking-fast-timing-20260903-v6/captures/fast-200us-5739000000-tx2-20260903T205824.616000Z/run.json
200,5739000000,TX2,ANT7,True,9.93919763904164,361.17387232683706,1,1.495,13.880821488153948,/srv/bulk/samteway/lab-data/tracking-fast-timing-20260903-v6/captures/fast-200us-5739000000-tx2-20260903T205824.616000Z/run.json
200,5739000000,TX2,ANT5,True,11.59295259741388,454.91362364633596,1,1.495,10.251291639380419,/srv/bulk/samteway/lab-data/tracking-fast-timing-20260903-v6/captures/fast-200us-5739000000-tx2-20260903T205824.616000Z/run.json
200,5740000000,TX1,ANT1,True,-4.707255256056683,71.18586989139122,64,95.616,7.308320857649289,/srv/bulk/samteway/lab-data/tracking-fast-timing-20260903-v6/captures/fast-200us-5740000000-tx1-20260903T205838.938764Z/run.json
200,5740000000,TX1,ANT2,True,0.1721414125778467,109.83791613784703,64,95.616,3.8554335328117553,/srv/bulk/samteway/lab-data/tracking-fast-timing-20260903-v6/captures/fast-200us-5740000000-tx1-20260903T205838.938764Z/run.json
200,5740000000,TX1,ANT4,True,-14.485954287965416,20.971241141313836,64,95.616,26.840214488397685,/srv/bulk/samteway/lab-data/tracking-fast-timing-20260903-v6/captures/fast-200us-5740000000-tx1-20260903T205838.938764Z/run.json
200,5740000000,TX1,ANT8,True,-13.009828774883205,24.38506263163296,64,95.616,21.268772677020024,/srv/bulk/samteway/lab-data/tracking-fast-timing-20260903-v6/captures/fast-200us-5740000000-tx1-20260903T205838.938764Z/run.json
200,5740000000,TX1,ANT7,True,-7.606976526184146,45.680326622151604,64,95.616,10.158276753899905,/srv/bulk/samteway/lab-data/tracking-fast-timing-20260903-v6/captures/fast-200us-5740000000-tx1-20260903T205838.938764Z/run.json
200,5740000000,TX1,ANT5,True,-3.7990261292920717,70.3739476782532,64,95.616,6.82589968964157,/srv/bulk/samteway/lab-data/tracking-fast-timing-20260903-v6/captures/fast-200us-5740000000-tx1-20260903T205838.938764Z/run.json
200,5740000000,TX2,ANT1,True,9.277198037339708,325.45408454401326,1,1.494,14.504449850832435,/srv/bulk/samteway/lab-data/tracking-fast-timing-20260903-v6/captures/fast-200us-5740000000-tx2-20260903T205851.758178Z/run.json
200,5740000000,TX2,ANT2,True,5.440737989272036,201.92306553293142,1,1.494,24.720201351546674,/srv/bulk/samteway/lab-data/tracking-fast-timing-20260903-v6/captures/fast-200us-5740000000-tx2-20260903T205851.758178Z/run.json
200,5740000000,TX2,ANT4,True,14.99188853597763,622.8764032656418,1,1.494,7.116654492052538,/srv/bulk/samteway/lab-data/tracking-fast-timing-20260903-v6/captures/fast-200us-5740000000-tx2-20260903T205851.758178Z/run.json
200,5740000000,TX2,ANT8,True,17.342321899639153,818.900794022227,1,1.494,5.250793034191545,/srv/bulk/samteway/lab-data/tracking-fast-timing-20260903-v6/captures/fast-200us-5740000000-tx2-20260903T205851.758178Z/run.json
200,5740000000,TX2,ANT7,True,10.150316073563037,352.48732297563197,1,1.494,13.172532313678726,/srv/bulk/samteway/lab-data/tracking-fast-timing-20260903-v6/captures/fast-200us-5740000000-tx2-20260903T205851.758178Z/run.json
200,5740000000,TX2,ANT5,True,11.96126923582684,449.03703701595634,1,1.494,10.063284777895463,/srv/bulk/samteway/lab-data/tracking-fast-timing-20260903-v6/captures/fast-200us-5740000000-tx2-20260903T205851.758178Z/run.json
200,5741000000,TX1,ANT1,True,-4.841870752461548,67.62750345766823,64,95.68,7.085786894625176,/srv/bulk/samteway/lab-data/tracking-fast-timing-20260903-v6/captures/fast-200us-5741000000-tx1-20260903T205905.855498Z/run.json
200,5741000000,TX1,ANT2,True,0.12488461271157025,110.63466585750766,64,95.68,3.668536160106213,/srv/bulk/samteway/lab-data/tracking-fast-timing-20260903-v6/captures/fast-200us-5741000000-tx1-20260903T205905.855498Z/run.json
200,5741000000,TX1,ANT4,True,-13.446519250026373,23.320379774883246,64,95.68,21.706691666033095,/srv/bulk/samteway/lab-data/tracking-fast-timing-20260903-v6/captures/fast-200us-5741000000-tx1-20260903T205905.855498Z/run.json
200,5741000000,TX1,ANT8,True,-13.55235225726191,23.123840016502633,64,95.68,28.2112371921925,/srv/bulk/samteway/lab-data/tracking-fast-timing-20260903-v6/captures/fast-200us-5741000000-tx1-20260903T205905.855498Z/run.json
200,5741000000,TX1,ANT7,True,-7.094480657051418,47.428166188611044,64,95.68,7.735854101444133,/srv/bulk/samteway/lab-data/tracking-fast-timing-20260903-v6/captures/fast-200us-5741000000-tx1-20260903T205905.855498Z/run.json
200,5741000000,TX1,ANT5,True,-3.478867777655207,73.73823081607556,64,95.68,7.106276802970258,/srv/bulk/samteway/lab-data/tracking-fast-timing-20260903-v6/captures/fast-200us-5741000000-tx1-20260903T205905.855498Z/run.json
200,5741000000,TX2,ANT1,True,7.539421318157606,293.30725627427626,4,5.98,8.877673762662308,/srv/bulk/samteway/lab-data/tracking-fast-timing-20260903-v6/captures/fast-200us-5741000000-tx2-20260903T205919.198719Z/run.json
200,5741000000,TX2,ANT2,True,4.9143026254454725,220.35977838649737,4,5.98,13.739853396129588,/srv/bulk/samteway/lab-data/tracking-fast-timing-20260903-v6/captures/fast-200us-5741000000-tx2-20260903T205919.198719Z/run.json
200,5741000000,TX2,ANT4,True,13.172041786874015,583.6618063727833,4,5.98,4.524708208455834,/srv/bulk/samteway/lab-data/tracking-fast-timing-20260903-v6/captures/fast-200us-5741000000-tx2-20260903T205919.198719Z/run.json
200,5741000000,TX2,ANT8,True,13.394645976179824,719.7406657137971,4,5.98,5.377949486290636,/srv/bulk/samteway/lab-data/tracking-fast-timing-20260903-v6/captures/fast-200us-5741000000-tx2-20260903T205919.198719Z/run.json
200,5741000000,TX2,ANT7,True,4.958476435564326,284.6024042923779,4,5.98,21.465544885307658,/srv/bulk/samteway/lab-data/tracking-fast-timing-20260903-v6/captures/fast-200us-5741000000-tx2-20260903T205919.198719Z/run.json
200,5741000000,TX2,ANT5,True,8.262495234476551,356.3281069150984,4,5.98,8.330393226798243,/srv/bulk/samteway/lab-data/tracking-fast-timing-20260903-v6/captures/fast-200us-5741000000-tx2-20260903T205919.198719Z/run.json
200,5742000000,TX1,ANT1,True,-5.030703917312815,69.26413726257476,64,95.68,8.546775016955165,/srv/bulk/samteway/lab-data/tracking-fast-timing-20260903-v6/captures/fast-200us-5742000000-tx1-20260903T205933.865511Z/run.json
200,5742000000,TX1,ANT2,True,-0.4660096627726793,102.60134633335123,64,95.68,5.226912766994341,/srv/bulk/samteway/lab-data/tracking-fast-timing-20260903-v6/captures/fast-200us-5742000000-tx1-20260903T205933.865511Z/run.json
200,5742000000,TX1,ANT4,True,-14.927644891739453,19.840287419347305,64,95.68,32.57491250437907,/srv/bulk/samteway/lab-data/tracking-fast-timing-20260903-v6/captures/fast-200us-5742000000-tx1-20260903T205933.865511Z/run.json
200,5742000000,TX1,ANT8,True,-14.841107536514214,19.840491301965404,64,95.68,32.80597412891547,/srv/bulk/samteway/lab-data/tracking-fast-timing-20260903-v6/captures/fast-200us-5742000000-tx1-20260903T205933.865511Z/run.json
200,5742000000,TX1,ANT7,True,-8.26112037821242,41.93732473519319,64,95.68,11.508076382028873,/srv/bulk/samteway/lab-data/tracking-fast-timing-20260903-v6/captures/fast-200us-5742000000-tx1-20260903T205933.865511Z/run.json
200,5742000000,TX1,ANT5,True,-3.369163909212295,72.63301232868852,64,95.68,7.1429457327783314,/srv/bulk/samteway/lab-data/tracking-fast-timing-20260903-v6/captures/fast-200us-5742000000-tx1-20260903T205933.865511Z/run.json
200,5742000000,TX2,ANT1,True,7.801625356728064,293.4648654177503,2,2.988,12.684647911417246,/srv/bulk/samteway/lab-data/tracking-fast-timing-20260903-v6/captures/fast-200us-5742000000-tx2-20260903T205946.457576Z/run.json
200,5742000000,TX2,ANT2,True,4.450006335163347,200.409151322552,2,2.988,19.00820402750294,/srv/bulk/samteway/lab-data/tracking-fast-timing-20260903-v6/captures/fast-200us-5742000000-tx2-20260903T205946.457576Z/run.json
200,5742000000,TX2,ANT4,True,13.378015311581281,568.9365035664458,2,2.988,6.483902826899169,/srv/bulk/samteway/lab-data/tracking-fast-timing-20260903-v6/captures/fast-200us-5742000000-tx2-20260903T205946.457576Z/run.json
200,5742000000,TX2,ANT8,True,15.182941195532795,731.8812905468282,2,2.988,5.142654744005301,/srv/bulk/samteway/lab-data/tracking-fast-timing-20260903-v6/captures/fast-200us-5742000000-tx2-20260903T205946.457576Z/run.json
200,5742000000,TX2,ANT7,True,7.832582887205136,307.1361118308454,2,2.988,13.47074693820842,/srv/bulk/samteway/lab-data/tracking-fast-timing-20260903-v6/captures/fast-200us-5742000000-tx2-20260903T205946.457576Z/run.json
200,5742000000,TX2,ANT5,True,10.099068455785702,376.9723610875803,2,2.988,9.123817026833693,/srv/bulk/samteway/lab-data/tracking-fast-timing-20260903-v6/captures/fast-200us-5742000000-tx2-20260903T205946.457576Z/run.json
200,5743000000,TX1,ANT1,True,-5.256840227591319,67.19757772466487,64,95.616,7.562624210412049,/srv/bulk/samteway/lab-data/tracking-fast-timing-20260903-v6/captures/fast-200us-5743000000-tx1-20260903T210001.003772Z/run.json
200,5743000000,TX1,ANT2,True,-1.3617085434697653,93.58932343178232,64,95.616,6.171447740797466,/srv/bulk/samteway/lab-data/tracking-fast-timing-20260903-v6/captures/fast-200us-5743000000-tx1-20260903T210001.003772Z/run.json
200,5743000000,TX1,ANT4,True,-14.174451110035559,21.422583454002687,64,95.616,29.545570716725784,/srv/bulk/samteway/lab-data/tracking-fast-timing-20260903-v6/captures/fast-200us-5743000000-tx1-20260903T210001.003772Z/run.json
200,5743000000,TX1,ANT8,True,-13.682130132189933,22.625265565881776,64,95.616,21.002711293914135,/srv/bulk/samteway/lab-data/tracking-fast-timing-20260903-v6/captures/fast-200us-5743000000-tx1-20260903T210001.003772Z/run.json
200,5743000000,TX1,ANT7,True,-9.037774521444174,38.291641514264924,64,95.616,14.922815918661092,/srv/bulk/samteway/lab-data/tracking-fast-timing-20260903-v6/captures/fast-200us-5743000000-tx1-20260903T210001.003772Z/run.json
200,5743000000,TX1,ANT5,True,-4.4492780872737665,65.44922637988908,64,95.616,6.574033597586774,/srv/bulk/samteway/lab-data/tracking-fast-timing-20260903-v6/captures/fast-200us-5743000000-tx1-20260903T210001.003772Z/run.json
200,5743000000,TX2,ANT1,True,8.724876967728036,303.7865550898319,1,1.494,15.566088350791395,/srv/bulk/samteway/lab-data/tracking-fast-timing-20260903-v6/captures/fast-200us-5743000000-tx2-20260903T210014.168811Z/run.json
200,5743000000,TX2,ANT2,True,4.97571729387455,188.10589984740486,1,1.494,25.970046261015476,/srv/bulk/samteway/lab-data/tracking-fast-timing-20260903-v6/captures/fast-200us-5743000000-tx2-20260903T210014.168811Z/run.json
200,5743000000,TX2,ANT4,True,14.369078668701427,578.3252350106084,1,1.494,7.724976380566193,/srv/bulk/samteway/lab-data/tracking-fast-timing-20260903-v6/captures/fast-200us-5743000000-tx2-20260903T210014.168811Z/run.json
200,5743000000,TX2,ANT8,True,16.621736414922292,763.8194373805194,1,1.494,5.727496905158383,/srv/bulk/samteway/lab-data/tracking-fast-timing-20260903-v6/captures/fast-200us-5743000000-tx2-20260903T210014.168811Z/run.json
200,5743000000,TX2,ANT7,True,9.690587039856167,322.0216152070633,1,1.494,13.650206441380988,/srv/bulk/samteway/lab-data/tracking-fast-timing-20260903-v6/captures/fast-200us-5743000000-tx2-20260903T210014.168811Z/run.json
200,5743000000,TX2,ANT5,True,11.61368969466697,413.7188003265227,1,1.494,10.401303581494446,/srv/bulk/samteway/lab-data/tracking-fast-timing-20260903-v6/captures/fast-200us-5743000000-tx2-20260903T210014.168811Z/run.json
200,5744000000,TX1,ANT1,True,-4.781960031397335,68.53637758502371,64,95.616,7.500378731222167,/srv/bulk/samteway/lab-data/tracking-fast-timing-20260903-v6/captures/fast-200us-5744000000-tx1-20260903T210028.364268Z/run.json
200,5744000000,TX1,ANT2,True,-1.2979472785212456,94.6280489713911,64,95.616,5.447816378709178,/srv/bulk/samteway/lab-data/tracking-fast-timing-20260903-v6/captures/fast-200us-5744000000-tx1-20260903T210028.364268Z/run.json
200,5744000000,TX1,ANT4,True,-14.160252611239041,21.314143473479085,64,95.616,24.701369949804622,/srv/bulk/samteway/lab-data/tracking-fast-timing-20260903-v6/captures/fast-200us-5744000000-tx1-20260903T210028.364268Z/run.json
200,5744000000,TX1,ANT8,True,-13.62999588823709,22.875794171986385,64,95.616,18.015234615915812,/srv/bulk/samteway/lab-data/tracking-fast-timing-20260903-v6/captures/fast-200us-5744000000-tx1-20260903T210028.364268Z/run.json
200,5744000000,TX1,ANT7,True,-9.074671886211387,38.636798138985505,64,95.616,11.73612691368407,/srv/bulk/samteway/lab-data/tracking-fast-timing-20260903-v6/captures/fast-200us-5744000000-tx1-20260903T210028.364268Z/run.json
200,5744000000,TX1,ANT5,True,-4.143603691510188,68.36226249833693,64,95.616,8.428706488203288,/srv/bulk/samteway/lab-data/tracking-fast-timing-20260903-v6/captures/fast-200us-5744000000-tx1-20260903T210028.364268Z/run.json
200,5744000000,TX2,ANT1,True,8.862192208946727,300.44131030542286,1,1.494,15.276982031205554,/srv/bulk/samteway/lab-data/tracking-fast-timing-20260903-v6/captures/fast-200us-5744000000-tx2-20260903T210040.907999Z/run.json
200,5744000000,TX2,ANT2,True,4.699330277270199,183.67138399229552,1,1.494,26.981744706515126,/srv/bulk/samteway/lab-data/tracking-fast-timing-20260903-v6/captures/fast-200us-5744000000-tx2-20260903T210040.907999Z/run.json
200,5744000000,TX2,ANT4,True,14.483248726958696,567.6192880131324,1,1.494,7.536494219775183,/srv/bulk/samteway/lab-data/tracking-fast-timing-20260903-v6/captures/fast-200us-5744000000-tx2-20260903T210040.907999Z/run.json
200,5744000000,TX2,ANT8,True,16.877740021353844,758.048742644196,1,1.494,5.714998463617184,/srv/bulk/samteway/lab-data/tracking-fast-timing-20260903-v6/captures/fast-200us-5744000000-tx2-20260903T210040.907999Z/run.json
200,5744000000,TX2,ANT7,True,9.52286230501209,318.39191055071666,1,1.494,14.041209015843092,/srv/bulk/samteway/lab-data/tracking-fast-timing-20260903-v6/captures/fast-200us-5744000000-tx2-20260903T210040.907999Z/run.json
200,5744000000,TX2,ANT5,True,11.682908268793454,411.36542997115936,1,1.494,10.727520272680373,/srv/bulk/samteway/lab-data/tracking-fast-timing-20260903-v6/captures/fast-200us-5744000000-tx2-20260903T210040.907999Z/run.json
200,5745000000,TX1,ANT1,True,-5.477474365508418,65.83995438840061,64,95.616,8.696384802814016,/srv/bulk/samteway/lab-data/tracking-fast-timing-20260903-v6/captures/fast-200us-5745000000-tx1-20260903T210055.238038Z/run.json
200,5745000000,TX1,ANT2,True,-2.382742846968626,85.7210620515947,64,95.616,5.4410577927483175,/srv/bulk/samteway/lab-data/tracking-fast-timing-20260903-v6/captures/fast-200us-5745000000-tx1-20260903T210055.238038Z/run.json
200,5745000000,TX1,ANT4,True,-13.69704645100975,23.893982256293395,64,95.616,22.065710220280646,/srv/bulk/samteway/lab-data/tracking-fast-timing-20260903-v6/captures/fast-200us-5745000000-tx1-20260903T210055.238038Z/run.json
200,5745000000,TX1,ANT8,True,-13.968996550980721,22.686227795352856,64,95.616,22.538418647547363,/srv/bulk/samteway/lab-data/tracking-fast-timing-20260903-v6/captures/fast-200us-5745000000-tx1-20260903T210055.238038Z/run.json
200,5745000000,TX1,ANT7,True,-10.45101628745506,33.19792253669309,64,95.616,13.781718097718036,/srv/bulk/samteway/lab-data/tracking-fast-timing-20260903-v6/captures/fast-200us-5745000000-tx1-20260903T210055.238038Z/run.json
200,5745000000,TX1,ANT5,True,-5.0407409477828,61.94269297969305,64,95.616,8.522843031174004,/srv/bulk/samteway/lab-data/tracking-fast-timing-20260903-v6/captures/fast-200us-5745000000-tx1-20260903T210055.238038Z/run.json
200,5745000000,TX2,ANT1,True,8.258511540238867,286.5069698798405,2,2.988,11.465246937190855,/srv/bulk/samteway/lab-data/tracking-fast-timing-20260903-v6/captures/fast-200us-5745000000-tx2-20260903T210108.154394Z/run.json
200,5745000000,TX2,ANT2,True,4.68200636614784,180.83067348752954,2,2.988,18.365957749241097,/srv/bulk/samteway/lab-data/tracking-fast-timing-20260903-v6/captures/fast-200us-5745000000-tx2-20260903T210108.154394Z/run.json
200,5745000000,TX2,ANT4,True,14.011095221814713,550.1727147913952,2,2.988,5.8100051028836806,/srv/bulk/samteway/lab-data/tracking-fast-timing-20260903-v6/captures/fast-200us-5745000000-tx2-20260903T210108.154394Z/run.json
200,5745000000,TX2,ANT8,True,16.631023649329602,738.6251591155279,2,2.988,4.174590017370052,/srv/bulk/samteway/lab-data/tracking-fast-timing-20260903-v6/captures/fast-200us-5745000000-tx2-20260903T210108.154394Z/run.json
200,5745000000,TX2,ANT7,True,9.132380945626974,312.1510070436789,2,2.988,11.688654309484795,/srv/bulk/samteway/lab-data/tracking-fast-timing-20260903-v6/captures/fast-200us-5745000000-tx2-20260903T210108.154394Z/run.json
200,5745000000,TX2,ANT5,True,11.00794432361836,396.19663659660347,2,2.988,8.642349702581857,/srv/bulk/samteway/lab-data/tracking-fast-timing-20260903-v6/captures/fast-200us-5745000000-tx2-20260903T210108.154394Z/run.json
200,5746000000,TX1,ANT1,True,-4.682465142129189,67.69398698223428,64,95.616,8.338799607942896,/srv/bulk/samteway/lab-data/tracking-fast-timing-20260903-v6/captures/fast-200us-5746000000-tx1-20260903T210122.101452Z/run.json
200,5746000000,TX1,ANT2,True,-0.8882384489581274,92.48960580996395,64,95.616,4.704170685029034,/srv/bulk/samteway/lab-data/tracking-fast-timing-20260903-v6/captures/fast-200us-5746000000-tx1-20260903T210122.101452Z/run.json
200,5746000000,TX1,ANT4,True,-12.169092336317702,25.822868937877825,64,95.616,21.12124445940232,/srv/bulk/samteway/lab-data/tracking-fast-timing-20260903-v6/captures/fast-200us-5746000000-tx1-20260903T210122.101452Z/run.json
200,5746000000,TX1,ANT8,True,-13.451264934224266,22.079093846617567,64,95.616,23.563020384486347,/srv/bulk/samteway/lab-data/tracking-fast-timing-20260903-v6/captures/fast-200us-5746000000-tx1-20260903T210122.101452Z/run.json
200,5746000000,TX1,ANT7,True,-10.152856359305877,32.6137328717175,64,95.616,15.110559122550285,/srv/bulk/samteway/lab-data/tracking-fast-timing-20260903-v6/captures/fast-200us-5746000000-tx1-20260903T210122.101452Z/run.json
200,5746000000,TX1,ANT5,True,-3.5892845202567476,69.48066731739621,64,95.616,6.425537659008436,/srv/bulk/samteway/lab-data/tracking-fast-timing-20260903-v6/captures/fast-200us-5746000000-tx1-20260903T210122.101452Z/run.json
200,5746000000,TX2,ANT1,True,8.165204520085998,274.0965690071472,2,2.988,12.307924991525077,/srv/bulk/samteway/lab-data/tracking-fast-timing-20260903-v6/captures/fast-200us-5746000000-tx2-20260903T210134.659546Z/run.json
200,5746000000,TX2,ANT2,True,4.273607499612183,170.8962462742942,2,2.988,20.010992726276474,/srv/bulk/samteway/lab-data/tracking-fast-timing-20260903-v6/captures/fast-200us-5746000000-tx2-20260903T210134.659546Z/run.json
200,5746000000,TX2,ANT4,True,13.585556175191176,523.0466446174637,2,2.988,6.088452761055819,/srv/bulk/samteway/lab-data/tracking-fast-timing-20260903-v6/captures/fast-200us-5746000000-tx2-20260903T210134.659546Z/run.json
200,5746000000,TX2,ANT8,True,16.33805420546347,707.703897352321,2,2.988,4.482783108445522,/srv/bulk/samteway/lab-data/tracking-fast-timing-20260903-v6/captures/fast-200us-5746000000-tx2-20260903T210134.659546Z/run.json
200,5746000000,TX2,ANT7,True,9.119881120102319,299.0270333588601,2,2.988,11.073217887108893,/srv/bulk/samteway/lab-data/tracking-fast-timing-20260903-v6/captures/fast-200us-5746000000-tx2-20260903T210134.659546Z/run.json
200,5746000000,TX2,ANT5,True,11.0418239683725,381.0531751312733,2,2.988,8.644192310817363,/srv/bulk/samteway/lab-data/tracking-fast-timing-20260903-v6/captures/fast-200us-5746000000-tx2-20260903T210134.659546Z/run.json
200,5747000000,TX1,ANT1,True,-4.901877901992054,66.39697747554783,64,95.616,6.8757634954521984,/srv/bulk/samteway/lab-data/tracking-fast-timing-20260903-v6/captures/fast-200us-5747000000-tx1-20260903T210149.168170Z/run.json
200,5747000000,TX1,ANT2,True,-2.31004722734152,81.36071681355266,64,95.616,5.8246913601820856,/srv/bulk/samteway/lab-data/tracking-fast-timing-20260903-v6/captures/fast-200us-5747000000-tx1-20260903T210149.168170Z/run.json
200,5747000000,TX1,ANT4,True,-11.27354744881969,29.331903574996556,64,95.616,19.191311455631045,/srv/bulk/samteway/lab-data/tracking-fast-timing-20260903-v6/captures/fast-200us-5747000000-tx1-20260903T210149.168170Z/run.json
200,5747000000,TX1,ANT8,True,-13.102719636836124,23.52028430586424,64,95.616,17.61412233727475,/srv/bulk/samteway/lab-data/tracking-fast-timing-20260903-v6/captures/fast-200us-5747000000-tx1-20260903T210149.168170Z/run.json
200,5747000000,TX1,ANT7,True,-11.686376078345862,27.80865250182873,64,95.616,18.893593279030743,/srv/bulk/samteway/lab-data/tracking-fast-timing-20260903-v6/captures/fast-200us-5747000000-tx1-20260903T210149.168170Z/run.json
200,5747000000,TX1,ANT5,True,-4.703386558822177,62.58255827738584,64,95.616,9.133134033035482,/srv/bulk/samteway/lab-data/tracking-fast-timing-20260903-v6/captures/fast-200us-5747000000-tx1-20260903T210149.168170Z/run.json
200,5747000000,TX2,ANT1,True,7.88038849268356,269.9811025479457,2,2.988,12.178212023818407,/srv/bulk/samteway/lab-data/tracking-fast-timing-20260903-v6/captures/fast-200us-5747000000-tx2-20260903T210201.930675Z/run.json
200,5747000000,TX2,ANT2,True,4.05837019292006,166.68145843078634,2,2.988,19.74672920374919,/srv/bulk/samteway/lab-data/tracking-fast-timing-20260903-v6/captures/fast-200us-5747000000-tx2-20260903T210201.930675Z/run.json
200,5747000000,TX2,ANT4,True,13.442870741234689,515.836391147753,2,2.988,6.2072181475064765,/srv/bulk/samteway/lab-data/tracking-fast-timing-20260903-v6/captures/fast-200us-5747000000-tx2-20260903T210201.930675Z/run.json
200,5747000000,TX2,ANT8,True,15.665611647594808,692.9542099391986,2,2.988,4.5405068481690165,/srv/bulk/samteway/lab-data/tracking-fast-timing-20260903-v6/captures/fast-200us-5747000000-tx2-20260903T210201.930675Z/run.json
200,5747000000,TX2,ANT7,True,8.612972544376182,293.92716034756285,2,2.988,11.550495461226387,/srv/bulk/samteway/lab-data/tracking-fast-timing-20260903-v6/captures/fast-200us-5747000000-tx2-20260903T210201.930675Z/run.json
200,5747000000,TX2,ANT5,True,10.604311533527506,376.6209440841475,2,2.988,8.351459301479734,/srv/bulk/samteway/lab-data/tracking-fast-timing-20260903-v6/captures/fast-200us-5747000000-tx2-20260903T210201.930675Z/run.json
200,5748000000,TX1,ANT1,True,-5.221427842313689,64.36336433800018,128,191.232,6.526309507758733,/srv/bulk/samteway/lab-data/tracking-fast-timing-20260903-v6/captures/fast-200us-5748000000-tx1-20260903T210217.168058Z/run.json
200,5748000000,TX1,ANT2,True,-1.8553120254501334,85.56973753981875,128,191.232,3.7392030698662095,/srv/bulk/samteway/lab-data/tracking-fast-timing-20260903-v6/captures/fast-200us-5748000000-tx1-20260903T210217.168058Z/run.json
200,5748000000,TX1,ANT4,True,-20.238297036266278,35.23680810745415,128,191.232,19.417905509731437,/srv/bulk/samteway/lab-data/tracking-fast-timing-20260903-v6/captures/fast-200us-5748000000-tx1-20260903T210217.168058Z/run.json
200,5748000000,TX1,ANT8,True,-13.62704886766689,22.68043925990908,128,191.232,17.030263766355095,/srv/bulk/samteway/lab-data/tracking-fast-timing-20260903-v6/captures/fast-200us-5748000000-tx1-20260903T210217.168058Z/run.json
200,5748000000,TX1,ANT7,True,-12.528909308859344,25.383760687639676,128,191.232,13.291059282182527,/srv/bulk/samteway/lab-data/tracking-fast-timing-20260903-v6/captures/fast-200us-5748000000-tx1-20260903T210217.168058Z/run.json
200,5748000000,TX1,ANT5,True,-4.914133275000997,59.32433045277192,128,191.232,6.6284977493526895,/srv/bulk/samteway/lab-data/tracking-fast-timing-20260903-v6/captures/fast-200us-5748000000-tx1-20260903T210217.168058Z/run.json
200,5748000000,TX2,ANT1,True,7.042697482268794,258.0873647792645,2,2.988,13.790309227578765,/srv/bulk/samteway/lab-data/tracking-fast-timing-20260903-v6/captures/fast-200us-5748000000-tx2-20260903T210229.796986Z/run.json
200,5748000000,TX2,ANT2,True,3.3703667101460066,159.60429939351334,2,2.988,22.361182509591327,/srv/bulk/samteway/lab-data/tracking-fast-timing-20260903-v6/captures/fast-200us-5748000000-tx2-20260903T210229.796986Z/run.json
200,5748000000,TX2,ANT4,True,12.987104081228262,498.75951723848135,2,2.988,6.831241875393466,/srv/bulk/samteway/lab-data/tracking-fast-timing-20260903-v6/captures/fast-200us-5748000000-tx2-20260903T210229.796986Z/run.json
200,5748000000,TX2,ANT8,True,15.398113942452197,674.2455397751327,2,2.988,5.000448044591407,/srv/bulk/samteway/lab-data/tracking-fast-timing-20260903-v6/captures/fast-200us-5748000000-tx2-20260903T210229.796986Z/run.json
200,5748000000,TX2,ANT7,True,8.032710579055657,284.0732870433009,2,2.988,13.117438972887568,/srv/bulk/samteway/lab-data/tracking-fast-timing-20260903-v6/captures/fast-200us-5748000000-tx2-20260903T210229.796986Z/run.json
200,5748000000,TX2,ANT5,True,10.494617335757923,361.81845319422916,2,2.988,9.126191686541912,/srv/bulk/samteway/lab-data/tracking-fast-timing-20260903-v6/captures/fast-200us-5748000000-tx2-20260903T210229.796986Z/run.json
200,5749000000,TX1,ANT1,True,-4.929064676718093,61.89522785048944,64,95.616,7.774572501774564,/srv/bulk/samteway/lab-data/tracking-fast-timing-20260903-v6/captures/fast-200us-5749000000-tx1-20260903T210244.804322Z/run.json
200,5749000000,TX1,ANT2,True,-2.2465918894931876,75.9386306131589,64,95.616,5.528140867487361,/srv/bulk/samteway/lab-data/tracking-fast-timing-20260903-v6/captures/fast-200us-5749000000-tx1-20260903T210244.804322Z/run.json
200,5749000000,TX1,ANT4,True,-9.870764106578386,32.5295205710494,64,95.616,12.6468979955558,/srv/bulk/samteway/lab-data/tracking-fast-timing-20260903-v6/captures/fast-200us-5749000000-tx1-20260903T210244.804322Z/run.json
200,5749000000,TX1,ANT8,True,-12.521117759347707,23.640248019093853,64,95.616,21.655645643896708,/srv/bulk/samteway/lab-data/tracking-fast-timing-20260903-v6/captures/fast-200us-5749000000-tx1-20260903T210244.804322Z/run.json
200,5749000000,TX1,ANT7,True,-13.15014796342413,21.48108020993304,64,95.616,22.93892283785634,/srv/bulk/samteway/lab-data/tracking-fast-timing-20260903-v6/captures/fast-200us-5749000000-tx1-20260903T210244.804322Z/run.json
200,5749000000,TX1,ANT5,True,-5.141028353345609,55.256118291227025,64,95.616,8.338675565373316,/srv/bulk/samteway/lab-data/tracking-fast-timing-20260903-v6/captures/fast-200us-5749000000-tx1-20260903T210244.804322Z/run.json
200,5749000000,TX2,ANT1,True,7.244910826423148,250.18326686886365,2,2.988,13.457681564197431,/srv/bulk/samteway/lab-data/tracking-fast-timing-20260903-v6/captures/fast-200us-5749000000-tx2-20260903T210258.397866Z/run.json
200,5749000000,TX2,ANT2,True,3.0521357030646215,151.33044015639874,2,2.988,23.52101368200363,/srv/bulk/samteway/lab-data/tracking-fast-timing-20260903-v6/captures/fast-200us-5749000000-tx2-20260903T210258.397866Z/run.json
200,5749000000,TX2,ANT4,True,12.850978093946988,480.2646725866593,2,2.988,6.784930168781909,/srv/bulk/samteway/lab-data/tracking-fast-timing-20260903-v6/captures/fast-200us-5749000000-tx2-20260903T210258.397866Z/run.json
200,5749000000,TX2,ANT8,True,15.150661345149572,651.8497631481534,2,2.988,4.955619825399489,/srv/bulk/samteway/lab-data/tracking-fast-timing-20260903-v6/captures/fast-200us-5749000000-tx2-20260903T210258.397866Z/run.json
200,5749000000,TX2,ANT7,True,8.368994664999652,277.70419629945286,2,2.988,11.574892135177345,/srv/bulk/samteway/lab-data/tracking-fast-timing-20260903-v6/captures/fast-200us-5749000000-tx2-20260903T210258.397866Z/run.json
200,5749000000,TX2,ANT5,True,10.572909025232367,356.3363284767781,2,2.988,8.547401348793642,/srv/bulk/samteway/lab-data/tracking-fast-timing-20260903-v6/captures/fast-200us-5749000000-tx2-20260903T210258.397866Z/run.json
200,5750000000,TX1,ANT1,True,-5.445617183579713,60.84737809659529,128,191.232,5.249134755326994,/srv/bulk/samteway/lab-data/tracking-fast-timing-20260903-v6/captures/fast-200us-5750000000-tx1-20260903T210312.558801Z/run.json
200,5750000000,TX1,ANT2,True,-3.6714214350745404,71.2217930924154,128,191.232,5.531653206965603,/srv/bulk/samteway/lab-data/tracking-fast-timing-20260903-v6/captures/fast-200us-5750000000-tx1-20260903T210312.558801Z/run.json
200,5750000000,TX1,ANT4,True,-9.462567900013017,35.26319556449831,128,191.232,8.329599919748725,/srv/bulk/samteway/lab-data/tracking-fast-timing-20260903-v6/captures/fast-200us-5750000000-tx1-20260903T210312.558801Z/run.json
200,5750000000,TX1,ANT8,True,-12.191019864627332,26.259146031992433,128,191.232,12.855062628842898,/srv/bulk/samteway/lab-data/tracking-fast-timing-20260903-v6/captures/fast-200us-5750000000-tx1-20260903T210312.558801Z/run.json
200,5750000000,TX1,ANT7,True,-15.396247755196056,18.181575968206104,128,191.232,17.686066053627453,/srv/bulk/samteway/lab-data/tracking-fast-timing-20260903-v6/captures/fast-200us-5750000000-tx1-20260903T210312.558801Z/run.json
200,5750000000,TX1,ANT5,True,-5.533422789857017,53.880651296131674,128,191.232,5.956767384285555,/srv/bulk/samteway/lab-data/tracking-fast-timing-20260903-v6/captures/fast-200us-5750000000-tx1-20260903T210312.558801Z/run.json
200,5750000000,TX2,ANT1,True,7.4014939675354965,251.26700700725283,2,2.988,13.612784368181874,/srv/bulk/samteway/lab-data/tracking-fast-timing-20260903-v6/captures/fast-200us-5750000000-tx2-20260903T210325.122871Z/run.json
200,5750000000,TX2,ANT2,True,3.2015445924866497,148.915654862463,2,2.988,22.74713024114519,/srv/bulk/samteway/lab-data/tracking-fast-timing-20260903-v6/captures/fast-200us-5750000000-tx2-20260903T210325.122871Z/run.json
200,5750000000,TX2,ANT4,True,12.999328290169753,475.8310968273343,2,2.988,6.54878747300948,/srv/bulk/samteway/lab-data/tracking-fast-timing-20260903-v6/captures/fast-200us-5750000000-tx2-20260903T210325.122871Z/run.json
200,5750000000,TX2,ANT8,True,15.63597325902257,661.0114161953126,2,2.988,4.890586213653962,/srv/bulk/samteway/lab-data/tracking-fast-timing-20260903-v6/captures/fast-200us-5750000000-tx2-20260903T210325.122871Z/run.json
200,5750000000,TX2,ANT7,True,8.638084152773411,284.09182520651797,2,2.988,11.70025244701665,/srv/bulk/samteway/lab-data/tracking-fast-timing-20260903-v6/captures/fast-200us-5750000000-tx2-20260903T210325.122871Z/run.json
200,5750000000,TX2,ANT5,True,10.618819964172415,363.9469580829078,2,2.988,8.677265858420666,/srv/bulk/samteway/lab-data/tracking-fast-timing-20260903-v6/captures/fast-200us-5750000000-tx2-20260903T210325.122871Z/run.json
200,5751000000,TX1,ANT1,True,-4.868908656179368,62.142960577734044,128,191.36,7.402941611432449,/srv/bulk/samteway/lab-data/tracking-fast-timing-20260903-v6/captures/fast-200us-5751000000-tx1-20260903T210339.676241Z/run.json
200,5751000000,TX1,ANT2,True,-3.451758784496479,69.94700260866581,128,191.36,5.8090604194643,/srv/bulk/samteway/lab-data/tracking-fast-timing-20260903-v6/captures/fast-200us-5751000000-tx1-20260903T210339.676241Z/run.json
200,5751000000,TX1,ANT4,True,-9.462449412982338,35.32899702486232,128,191.36,11.032501768095626,/srv/bulk/samteway/lab-data/tracking-fast-timing-20260903-v6/captures/fast-200us-5751000000-tx1-20260903T210339.676241Z/run.json
200,5751000000,TX1,ANT8,True,-12.484418360335635,24.905033305501682,128,191.36,14.312971652939341,/srv/bulk/samteway/lab-data/tracking-fast-timing-20260903-v6/captures/fast-200us-5751000000-tx1-20260903T210339.676241Z/run.json
200,5751000000,TX1,ANT7,True,-15.145042942959785,17.980289913677176,128,191.36,23.756090847428435,/srv/bulk/samteway/lab-data/tracking-fast-timing-20260903-v6/captures/fast-200us-5751000000-tx1-20260903T210339.676241Z/run.json
200,5751000000,TX1,ANT5,True,-5.469168449395601,53.7377818547392,128,191.36,6.639063957841093,/srv/bulk/samteway/lab-data/tracking-fast-timing-20260903-v6/captures/fast-200us-5751000000-tx1-20260903T210339.676241Z/run.json
200,5751000000,TX2,ANT1,True,7.016800164065318,235.8104647800749,2,2.988,14.231139070470052,/srv/bulk/samteway/lab-data/tracking-fast-timing-20260903-v6/captures/fast-200us-5751000000-tx2-20260903T210352.274984Z/run.json
200,5751000000,TX2,ANT2,True,2.7551041288281124,138.26344305619003,2,2.988,24.253562220731723,/srv/bulk/samteway/lab-data/tracking-fast-timing-20260903-v6/captures/fast-200us-5751000000-tx2-20260903T210352.274984Z/run.json
200,5751000000,TX2,ANT4,True,12.573268215647218,441.8572082443011,2,2.988,7.220545702837896,/srv/bulk/samteway/lab-data/tracking-fast-timing-20260903-v6/captures/fast-200us-5751000000-tx2-20260903T210352.274984Z/run.json
200,5751000000,TX2,ANT8,True,15.016955940519193,618.9437946715065,2,2.988,5.0087590908017985,/srv/bulk/samteway/lab-data/tracking-fast-timing-20260903-v6/captures/fast-200us-5751000000-tx2-20260903T210352.274984Z/run.json
200,5751000000,TX2,ANT7,True,8.281426561537604,266.14660628720117,2,2.988,11.957751999202156,/srv/bulk/samteway/lab-data/tracking-fast-timing-20260903-v6/captures/fast-200us-5751000000-tx2-20260903T210352.274984Z/run.json
200,5751000000,TX2,ANT5,True,10.355647751682572,342.46687469666773,2,2.988,9.043934497754826,/srv/bulk/samteway/lab-data/tracking-fast-timing-20260903-v6/captures/fast-200us-5751000000-tx2-20260903T210352.274984Z/run.json
200,5752000000,TX1,ANT1,True,-5.366863410827165,62.11891146026929,128,191.36,4.829786633065338,/srv/bulk/samteway/lab-data/tracking-fast-timing-20260903-v6/captures/fast-200us-5752000000-tx1-20260903T210406.414968Z/run.json
200,5752000000,TX1,ANT2,True,-3.8111348201183444,69.49671078970216,128,191.36,5.903056252108116,/srv/bulk/samteway/lab-data/tracking-fast-timing-20260903-v6/captures/fast-200us-5752000000-tx1-20260903T210406.414968Z/run.json
200,5752000000,TX1,ANT4,True,-8.667452273064438,40.24658207794759,128,191.36,7.123424149733208,/srv/bulk/samteway/lab-data/tracking-fast-timing-20260903-v6/captures/fast-200us-5752000000-tx1-20260903T210406.414968Z/run.json
200,5752000000,TX1,ANT8,True,-12.163888233148665,26.829173857478313,128,191.36,12.039452920099958,/srv/bulk/samteway/lab-data/tracking-fast-timing-20260903-v6/captures/fast-200us-5752000000-tx1-20260903T210406.414968Z/run.json
200,5752000000,TX1,ANT7,True,-19.321731113161114,11.618389443461025,128,191.36,33.716385966173384,/srv/bulk/samteway/lab-data/tracking-fast-timing-20260903-v6/captures/fast-200us-5752000000-tx1-20260903T210406.414968Z/run.json
200,5752000000,TX1,ANT5,True,-6.151272332454562,49.991520025431505,128,191.36,8.318650081479257,/srv/bulk/samteway/lab-data/tracking-fast-timing-20260903-v6/captures/fast-200us-5752000000-tx1-20260903T210406.414968Z/run.json
200,5752000000,TX2,ANT1,True,7.1635968220809385,241.940661242439,2,2.988,13.421584500479259,/srv/bulk/samteway/lab-data/tracking-fast-timing-20260903-v6/captures/fast-200us-5752000000-tx2-20260903T210418.856591Z/run.json
200,5752000000,TX2,ANT2,True,2.374418632023171,133.74990457422732,2,2.988,26.405181392643932,/srv/bulk/samteway/lab-data/tracking-fast-timing-20260903-v6/captures/fast-200us-5752000000-tx2-20260903T210418.856591Z/run.json
200,5752000000,TX2,ANT4,True,12.824538021940715,447.1551453859792,2,2.988,6.899466556737464,/srv/bulk/samteway/lab-data/tracking-fast-timing-20260903-v6/captures/fast-200us-5752000000-tx2-20260903T210418.856591Z/run.json
200,5752000000,TX2,ANT8,True,15.670501413793655,641.0691382992725,2,2.988,4.931576334739306,/srv/bulk/samteway/lab-data/tracking-fast-timing-20260903-v6/captures/fast-200us-5752000000-tx2-20260903T210418.856591Z/run.json
200,5752000000,TX2,ANT7,True,8.908412393633117,282.1792728855676,2,2.988,10.640732330308328,/srv/bulk/samteway/lab-data/tracking-fast-timing-20260903-v6/captures/fast-200us-5752000000-tx2-20260903T210418.856591Z/run.json
200,5752000000,TX2,ANT5,True,10.85336973724517,360.628838006065,2,2.988,8.585137158951746,/srv/bulk/samteway/lab-data/tracking-fast-timing-20260903-v6/captures/fast-200us-5752000000-tx2-20260903T210418.856591Z/run.json
200,5753000000,TX1,ANT1,True,-4.096301315872074,69.45895526961522,128,191.232,4.803071714543781,/srv/bulk/samteway/lab-data/tracking-fast-timing-20260903-v6/captures/fast-200us-5753000000-tx1-20260903T210433.198675Z/run.json
200,5753000000,TX1,ANT2,True,-3.171079076633083,69.89080028960736,128,191.232,3.7111055933326904,/srv/bulk/samteway/lab-data/tracking-fast-timing-20260903-v6/captures/fast-200us-5753000000-tx1-20260903T210433.198675Z/run.json
200,5753000000,TX1,ANT4,True,-7.44635593965344,42.252221293339986,128,191.232,8.16849993469965,/srv/bulk/samteway/lab-data/tracking-fast-timing-20260903-v6/captures/fast-200us-5753000000-tx1-20260903T210433.198675Z/run.json
200,5753000000,TX1,ANT8,True,-9.75852302344496,31.888270701542424,128,191.232,13.272446971585772,/srv/bulk/samteway/lab-data/tracking-fast-timing-20260903-v6/captures/fast-200us-5753000000-tx1-20260903T210433.198675Z/run.json
200,5753000000,TX1,ANT7,True,-18.79235625381021,11.547647910395627,128,191.232,45.06283181483277,/srv/bulk/samteway/lab-data/tracking-fast-timing-20260903-v6/captures/fast-200us-5753000000-tx1-20260903T210433.198675Z/run.json
200,5753000000,TX1,ANT5,True,-6.103439842840581,50.1153790025173,128,191.232,8.640732437138695,/srv/bulk/samteway/lab-data/tracking-fast-timing-20260903-v6/captures/fast-200us-5753000000-tx1-20260903T210433.198675Z/run.json
200,5753000000,TX2,ANT1,True,7.6522531181494715,234.15971631280797,2,2.99,12.874416138125778,/srv/bulk/samteway/lab-data/tracking-fast-timing-20260903-v6/captures/fast-200us-5753000000-tx2-20260903T210445.852159Z/run.json
200,5753000000,TX2,ANT2,True,2.9638501457024673,133.06385102247577,2,2.99,23.78597743062852,/srv/bulk/samteway/lab-data/tracking-fast-timing-20260903-v6/captures/fast-200us-5753000000-tx2-20260903T210445.852159Z/run.json
200,5753000000,TX2,ANT4,True,13.01352720265614,431.32839176308863,2,2.99,6.625431424263301,/srv/bulk/samteway/lab-data/tracking-fast-timing-20260903-v6/captures/fast-200us-5753000000-tx2-20260903T210445.852159Z/run.json
200,5753000000,TX2,ANT8,True,16.075086777243182,623.1210540450113,2,2.99,4.576086382576937,/srv/bulk/samteway/lab-data/tracking-fast-timing-20260903-v6/captures/fast-200us-5753000000-tx2-20260903T210445.852159Z/run.json
200,5753000000,TX2,ANT7,True,9.317739541460178,272.0757027409519,2,2.99,10.328682537839315,/srv/bulk/samteway/lab-data/tracking-fast-timing-20260903-v6/captures/fast-200us-5753000000-tx2-20260903T210445.852159Z/run.json
200,5753000000,TX2,ANT5,True,11.49212482323894,354.75444098345304,2,2.99,7.836990937946655,/srv/bulk/samteway/lab-data/tracking-fast-timing-20260903-v6/captures/fast-200us-5753000000-tx2-20260903T210445.852159Z/run.json
200,5754000000,TX1,ANT1,True,-4.788100319117305,66.40299649950924,128,191.232,5.397181897582875,/srv/bulk/samteway/lab-data/tracking-fast-timing-20260903-v6/captures/fast-200us-5754000000-tx1-20260903T210500.133367Z/run.json
200,5754000000,TX1,ANT2,True,-4.399058870808106,65.09608130898663,128,191.232,8.328980803818238,/srv/bulk/samteway/lab-data/tracking-fast-timing-20260903-v6/captures/fast-200us-5754000000-tx1-20260903T210500.133367Z/run.json
200,5754000000,TX1,ANT4,True,-7.9251367390886776,43.53124063399493,128,191.232,8.513441806440671,/srv/bulk/samteway/lab-data/tracking-fast-timing-20260903-v6/captures/fast-200us-5754000000-tx1-20260903T210500.133367Z/run.json
200,5754000000,TX1,ANT8,True,-12.093065497767583,26.967223016431802,128,191.232,15.354648672610098,/srv/bulk/samteway/lab-data/tracking-fast-timing-20260903-v6/captures/fast-200us-5754000000-tx1-20260903T210500.133367Z/run.json
200,5754000000,TX1,ANT7,False,-24.489657202626823,6.333101231787696,128,191.232,54.69968815286344,/srv/bulk/samteway/lab-data/tracking-fast-timing-20260903-v6/captures/fast-200us-5754000000-tx1-20260903T210500.133367Z/run.json
200,5754000000,TX1,ANT5,True,-6.753369032287486,47.092885412548114,128,191.232,5.902813535249367,/srv/bulk/samteway/lab-data/tracking-fast-timing-20260903-v6/captures/fast-200us-5754000000-tx1-20260903T210500.133367Z/run.json
200,5754000000,TX2,ANT1,True,6.281571265347261,218.9381361575013,2,2.988,15.416903582521453,/srv/bulk/samteway/lab-data/tracking-fast-timing-20260903-v6/captures/fast-200us-5754000000-tx2-20260903T210513.154598Z/run.json
200,5754000000,TX2,ANT2,True,1.5571529008517877,122.47811759551958,2,2.988,29.295430423443527,/srv/bulk/samteway/lab-data/tracking-fast-timing-20260903-v6/captures/fast-200us-5754000000-tx2-20260903T210513.154598Z/run.json
200,5754000000,TX2,ANT4,True,11.929143142369544,408.5931157635486,2,2.988,7.4924544480539295,/srv/bulk/samteway/lab-data/tracking-fast-timing-20260903-v6/captures/fast-200us-5754000000-tx2-20260903T210513.154598Z/run.json
200,5754000000,TX2,ANT8,True,14.598000131213865,581.2010485795859,2,2.988,5.450097594445532,/srv/bulk/samteway/lab-data/tracking-fast-timing-20260903-v6/captures/fast-200us-5754000000-tx2-20260903T210513.154598Z/run.json
200,5754000000,TX2,ANT7,True,7.9339067309499764,258.13151693538384,2,2.988,12.35157370181612,/srv/bulk/samteway/lab-data/tracking-fast-timing-20260903-v6/captures/fast-200us-5754000000-tx2-20260903T210513.154598Z/run.json
200,5754000000,TX2,ANT5,True,10.291451109805072,330.5233763675432,2,2.988,8.680458500971719,/srv/bulk/samteway/lab-data/tracking-fast-timing-20260903-v6/captures/fast-200us-5754000000-tx2-20260903T210513.154598Z/run.json
200,5755000000,TX1,ANT1,True,-3.437761890570483,74.68313680820064,64,95.616,5.100189958865721,/srv/bulk/samteway/lab-data/tracking-fast-timing-20260903-v6/captures/fast-200us-5755000000-tx1-20260903T210527.396191Z/run.json
200,5755000000,TX1,ANT2,True,-2.970876785870673,71.26920641641564,64,95.616,6.014562870200572,/srv/bulk/samteway/lab-data/tracking-fast-timing-20260903-v6/captures/fast-200us-5755000000-tx1-20260903T210527.396191Z/run.json
200,5755000000,TX1,ANT4,True,-6.59348246109399,47.742277269619926,64,95.616,8.279025947390904,/srv/bulk/samteway/lab-data/tracking-fast-timing-20260903-v6/captures/fast-200us-5755000000-tx1-20260903T210527.396191Z/run.json
200,5755000000,TX1,ANT8,True,-9.283136569432397,34.38801734090263,64,95.616,13.70053059163307,/srv/bulk/samteway/lab-data/tracking-fast-timing-20260903-v6/captures/fast-200us-5755000000-tx1-20260903T210527.396191Z/run.json
200,5755000000,TX1,ANT7,False,-24.53090680639502,6.03810765108928,64,95.616,70.3874016904955,/srv/bulk/samteway/lab-data/tracking-fast-timing-20260903-v6/captures/fast-200us-5755000000-tx1-20260903T210527.396191Z/run.json
200,5755000000,TX1,ANT5,True,-5.391235652221743,52.27448203582792,64,95.616,7.999771407510545,/srv/bulk/samteway/lab-data/tracking-fast-timing-20260903-v6/captures/fast-200us-5755000000-tx1-20260903T210527.396191Z/run.json
200,5755000000,TX2,ANT1,True,6.216972057327258,215.72968138500514,2,2.99,15.820673251242438,/srv/bulk/samteway/lab-data/tracking-fast-timing-20260903-v6/captures/fast-200us-5755000000-tx2-20260903T210540.402145Z/run.json
200,5755000000,TX2,ANT2,True,1.393249415106641,121.97069552986981,2,2.99,30.110441774324777,/srv/bulk/samteway/lab-data/tracking-fast-timing-20260903-v6/captures/fast-200us-5755000000-tx2-20260903T210540.402145Z/run.json
200,5755000000,TX2,ANT4,True,11.261458929457293,393.2723103119834,2,2.99,8.228900860233361,/srv/bulk/samteway/lab-data/tracking-fast-timing-20260903-v6/captures/fast-200us-5755000000-tx2-20260903T210540.402145Z/run.json
200,5755000000,TX2,ANT8,True,14.440524323687248,581.2306917345946,2,2.99,5.397416543553869,/srv/bulk/samteway/lab-data/tracking-fast-timing-20260903-v6/captures/fast-200us-5755000000-tx2-20260903T210540.402145Z/run.json
200,5755000000,TX2,ANT7,True,7.586423577527032,262.9971966990506,2,2.99,13.965086683182037,/srv/bulk/samteway/lab-data/tracking-fast-timing-20260903-v6/captures/fast-200us-5755000000-tx2-20260903T210540.402145Z/run.json
200,5755000000,TX2,ANT5,True,9.689850943695538,327.21003466390897,2,2.99,10.244684519495522,/srv/bulk/samteway/lab-data/tracking-fast-timing-20260903-v6/captures/fast-200us-5755000000-tx2-20260903T210540.402145Z/run.json
200,5756000000,TX1,ANT1,True,-2.9283489297606065,75.04840404344633,64,95.616,5.984152385253478,/srv/bulk/samteway/lab-data/tracking-fast-timing-20260903-v6/captures/fast-200us-5756000000-tx1-20260903T210555.241326Z/run.json
200,5756000000,TX1,ANT2,True,-2.6931529040808155,69.36256320878323,64,95.616,5.488047349673946,/srv/bulk/samteway/lab-data/tracking-fast-timing-20260903-v6/captures/fast-200us-5756000000-tx1-20260903T210555.241326Z/run.json
200,5756000000,TX1,ANT4,True,-5.49437900168729,50.80693687152067,64,95.616,11.91059068062042,/srv/bulk/samteway/lab-data/tracking-fast-timing-20260903-v6/captures/fast-200us-5756000000-tx1-20260903T210555.241326Z/run.json
200,5756000000,TX1,ANT8,True,-8.27987100460832,37.31213978701293,64,95.616,10.563620783432578,/srv/bulk/samteway/lab-data/tracking-fast-timing-20260903-v6/captures/fast-200us-5756000000-tx1-20260903T210555.241326Z/run.json
200,5756000000,TX1,ANT7,False,-29.23298252417286,3.304250733657112,64,95.616,80.8857234842841,/srv/bulk/samteway/lab-data/tracking-fast-timing-20260903-v6/captures/fast-200us-5756000000-tx1-20260903T210555.241326Z/run.json
200,5756000000,TX1,ANT5,True,-5.741887427326132,51.03889617071446,64,95.616,8.2614825496226,/srv/bulk/samteway/lab-data/tracking-fast-timing-20260903-v6/captures/fast-200us-5756000000-tx1-20260903T210555.241326Z/run.json
200,5756000000,TX2,ANT1,True,7.005410722789459,217.841453940669,2,2.99,13.945621609515998,/srv/bulk/samteway/lab-data/tracking-fast-timing-20260903-v6/captures/fast-200us-5756000000-tx2-20260903T210608.120071Z/run.json
200,5756000000,TX2,ANT2,True,1.8506756325182665,117.13570573604194,2,2.99,28.277887330878556,/srv/bulk/samteway/lab-data/tracking-fast-timing-20260903-v6/captures/fast-200us-5756000000-tx2-20260903T210608.120071Z/run.json
200,5756000000,TX2,ANT4,True,12.063650930309127,390.23872389360696,2,2.99,7.457107699600578,/srv/bulk/samteway/lab-data/tracking-fast-timing-20260903-v6/captures/fast-200us-5756000000-tx2-20260903T210608.120071Z/run.json
200,5756000000,TX2,ANT8,True,15.60534254590121,579.9164840092056,2,2.99,4.803868588028054,/srv/bulk/samteway/lab-data/tracking-fast-timing-20260903-v6/captures/fast-200us-5756000000-tx2-20260903T210608.120071Z/run.json
200,5756000000,TX2,ANT7,True,8.894544776117408,263.6243340359052,2,2.99,10.88779667839105,/srv/bulk/samteway/lab-data/tracking-fast-timing-20260903-v6/captures/fast-200us-5756000000-tx2-20260903T210608.120071Z/run.json
200,5756000000,TX2,ANT5,True,10.916142311101867,338.55973852954776,2,2.99,8.563557447534578,/srv/bulk/samteway/lab-data/tracking-fast-timing-20260903-v6/captures/fast-200us-5756000000-tx2-20260903T210608.120071Z/run.json
200,5757000000,TX1,ANT1,True,-2.8077249226770196,77.91156304405133,64,95.616,5.896380085460424,/srv/bulk/samteway/lab-data/tracking-fast-timing-20260903-v6/captures/fast-200us-5757000000-tx1-20260903T210622.404120Z/run.json
200,5757000000,TX1,ANT2,True,-2.007509104893898,75.77487208773904,64,95.616,6.258542279934046,/srv/bulk/samteway/lab-data/tracking-fast-timing-20260903-v6/captures/fast-200us-5757000000-tx1-20260903T210622.404120Z/run.json
200,5757000000,TX1,ANT4,True,-5.293301721946282,53.94133763544809,64,95.616,9.011565651498573,/srv/bulk/samteway/lab-data/tracking-fast-timing-20260903-v6/captures/fast-200us-5757000000-tx1-20260903T210622.404120Z/run.json
200,5757000000,TX1,ANT8,True,-7.874707936523535,38.92525680397381,64,95.616,10.16065051917336,/srv/bulk/samteway/lab-data/tracking-fast-timing-20260903-v6/captures/fast-200us-5757000000-tx1-20260903T210622.404120Z/run.json
200,5757000000,TX1,ANT7,False,-26.92827469924113,4.358930575812168,64,95.616,79.17027818440795,/srv/bulk/samteway/lab-data/tracking-fast-timing-20260903-v6/captures/fast-200us-5757000000-tx1-20260903T210622.404120Z/run.json
200,5757000000,TX1,ANT5,True,-5.624289969379372,51.10984094459132,64,95.616,10.545417981871477,/srv/bulk/samteway/lab-data/tracking-fast-timing-20260903-v6/captures/fast-200us-5757000000-tx1-20260903T210622.404120Z/run.json
200,5757000000,TX2,ANT1,True,5.583157061072809,197.33478288671267,4,5.976,9.569362806287067,/srv/bulk/samteway/lab-data/tracking-fast-timing-20260903-v6/captures/fast-200us-5757000000-tx2-20260903T210635.085303Z/run.json
200,5757000000,TX2,ANT2,True,0.5015097745438432,107.41991278690527,4,5.976,18.964797111918504,/srv/bulk/samteway/lab-data/tracking-fast-timing-20260903-v6/captures/fast-200us-5757000000-tx2-20260903T210635.085303Z/run.json
200,5757000000,TX2,ANT4,True,10.739233963935968,356.99440629582205,4,5.976,5.0156284790897026,/srv/bulk/samteway/lab-data/tracking-fast-timing-20260903-v6/captures/fast-200us-5757000000-tx2-20260903T210635.085303Z/run.json
200,5757000000,TX2,ANT8,True,13.915748671887776,532.3341370196713,4,5.976,3.800803490078559,/srv/bulk/samteway/lab-data/tracking-fast-timing-20260903-v6/captures/fast-200us-5757000000-tx2-20260903T210635.085303Z/run.json
200,5757000000,TX2,ANT7,True,7.491317010368523,244.80486087287824,4,5.976,9.021829124889027,/srv/bulk/samteway/lab-data/tracking-fast-timing-20260903-v6/captures/fast-200us-5757000000-tx2-20260903T210635.085303Z/run.json
200,5757000000,TX2,ANT5,True,9.841287595245804,308.9131018209607,4,5.976,5.946430292306333,/srv/bulk/samteway/lab-data/tracking-fast-timing-20260903-v6/captures/fast-200us-5757000000-tx2-20260903T210635.085303Z/run.json
200,5758000000,TX1,ANT1,True,-2.7380954416874292,75.94783946813796,64,95.616,5.96692105439848,/srv/bulk/samteway/lab-data/tracking-fast-timing-20260903-v6/captures/fast-200us-5758000000-tx1-20260903T210650.820060Z/run.json
200,5758000000,TX1,ANT2,True,-2.2385651170957424,73.10366763716168,64,95.616,4.983204009986383,/srv/bulk/samteway/lab-data/tracking-fast-timing-20260903-v6/captures/fast-200us-5758000000-tx1-20260903T210650.820060Z/run.json
200,5758000000,TX1,ANT4,True,-5.2656336917416535,52.28878154875969,64,95.616,8.667456126089098,/srv/bulk/samteway/lab-data/tracking-fast-timing-20260903-v6/captures/fast-200us-5758000000-tx1-20260903T210650.820060Z/run.json
200,5758000000,TX1,ANT8,True,-7.361043428883106,40.191872408801004,64,95.616,9.874371955909984,/srv/bulk/samteway/lab-data/tracking-fast-timing-20260903-v6/captures/fast-200us-5758000000-tx1-20260903T210650.820060Z/run.json
200,5758000000,TX1,ANT7,False,-24.03689634592518,5.953030758826535,64,95.616,64.18296759459272,/srv/bulk/samteway/lab-data/tracking-fast-timing-20260903-v6/captures/fast-200us-5758000000-tx1-20260903T210650.820060Z/run.json
200,5758000000,TX1,ANT5,True,-5.496436573632861,50.989846964317614,64,95.616,9.435943593583046,/srv/bulk/samteway/lab-data/tracking-fast-timing-20260903-v6/captures/fast-200us-5758000000-tx1-20260903T210650.820060Z/run.json
200,5758000000,TX2,ANT1,True,2.8328512692264396,163.9491218750472,,,,/srv/bulk/samteway/lab-data/tracking-fast-timing-20260903-v6/captures/fast-200us-5758000000-tx2-20260903T210703.298491Z/run.json
200,5758000000,TX2,ANT2,True,0.6311619556372583,114.36128753848341,,,,/srv/bulk/samteway/lab-data/tracking-fast-timing-20260903-v6/captures/fast-200us-5758000000-tx2-20260903T210703.298491Z/run.json
200,5758000000,TX2,ANT4,True,7.874288796322075,309.17252522672146,,,,/srv/bulk/samteway/lab-data/tracking-fast-timing-20260903-v6/captures/fast-200us-5758000000-tx2-20260903T210703.298491Z/run.json
200,5758000000,TX2,ANT8,True,11.616793246500286,475.05839834519605,,,,/srv/bulk/samteway/lab-data/tracking-fast-timing-20260903-v6/captures/fast-200us-5758000000-tx2-20260903T210703.298491Z/run.json
200,5758000000,TX2,ANT7,True,2.5877300420187628,221.48718569468755,,,,/srv/bulk/samteway/lab-data/tracking-fast-timing-20260903-v6/captures/fast-200us-5758000000-tx2-20260903T210703.298491Z/run.json
200,5758000000,TX2,ANT5,True,5.244734240501004,250.27951208164055,,,,/srv/bulk/samteway/lab-data/tracking-fast-timing-20260903-v6/captures/fast-200us-5758000000-tx2-20260903T210703.298491Z/run.json
200,5759000000,TX1,ANT1,True,-2.171659171716736,81.47376414065909,64,95.616,5.220292812467081,/srv/bulk/samteway/lab-data/tracking-fast-timing-20260903-v6/captures/fast-200us-5759000000-tx1-20260903T210717.262252Z/run.json
200,5759000000,TX1,ANT2,True,-1.7598390287077001,77.41156774058236,64,95.616,6.802274984266731,/srv/bulk/samteway/lab-data/tracking-fast-timing-20260903-v6/captures/fast-200us-5759000000-tx1-20260903T210717.262252Z/run.json
200,5759000000,TX1,ANT4,True,-4.797867829307936,55.72380315611038,64,95.616,7.830552602234315,/srv/bulk/samteway/lab-data/tracking-fast-timing-20260903-v6/captures/fast-200us-5759000000-tx1-20260903T210717.262252Z/run.json
200,5759000000,TX1,ANT8,True,-7.761656076758259,39.64132835814515,64,95.616,10.7139500001266,/srv/bulk/samteway/lab-data/tracking-fast-timing-20260903-v6/captures/fast-200us-5759000000-tx1-20260903T210717.262252Z/run.json
200,5759000000,TX1,ANT7,True,-20.857704230269405,8.539707615647593,64,95.616,56.08554539676562,/srv/bulk/samteway/lab-data/tracking-fast-timing-20260903-v6/captures/fast-200us-5759000000-tx1-20260903T210717.262252Z/run.json
200,5759000000,TX1,ANT5,True,-4.959512339942804,53.63101810128093,64,95.616,7.949738981016339,/srv/bulk/samteway/lab-data/tracking-fast-timing-20260903-v6/captures/fast-200us-5759000000-tx1-20260903T210717.262252Z/run.json
200,5759000000,TX2,ANT1,True,5.649800753373188,195.92215997598416,4,5.976,9.382578753719296,/srv/bulk/samteway/lab-data/tracking-fast-timing-20260903-v6/captures/fast-200us-5759000000-tx2-20260903T210729.670275Z/run.json
200,5759000000,TX2,ANT2,True,0.21066138616713606,102.36962036834264,4,5.976,19.938112974104747,/srv/bulk/samteway/lab-data/tracking-fast-timing-20260903-v6/captures/fast-200us-5759000000-tx2-20260903T210729.670275Z/run.json
200,5759000000,TX2,ANT4,True,10.546860216674766,340.370110497528,4,5.976,5.298372698467177,/srv/bulk/samteway/lab-data/tracking-fast-timing-20260903-v6/captures/fast-200us-5759000000-tx2-20260903T210729.670275Z/run.json
200,5759000000,TX2,ANT8,True,13.750218939795074,513.0832583449383,4,5.976,3.7608513122669205,/srv/bulk/samteway/lab-data/tracking-fast-timing-20260903-v6/captures/fast-200us-5759000000-tx2-20260903T210729.670275Z/run.json
200,5759000000,TX2,ANT7,True,7.726042593435626,243.57985014501202,4,5.976,8.202307087119163,/srv/bulk/samteway/lab-data/tracking-fast-timing-20260903-v6/captures/fast-200us-5759000000-tx2-20260903T210729.670275Z/run.json
200,5759000000,TX2,ANT5,True,9.763424857031293,305.1182968365265,4,5.976,6.102668730286593,/srv/bulk/samteway/lab-data/tracking-fast-timing-20260903-v6/captures/fast-200us-5759000000-tx2-20260903T210729.670275Z/run.json
200,5760000000,TX1,ANT1,True,-2.762544485171553,79.25144272733044,64,95.616,4.893212492799825,/srv/bulk/samteway/lab-data/tracking-fast-timing-20260903-v6/captures/fast-200us-5760000000-tx1-20260903T210743.891868Z/run.json
200,5760000000,TX1,ANT2,True,-1.439524628960747,82.0326639316705,64,95.616,5.849710960999367,/srv/bulk/samteway/lab-data/tracking-fast-timing-20260903-v6/captures/fast-200us-5760000000-tx1-20260903T210743.891868Z/run.json
200,5760000000,TX1,ANT4,True,-4.999185520026096,54.1977912781864,64,95.616,7.600118682469583,/srv/bulk/samteway/lab-data/tracking-fast-timing-20260903-v6/captures/fast-200us-5760000000-tx1-20260903T210743.891868Z/run.json
200,5760000000,TX1,ANT8,True,-6.216024465299508,47.22245728271972,64,95.616,7.634686084331114,/srv/bulk/samteway/lab-data/tracking-fast-timing-20260903-v6/captures/fast-200us-5760000000-tx1-20260903T210743.891868Z/run.json
200,5760000000,TX1,ANT7,True,-19.112651205672893,10.766972600009597,64,95.616,50.28042402030445,/srv/bulk/samteway/lab-data/tracking-fast-timing-20260903-v6/captures/fast-200us-5760000000-tx1-20260903T210743.891868Z/run.json
200,5760000000,TX1,ANT5,True,-4.7984458526060605,56.32291454761649,64,95.616,8.209444128483497,/srv/bulk/samteway/lab-data/tracking-fast-timing-20260903-v6/captures/fast-200us-5760000000-tx1-20260903T210743.891868Z/run.json
200,5760000000,TX2,ANT1,True,6.372505280700169,194.76558289778916,2,2.988,14.771603459601408,/srv/bulk/samteway/lab-data/tracking-fast-timing-20260903-v6/captures/fast-200us-5760000000-tx2-20260903T210756.434055Z/run.json
200,5760000000,TX2,ANT2,True,0.7961488254500361,99.32777430729571,2,2.988,31.821478716917166,/srv/bulk/samteway/lab-data/tracking-fast-timing-20260903-v6/captures/fast-200us-5760000000-tx2-20260903T210756.434055Z/run.json
200,5760000000,TX2,ANT4,True,11.023261655693124,332.59702478974503,2,2.988,8.123678325211928,/srv/bulk/samteway/lab-data/tracking-fast-timing-20260903-v6/captures/fast-200us-5760000000-tx2-20260903T210756.434055Z/run.json
200,5760000000,TX2,ANT8,True,14.740607465812205,517.2858751463242,2,2.988,5.329401478342624,/srv/bulk/samteway/lab-data/tracking-fast-timing-20260903-v6/captures/fast-200us-5760000000-tx2-20260903T210756.434055Z/run.json
200,5760000000,TX2,ANT7,True,8.489873685619198,243.0340379983127,2,2.988,11.639362834575502,/srv/bulk/samteway/lab-data/tracking-fast-timing-20260903-v6/captures/fast-200us-5760000000-tx2-20260903T210756.434055Z/run.json
200,5760000000,TX2,ANT5,True,10.441616856948082,307.617375876107,2,2.988,8.97830081112722,/srv/bulk/samteway/lab-data/tracking-fast-timing-20260903-v6/captures/fast-200us-5760000000-tx2-20260903T210756.434055Z/run.json
200,5761000000,TX1,ANT1,True,-2.220584280294748,80.51538781411175,64,95.616,5.1198954574336115,/srv/bulk/samteway/lab-data/tracking-fast-timing-20260903-v6/captures/fast-200us-5761000000-tx1-20260903T210810.754756Z/run.json
200,5761000000,TX1,ANT2,True,-1.8439899402546005,75.42917360793314,64,95.616,4.203585833947184,/srv/bulk/samteway/lab-data/tracking-fast-timing-20260903-v6/captures/fast-200us-5761000000-tx1-20260903T210810.754756Z/run.json
200,5761000000,TX1,ANT4,True,-5.015622724410223,53.44301528452132,64,95.616,9.02912765943302,/srv/bulk/samteway/lab-data/tracking-fast-timing-20260903-v6/captures/fast-200us-5761000000-tx1-20260903T210810.754756Z/run.json
200,5761000000,TX1,ANT8,True,-7.096162460882111,42.207079383256364,64,95.616,10.288868474648257,/srv/bulk/samteway/lab-data/tracking-fast-timing-20260903-v6/captures/fast-200us-5761000000-tx1-20260903T210810.754756Z/run.json
200,5761000000,TX1,ANT7,True,-18.05561412210851,11.762108195977925,64,95.616,44.380516588310165,/srv/bulk/samteway/lab-data/tracking-fast-timing-20260903-v6/captures/fast-200us-5761000000-tx1-20260903T210810.754756Z/run.json
200,5761000000,TX1,ANT5,True,-5.3076994999975735,50.05425304542594,64,95.616,8.843230693043616,/srv/bulk/samteway/lab-data/tracking-fast-timing-20260903-v6/captures/fast-200us-5761000000-tx1-20260903T210810.754756Z/run.json
200,5761000000,TX2,ANT1,True,6.639970738436498,199.02137615279895,2,2.99,14.764093418220332,/srv/bulk/samteway/lab-data/tracking-fast-timing-20260903-v6/captures/fast-200us-5761000000-tx2-20260903T210823.204449Z/run.json
200,5761000000,TX2,ANT2,True,1.1066541789712332,100.90328699546136,2,2.99,29.481923120709702,/srv/bulk/samteway/lab-data/tracking-fast-timing-20260903-v6/captures/fast-200us-5761000000-tx2-20260903T210823.204449Z/run.json
200,5761000000,TX2,ANT4,True,11.43628147707421,332.8325810369039,2,2.99,8.13789992213021,/srv/bulk/samteway/lab-data/tracking-fast-timing-20260903-v6/captures/fast-200us-5761000000-tx2-20260903T210823.204449Z/run.json
200,5761000000,TX2,ANT8,True,15.329376064398868,520.1985843553896,2,2.99,4.990125588451296,/srv/bulk/samteway/lab-data/tracking-fast-timing-20260903-v6/captures/fast-200us-5761000000-tx2-20260903T210823.204449Z/run.json
200,5761000000,TX2,ANT7,True,8.90429247738497,248.58248759899482,2,2.99,11.094658504072267,/srv/bulk/samteway/lab-data/tracking-fast-timing-20260903-v6/captures/fast-200us-5761000000-tx2-20260903T210823.204449Z/run.json
200,5761000000,TX2,ANT5,True,10.785806656191962,318.41301923410686,2,2.99,8.764555905743377,/srv/bulk/samteway/lab-data/tracking-fast-timing-20260903-v6/captures/fast-200us-5761000000-tx2-20260903T210823.204449Z/run.json
200,5762000000,TX1,ANT1,True,-2.9727066751223115,73.90506167356823,128,191.36,4.0492644893217005,/srv/bulk/samteway/lab-data/tracking-fast-timing-20260903-v6/captures/fast-200us-5762000000-tx1-20260903T210837.110260Z/run.json
200,5762000000,TX1,ANT2,True,-2.8379042057836883,71.7962060292448,128,191.36,7.456515549224126,/srv/bulk/samteway/lab-data/tracking-fast-timing-20260903-v6/captures/fast-200us-5762000000-tx1-20260903T210837.110260Z/run.json
200,5762000000,TX1,ANT4,True,-5.711410379072163,50.428298546382116,128,191.36,11.099863433778475,/srv/bulk/samteway/lab-data/tracking-fast-timing-20260903-v6/captures/fast-200us-5762000000-tx1-20260903T210837.110260Z/run.json
200,5762000000,TX1,ANT8,True,-7.808277597771761,40.23796476308476,128,191.36,11.916680361619594,/srv/bulk/samteway/lab-data/tracking-fast-timing-20260903-v6/captures/fast-200us-5762000000-tx1-20260903T210837.110260Z/run.json
200,5762000000,TX1,ANT7,True,-16.4314447370514,14.603728698275969,128,191.36,21.15162671166287,/srv/bulk/samteway/lab-data/tracking-fast-timing-20260903-v6/captures/fast-200us-5762000000-tx1-20260903T210837.110260Z/run.json
200,5762000000,TX1,ANT5,True,-5.834586203849628,48.74565566835725,128,191.36,5.635705986575772,/srv/bulk/samteway/lab-data/tracking-fast-timing-20260903-v6/captures/fast-200us-5762000000-tx1-20260903T210837.110260Z/run.json
200,5762000000,TX2,ANT1,True,5.116091491727027,179.41336925902863,4,5.976,10.873636515247975,/srv/bulk/samteway/lab-data/tracking-fast-timing-20260903-v6/captures/fast-200us-5762000000-tx2-20260903T210849.728292Z/run.json
200,5762000000,TX2,ANT2,True,-0.5308515960120839,92.7171556719078,4,5.976,22.312255112047623,/srv/bulk/samteway/lab-data/tracking-fast-timing-20260903-v6/captures/fast-200us-5762000000-tx2-20260903T210849.728292Z/run.json
200,5762000000,TX2,ANT4,True,9.406342709409486,298.92748024495427,4,5.976,6.299326244663232,/srv/bulk/samteway/lab-data/tracking-fast-timing-20260903-v6/captures/fast-200us-5762000000-tx2-20260903T210849.728292Z/run.json
200,5762000000,TX2,ANT8,True,13.049870065550756,469.88716061635654,4,5.976,4.210973634512344,/srv/bulk/samteway/lab-data/tracking-fast-timing-20260903-v6/captures/fast-200us-5762000000-tx2-20260903T210849.728292Z/run.json
200,5762000000,TX2,ANT7,True,6.993504339445441,228.75336213267298,4,5.976,11.490321640952722,/srv/bulk/samteway/lab-data/tracking-fast-timing-20260903-v6/captures/fast-200us-5762000000-tx2-20260903T210849.728292Z/run.json
200,5762000000,TX2,ANT5,True,9.100351514691914,282.01654992647894,4,5.976,7.402758025722915,/srv/bulk/samteway/lab-data/tracking-fast-timing-20260903-v6/captures/fast-200us-5762000000-tx2-20260903T210849.728292Z/run.json
200,5763000000,TX1,ANT1,True,-2.671163032652133,75.71045141134722,64,95.616,5.785811123935164,/srv/bulk/samteway/lab-data/tracking-fast-timing-20260903-v6/captures/fast-200us-5763000000-tx1-20260903T210904.899012Z/run.json
200,5763000000,TX1,ANT2,True,-2.580832425959996,73.46190949620936,64,95.616,7.488167101747665,/srv/bulk/samteway/lab-data/tracking-fast-timing-20260903-v6/captures/fast-200us-5763000000-tx1-20260903T210904.899012Z/run.json
200,5763000000,TX1,ANT4,True,-5.509433399849023,51.83388880444894,64,95.616,11.203056323927784,/srv/bulk/samteway/lab-data/tracking-fast-timing-20260903-v6/captures/fast-200us-5763000000-tx1-20260903T210904.899012Z/run.json
200,5763000000,TX1,ANT8,True,-7.322278865796861,41.65570768193287,64,95.616,12.55951162736084,/srv/bulk/samteway/lab-data/tracking-fast-timing-20260903-v6/captures/fast-200us-5763000000-tx1-20260903T210904.899012Z/run.json
200,5763000000,TX1,ANT7,True,-15.253838522155503,16.702552448682585,64,95.616,32.185590961928156,/srv/bulk/samteway/lab-data/tracking-fast-timing-20260903-v6/captures/fast-200us-5763000000-tx1-20260903T210904.899012Z/run.json
200,5763000000,TX1,ANT5,True,-5.778095026254216,48.27294660432135,64,95.616,8.080147827314338,/srv/bulk/samteway/lab-data/tracking-fast-timing-20260903-v6/captures/fast-200us-5763000000-tx1-20260903T210904.899012Z/run.json
200,5763000000,TX2,ANT1,True,-5.524770540957974,52.123906036663776,4,5.976,48.61841530147489,/srv/bulk/samteway/lab-data/tracking-fast-timing-20260903-v6/captures/fast-200us-5763000000-tx2-20260903T210917.425907Z/run.json
200,5763000000,TX2,ANT2,True,4.611868318985398,173.3801772873049,4,5.976,10.869776998690337,/srv/bulk/samteway/lab-data/tracking-fast-timing-20260903-v6/captures/fast-200us-5763000000-tx2-20260903T210917.425907Z/run.json
200,5763000000,TX2,ANT4,True,-1.2017170115941362,87.29317970960578,4,5.976,21.741561474720005,/srv/bulk/samteway/lab-data/tracking-fast-timing-20260903-v6/captures/fast-200us-5763000000-tx2-20260903T210917.425907Z/run.json
200,5763000000,TX2,ANT8,True,9.320736955108618,294.086797076592,4,5.976,6.512234072737601,/srv/bulk/samteway/lab-data/tracking-fast-timing-20260903-v6/captures/fast-200us-5763000000-tx2-20260903T210917.425907Z/run.json
200,5763000000,TX2,ANT7,True,12.706476926604143,452.114843905389,4,5.976,4.107943398969578,/srv/bulk/samteway/lab-data/tracking-fast-timing-20260903-v6/captures/fast-200us-5763000000-tx2-20260903T210917.425907Z/run.json
200,5763000000,TX2,ANT5,True,6.740400629739803,219.86488862246793,4,5.976,9.807254533807965,/srv/bulk/samteway/lab-data/tracking-fast-timing-20260903-v6/captures/fast-200us-5763000000-tx2-20260903T210917.425907Z/run.json
200,5764000000,TX1,ANT1,True,-1.8172300736528957,80.82811112315171,64,95.616,6.072533577060033,/srv/bulk/samteway/lab-data/tracking-fast-timing-20260903-v6/captures/fast-200us-5764000000-tx1-20260903T210931.711929Z/run.json
200,5764000000,TX1,ANT2,True,-0.8694934900606021,80.230556400298,64,95.616,5.333443936003095,/srv/bulk/samteway/lab-data/tracking-fast-timing-20260903-v6/captures/fast-200us-5764000000-tx1-20260903T210931.711929Z/run.json
200,5764000000,TX1,ANT4,True,-4.896508366833169,51.43574583528876,64,95.616,7.396312650991501,/srv/bulk/samteway/lab-data/tracking-fast-timing-20260903-v6/captures/fast-200us-5764000000-tx1-20260903T210931.711929Z/run.json
200,5764000000,TX1,ANT8,True,-6.5067935246953725,41.96705758364293,64,95.616,7.8967466655062335,/srv/bulk/samteway/lab-data/tracking-fast-timing-20260903-v6/captures/fast-200us-5764000000-tx1-20260903T210931.711929Z/run.json
200,5764000000,TX1,ANT7,True,-15.963187137202567,13.900560253677524,64,95.616,40.856854000985635,/srv/bulk/samteway/lab-data/tracking-fast-timing-20260903-v6/captures/fast-200us-5764000000-tx1-20260903T210931.711929Z/run.json
200,5764000000,TX1,ANT5,True,-4.30478293501506,54.80476420775708,64,95.616,6.176485715196647,/srv/bulk/samteway/lab-data/tracking-fast-timing-20260903-v6/captures/fast-200us-5764000000-tx1-20260903T210931.711929Z/run.json
200,5764000000,TX2,ANT1,True,6.214579037841213,187.79180242795474,2,2.988,15.342963836917054,/srv/bulk/samteway/lab-data/tracking-fast-timing-20260903-v6/captures/fast-200us-5764000000-tx2-20260903T210944.558061Z/run.json
200,5764000000,TX2,ANT2,True,-0.1333026417578254,86.51145626324491,2,2.988,37.347709111276195,/srv/bulk/samteway/lab-data/tracking-fast-timing-20260903-v6/captures/fast-200us-5764000000-tx2-20260903T210944.558061Z/run.json
200,5764000000,TX2,ANT4,True,10.084434634946984,293.7525928490117,2,2.988,9.680149527317486,/srv/bulk/samteway/lab-data/tracking-fast-timing-20260903-v6/captures/fast-200us-5764000000-tx2-20260903T210944.558061Z/run.json
200,5764000000,TX2,ANT8,True,14.208175676087432,478.26888974935105,2,2.988,5.572764199908096,/srv/bulk/samteway/lab-data/tracking-fast-timing-20260903-v6/captures/fast-200us-5764000000-tx2-20260903T210944.558061Z/run.json
200,5764000000,TX2,ANT7,True,8.251938957220123,234.4666221473515,2,2.988,11.790821299641694,/srv/bulk/samteway/lab-data/tracking-fast-timing-20260903-v6/captures/fast-200us-5764000000-tx2-20260903T210944.558061Z/run.json
200,5764000000,TX2,ANT5,True,10.320166774080796,298.7956730759818,2,2.988,9.196950338606383,/srv/bulk/samteway/lab-data/tracking-fast-timing-20260903-v6/captures/fast-200us-5764000000-tx2-20260903T210944.558061Z/run.json
200,5765000000,TX1,ANT1,True,-2.097686069196358,76.89461800477943,64,95.68,5.701442996070306,/srv/bulk/samteway/lab-data/tracking-fast-timing-20260903-v6/captures/fast-200us-5765000000-tx1-20260903T210958.894130Z/run.json
200,5765000000,TX1,ANT2,True,-1.1961761159502935,78.87243691167545,64,95.68,4.585782753738904,/srv/bulk/samteway/lab-data/tracking-fast-timing-20260903-v6/captures/fast-200us-5765000000-tx1-20260903T210958.894130Z/run.json
200,5765000000,TX1,ANT4,True,-4.809459556234472,51.91438039947307,64,95.68,6.4785224529170655,/srv/bulk/samteway/lab-data/tracking-fast-timing-20260903-v6/captures/fast-200us-5765000000-tx1-20260903T210958.894130Z/run.json
200,5765000000,TX1,ANT8,True,-6.080313719353746,44.81882811328442,64,95.68,10.701918109374775,/srv/bulk/samteway/lab-data/tracking-fast-timing-20260903-v6/captures/fast-200us-5765000000-tx1-20260903T210958.894130Z/run.json
200,5765000000,TX1,ANT7,True,-14.000870640385807,17.776056995531363,64,95.68,26.238024347821753,/srv/bulk/samteway/lab-data/tracking-fast-timing-20260903-v6/captures/fast-200us-5765000000-tx1-20260903T210958.894130Z/run.json
200,5765000000,TX1,ANT5,True,-4.434862051847841,55.05108958755697,64,95.68,8.629254688372074,/srv/bulk/samteway/lab-data/tracking-fast-timing-20260903-v6/captures/fast-200us-5765000000-tx1-20260903T210958.894130Z/run.json
200,5765000000,TX2,ANT1,True,5.589758398094417,180.10759777059945,4,5.976,9.923312942014801,/srv/bulk/samteway/lab-data/tracking-fast-timing-20260903-v6/captures/fast-200us-5765000000-tx2-20260903T211011.865083Z/run.json
200,5765000000,TX2,ANT2,True,-1.1238840204494567,81.87378362455264,4,5.976,24.06922006234063,/srv/bulk/samteway/lab-data/tracking-fast-timing-20260903-v6/captures/fast-200us-5765000000-tx2-20260903T211011.865083Z/run.json
200,5765000000,TX2,ANT4,True,9.602523740100164,275.6138544273872,4,5.976,6.163486011879463,/srv/bulk/samteway/lab-data/tracking-fast-timing-20260903-v6/captures/fast-200us-5765000000-tx2-20260903T211011.865083Z/run.json
200,5765000000,TX2,ANT8,True,13.707833833080372,455.36797228323763,4,5.976,3.981000826733466,/srv/bulk/samteway/lab-data/tracking-fast-timing-20260903-v6/captures/fast-200us-5765000000-tx2-20260903T211011.865083Z/run.json
200,5765000000,TX2,ANT7,True,7.962677014606419,225.68953910871454,4,5.976,7.981161792754373,/srv/bulk/samteway/lab-data/tracking-fast-timing-20260903-v6/captures/fast-200us-5765000000-tx2-20260903T211011.865083Z/run.json
200,5765000000,TX2,ANT5,True,9.89468579052847,286.00349741273874,4,5.976,6.206224120182469,/srv/bulk/samteway/lab-data/tracking-fast-timing-20260903-v6/captures/fast-200us-5765000000-tx2-20260903T211011.865083Z/run.json
200,5766000000,TX1,ANT1,True,-2.7084409793567725,74.95896182553008,64,95.616,6.068026428778218,/srv/bulk/samteway/lab-data/tracking-fast-timing-20260903-v6/captures/fast-200us-5766000000-tx1-20260903T211025.941140Z/run.json
200,5766000000,TX1,ANT2,True,-1.0651402577805227,82.90176239759266,64,95.616,5.545729127077191,/srv/bulk/samteway/lab-data/tracking-fast-timing-20260903-v6/captures/fast-200us-5766000000-tx1-20260903T211025.941140Z/run.json
200,5766000000,TX1,ANT4,True,-4.953179566828204,53.80114006178931,64,95.616,7.704444289874997,/srv/bulk/samteway/lab-data/tracking-fast-timing-20260903-v6/captures/fast-200us-5766000000-tx1-20260903T211025.941140Z/run.json
200,5766000000,TX1,ANT8,True,-6.778932549214289,43.26887076010872,64,95.616,8.338887183130746,/srv/bulk/samteway/lab-data/tracking-fast-timing-20260903-v6/captures/fast-200us-5766000000-tx1-20260903T211025.941140Z/run.json
200,5766000000,TX1,ANT7,True,-14.062348631833824,18.714353948028318,64,95.616,22.36761194560503,/srv/bulk/samteway/lab-data/tracking-fast-timing-20260903-v6/captures/fast-200us-5766000000-tx1-20260903T211025.941140Z/run.json
200,5766000000,TX1,ANT5,True,-4.577133376841308,55.29137921911657,64,95.616,8.419864529352258,/srv/bulk/samteway/lab-data/tracking-fast-timing-20260903-v6/captures/fast-200us-5766000000-tx1-20260903T211025.941140Z/run.json
200,5766000000,TX2,ANT1,True,6.296191211841645,184.67816929893374,4,5.976,8.963599728324535,/srv/bulk/samteway/lab-data/tracking-fast-timing-20260903-v6/captures/fast-200us-5766000000-tx2-20260903T211038.672282Z/run.json
200,5766000000,TX2,ANT2,True,-0.8286687730424243,80.12498727072875,4,5.976,23.721882611379918,/srv/bulk/samteway/lab-data/tracking-fast-timing-20260903-v6/captures/fast-200us-5766000000-tx2-20260903T211038.672282Z/run.json
200,5766000000,TX2,ANT4,True,9.593299421524858,273.6746496313177,4,5.976,6.495274856360433,/srv/bulk/samteway/lab-data/tracking-fast-timing-20260903-v6/captures/fast-200us-5766000000-tx2-20260903T211038.672282Z/run.json
200,5766000000,TX2,ANT8,True,13.818775173586095,459.16062857617254,4,5.976,3.8935700917120446,/srv/bulk/samteway/lab-data/tracking-fast-timing-20260903-v6/captures/fast-200us-5766000000-tx2-20260903T211038.672282Z/run.json
200,5766000000,TX2,ANT7,True,8.064236673747088,226.70989883611574,4,5.976,7.250048231453996,/srv/bulk/samteway/lab-data/tracking-fast-timing-20260903-v6/captures/fast-200us-5766000000-tx2-20260903T211038.672282Z/run.json
200,5766000000,TX2,ANT5,True,10.17120827643563,291.05864740062725,4,5.976,5.733914378777185,/srv/bulk/samteway/lab-data/tracking-fast-timing-20260903-v6/captures/fast-200us-5766000000-tx2-20260903T211038.672282Z/run.json
200,5767000000,TX1,ANT1,True,-12.91711946483331,77.71812128134147,64,95.616,7.197491066202369,/srv/bulk/samteway/lab-data/tracking-fast-timing-20260903-v6/captures/fast-200us-5767000000-tx1-20260903T211052.602609Z/run.json
200,5767000000,TX1,ANT2,True,-0.7170432917480662,83.13879547506937,64,95.616,6.309094104530798,/srv/bulk/samteway/lab-data/tracking-fast-timing-20260903-v6/captures/fast-200us-5767000000-tx1-20260903T211052.602609Z/run.json
200,5767000000,TX1,ANT4,True,-4.3028820961708005,54.632894869224515,64,95.616,7.406806299873466,/srv/bulk/samteway/lab-data/tracking-fast-timing-20260903-v6/captures/fast-200us-5767000000-tx1-20260903T211052.602609Z/run.json
200,5767000000,TX1,ANT8,True,-5.781418617974313,46.3810037704187,64,95.616,10.501728664065165,/srv/bulk/samteway/lab-data/tracking-fast-timing-20260903-v6/captures/fast-200us-5767000000-tx1-20260903T211052.602609Z/run.json
200,5767000000,TX1,ANT7,True,-14.03962004170355,17.8986099327271,64,95.616,26.215397050928555,/srv/bulk/samteway/lab-data/tracking-fast-timing-20260903-v6/captures/fast-200us-5767000000-tx1-20260903T211052.602609Z/run.json
200,5767000000,TX1,ANT5,True,-4.070331406362352,56.05499983058235,64,95.616,8.016338096470566,/srv/bulk/samteway/lab-data/tracking-fast-timing-20260903-v6/captures/fast-200us-5767000000-tx1-20260903T211052.602609Z/run.json
200,5767000000,TX2,ANT1,True,-5.522389439729656,49.9722265945188,8,11.952,44.710384193909356,/srv/bulk/samteway/lab-data/tracking-fast-timing-20260903-v6/captures/fast-200us-5767000000-tx2-20260903T211105.668377Z/run.json
200,5767000000,TX2,ANT2,True,4.7293160658264,166.70360082634292,8,11.952,8.281990058698893,/srv/bulk/samteway/lab-data/tracking-fast-timing-20260903-v6/captures/fast-200us-5767000000-tx2-20260903T211105.668377Z/run.json
200,5767000000,TX2,ANT4,True,-1.6832286209786826,78.84622730721644,8,11.952,18.291960355836547,/srv/bulk/samteway/lab-data/tracking-fast-timing-20260903-v6/captures/fast-200us-5767000000-tx2-20260903T211105.668377Z/run.json
200,5767000000,TX2,ANT8,True,8.407378180035517,260.07524459819393,8,11.952,6.662228183528442,/srv/bulk/samteway/lab-data/tracking-fast-timing-20260903-v6/captures/fast-200us-5767000000-tx2-20260903T211105.668377Z/run.json
200,5767000000,TX2,ANT7,True,10.915211269383246,405.2891218466428,8,11.952,6.339229159830785,/srv/bulk/samteway/lab-data/tracking-fast-timing-20260903-v6/captures/fast-200us-5767000000-tx2-20260903T211105.668377Z/run.json
200,5767000000,TX2,ANT5,True,6.05457122488041,206.18365455166582,8,11.952,13.23332865534182,/srv/bulk/samteway/lab-data/tracking-fast-timing-20260903-v6/captures/fast-200us-5767000000-tx2-20260903T211105.668377Z/run.json
200,5768000000,TX1,ANT1,True,-4.316807173428213,64.54546265250443,128,191.232,12.221011620092588,/srv/bulk/samteway/lab-data/tracking-fast-timing-20260903-v6/captures/fast-200us-5768000000-tx1-20260903T211119.955303Z/run.json
200,5768000000,TX1,ANT2,True,-1.7577165573586147,79.66194798956059,128,191.232,6.251998459147898,/srv/bulk/samteway/lab-data/tracking-fast-timing-20260903-v6/captures/fast-200us-5768000000-tx1-20260903T211119.955303Z/run.json
200,5768000000,TX1,ANT4,True,-4.791764399843192,56.60843214928072,128,191.232,6.956094589098538,/srv/bulk/samteway/lab-data/tracking-fast-timing-20260903-v6/captures/fast-200us-5768000000-tx1-20260903T211119.955303Z/run.json
200,5768000000,TX1,ANT8,True,-7.46097280005097,40.968277432886836,128,191.232,7.036886770530215,/srv/bulk/samteway/lab-data/tracking-fast-timing-20260903-v6/captures/fast-200us-5768000000-tx1-20260903T211119.955303Z/run.json
200,5768000000,TX1,ANT7,True,-14.58522487782532,17.94072912196988,128,191.232,21.749574984122464,/srv/bulk/samteway/lab-data/tracking-fast-timing-20260903-v6/captures/fast-200us-5768000000-tx1-20260903T211119.955303Z/run.json
200,5768000000,TX1,ANT5,True,-4.466859629024846,54.37144463069757,128,191.232,6.191173845787943,/srv/bulk/samteway/lab-data/tracking-fast-timing-20260903-v6/captures/fast-200us-5768000000-tx1-20260903T211119.955303Z/run.json
200,5768000000,TX2,ANT1,True,-4.058651384832107,55.959210303835334,4,5.976,41.16451072954372,/srv/bulk/samteway/lab-data/tracking-fast-timing-20260903-v6/captures/fast-200us-5768000000-tx2-20260903T211132.798721Z/run.json
200,5768000000,TX2,ANT2,True,5.091692285123347,169.28500678001933,4,5.976,10.090688433358006,/srv/bulk/samteway/lab-data/tracking-fast-timing-20260903-v6/captures/fast-200us-5768000000-tx2-20260903T211132.798721Z/run.json
200,5768000000,TX2,ANT4,True,-2.3225567461072063,69.23264595317438,4,5.976,26.61467869240413,/srv/bulk/samteway/lab-data/tracking-fast-timing-20260903-v6/captures/fast-200us-5768000000-tx2-20260903T211132.798721Z/run.json
200,5768000000,TX2,ANT8,True,8.081008427421754,239.77665220956843,4,5.976,7.110524994665413,/srv/bulk/samteway/lab-data/tracking-fast-timing-20260903-v6/captures/fast-200us-5768000000-tx2-20260903T211132.798721Z/run.json
200,5768000000,TX2,ANT7,True,12.718612336503622,415.2579525940791,4,5.976,4.172292874001819,/srv/bulk/samteway/lab-data/tracking-fast-timing-20260903-v6/captures/fast-200us-5768000000-tx2-20260903T211132.798721Z/run.json
200,5768000000,TX2,ANT5,True,7.040068781212132,209.97584782138614,4,5.976,8.898202386673555,/srv/bulk/samteway/lab-data/tracking-fast-timing-20260903-v6/captures/fast-200us-5768000000-tx2-20260903T211132.798721Z/run.json
200,5769000000,TX1,ANT1,True,-3.128962344935725,68.36297320242076,64,95.616,6.879493485764987,/srv/bulk/samteway/lab-data/tracking-fast-timing-20260903-v6/captures/fast-200us-5769000000-tx1-20260903T211147.199565Z/run.json
200,5769000000,TX1,ANT2,True,-0.6281536081621829,82.69159890756656,64,95.616,5.160752137538432,/srv/bulk/samteway/lab-data/tracking-fast-timing-20260903-v6/captures/fast-200us-5769000000-tx1-20260903T211147.199565Z/run.json
200,5769000000,TX1,ANT4,True,-3.4812824090237715,59.66133410295158,64,95.616,6.583829377869458,/srv/bulk/samteway/lab-data/tracking-fast-timing-20260903-v6/captures/fast-200us-5769000000-tx1-20260903T211147.199565Z/run.json
200,5769000000,TX1,ANT8,True,-5.838491001602327,45.32627067019345,64,95.616,10.029027691449164,/srv/bulk/samteway/lab-data/tracking-fast-timing-20260903-v6/captures/fast-200us-5769000000-tx1-20260903T211147.199565Z/run.json
200,5769000000,TX1,ANT7,True,-14.648188074193826,16.101684321772876,64,95.616,33.09296875067877,/srv/bulk/samteway/lab-data/tracking-fast-timing-20260903-v6/captures/fast-200us-5769000000-tx1-20260903T211147.199565Z/run.json
200,5769000000,TX1,ANT5,True,-3.977384404403982,55.79224339761303,64,95.616,6.933758065287289,/srv/bulk/samteway/lab-data/tracking-fast-timing-20260903-v6/captures/fast-200us-5769000000-tx1-20260903T211147.199565Z/run.json
200,5769000000,TX2,ANT1,True,5.294899907509341,171.53731779648822,4,5.98,10.17917159178181,/srv/bulk/samteway/lab-data/tracking-fast-timing-20260903-v6/captures/fast-200us-5769000000-tx2-20260903T211159.923264Z/run.json
200,5769000000,TX2,ANT2,True,-2.1492240785482695,69.56859999474199,4,5.98,27.8066365678915,/srv/bulk/samteway/lab-data/tracking-fast-timing-20260903-v6/captures/fast-200us-5769000000-tx2-20260903T211159.923264Z/run.json
200,5769000000,TX2,ANT4,True,8.413944136735147,235.67733504673885,4,5.98,7.3953099507072535,/srv/bulk/samteway/lab-data/tracking-fast-timing-20260903-v6/captures/fast-200us-5769000000-tx2-20260903T211159.923264Z/run.json
200,5769000000,TX2,ANT8,True,13.31806932862829,422.28370993339445,4,5.98,3.931729182398943,/srv/bulk/samteway/lab-data/tracking-fast-timing-20260903-v6/captures/fast-200us-5769000000-tx2-20260903T211159.923264Z/run.json
200,5769000000,TX2,ANT7,True,7.398080249689282,210.09677756213858,4,5.98,10.000699009648859,/srv/bulk/samteway/lab-data/tracking-fast-timing-20260903-v6/captures/fast-200us-5769000000-tx2-20260903T211159.923264Z/run.json
200,5769000000,TX2,ANT5,True,9.344143813258434,266.78996733808174,4,5.98,6.791205739208234,/srv/bulk/samteway/lab-data/tracking-fast-timing-20260903-v6/captures/fast-200us-5769000000-tx2-20260903T211159.923264Z/run.json
200,5770000000,TX1,ANT1,True,-3.8511619745342607,63.49397644649007,64,95.616,7.388087058264641,/srv/bulk/samteway/lab-data/tracking-fast-timing-20260903-v6/captures/fast-200us-5770000000-tx1-20260903T211214.154789Z/run.json
200,5770000000,TX1,ANT2,True,-0.6819698877440432,84.47463770441418,64,95.616,4.433096862911618,/srv/bulk/samteway/lab-data/tracking-fast-timing-20260903-v6/captures/fast-200us-5770000000-tx1-20260903T211214.154789Z/run.json
200,5770000000,TX1,ANT4,True,-3.692815403764657,60.7322266501598,64,95.616,7.198286195306847,/srv/bulk/samteway/lab-data/tracking-fast-timing-20260903-v6/captures/fast-200us-5770000000-tx1-20260903T211214.154789Z/run.json
200,5770000000,TX1,ANT8,True,-5.747541309448562,47.14884925672812,64,95.616,8.662559367329125,/srv/bulk/samteway/lab-data/tracking-fast-timing-20260903-v6/captures/fast-200us-5770000000-tx1-20260903T211214.154789Z/run.json
200,5770000000,TX1,ANT7,True,-14.714336503765802,16.79036071074209,64,95.616,25.29189906768247,/srv/bulk/samteway/lab-data/tracking-fast-timing-20260903-v6/captures/fast-200us-5770000000-tx1-20260903T211214.154789Z/run.json
200,5770000000,TX1,ANT5,True,-3.8184278530268463,58.69177676405697,64,95.616,7.162399269696145,/srv/bulk/samteway/lab-data/tracking-fast-timing-20260903-v6/captures/fast-200us-5770000000-tx1-20260903T211214.154789Z/run.json
200,5770000000,TX2,ANT1,True,5.459079861291723,172.1909538056402,4,5.976,9.36853019022991,/srv/bulk/samteway/lab-data/tracking-fast-timing-20260903-v6/captures/fast-200us-5770000000-tx2-20260903T211226.684686Z/run.json
200,5770000000,TX2,ANT2,True,-2.372019007618565,67.92823052797026,4,5.976,25.55322471735661,/srv/bulk/samteway/lab-data/tracking-fast-timing-20260903-v6/captures/fast-200us-5770000000-tx2-20260903T211226.684686Z/run.json
200,5770000000,TX2,ANT4,True,8.065211060867309,228.66381849083652,4,5.976,7.190785067013456,/srv/bulk/samteway/lab-data/tracking-fast-timing-20260903-v6/captures/fast-200us-5770000000-tx2-20260903T211226.684686Z/run.json
200,5770000000,TX2,ANT8,True,13.306751866553842,421.0416160593659,4,5.976,3.8646131946533813,/srv/bulk/samteway/lab-data/tracking-fast-timing-20260903-v6/captures/fast-200us-5770000000-tx2-20260903T211226.684686Z/run.json
200,5770000000,TX2,ANT7,True,7.113546932410153,209.6875815826895,4,5.976,9.495170583411042,/srv/bulk/samteway/lab-data/tracking-fast-timing-20260903-v6/captures/fast-200us-5770000000-tx2-20260903T211226.684686Z/run.json
200,5770000000,TX2,ANT5,True,9.35928074428677,269.6291051322589,4,5.976,6.336833022017817,/srv/bulk/samteway/lab-data/tracking-fast-timing-20260903-v6/captures/fast-200us-5770000000-tx2-20260903T211226.684686Z/run.json
200,5771000000,TX1,ANT1,True,-4.351461117015946,60.89583939400823,64,95.616,6.821563722499543,/srv/bulk/samteway/lab-data/tracking-fast-timing-20260903-v6/captures/fast-200us-5771000000-tx1-20260903T211241.132079Z/run.json
200,5771000000,TX1,ANT2,True,-1.1563115740402519,80.0170441833075,64,95.616,5.7898003224106365,/srv/bulk/samteway/lab-data/tracking-fast-timing-20260903-v6/captures/fast-200us-5771000000-tx1-20260903T211241.132079Z/run.json
200,5771000000,TX1,ANT4,True,-3.2626707955734764,62.21602174516321,64,95.616,7.0506372771875725,/srv/bulk/samteway/lab-data/tracking-fast-timing-20260903-v6/captures/fast-200us-5771000000-tx1-20260903T211241.132079Z/run.json
200,5771000000,TX1,ANT8,True,-5.722902723600553,47.66464534482704,64,95.616,7.663334393297542,/srv/bulk/samteway/lab-data/tracking-fast-timing-20260903-v6/captures/fast-200us-5771000000-tx1-20260903T211241.132079Z/run.json
200,5771000000,TX1,ANT7,True,-14.515769893516765,17.374773123194224,64,95.616,24.848371409532668,/srv/bulk/samteway/lab-data/tracking-fast-timing-20260903-v6/captures/fast-200us-5771000000-tx1-20260903T211241.132079Z/run.json
200,5771000000,TX1,ANT5,True,-3.934286195121312,56.789677570161835,64,95.616,7.277542227935588,/srv/bulk/samteway/lab-data/tracking-fast-timing-20260903-v6/captures/fast-200us-5771000000-tx1-20260903T211241.132079Z/run.json
200,5771000000,TX2,ANT1,True,-3.6543572512116422,57.60407144561261,4,5.976,40.30799260679796,/srv/bulk/samteway/lab-data/tracking-fast-timing-20260903-v6/captures/fast-200us-5771000000-tx2-20260903T211254.646108Z/run.json
200,5771000000,TX2,ANT2,True,4.7014183586878895,165.86512619310693,4,5.976,9.995855222026726,/srv/bulk/samteway/lab-data/tracking-fast-timing-20260903-v6/captures/fast-200us-5771000000-tx2-20260903T211254.646108Z/run.json
200,5771000000,TX2,ANT4,True,-3.0675390989781977,66.2004950613482,4,5.976,28.910802972875818,/srv/bulk/samteway/lab-data/tracking-fast-timing-20260903-v6/captures/fast-200us-5771000000-tx2-20260903T211254.646108Z/run.json
200,5771000000,TX2,ANT8,True,7.223735033667364,219.08614162655752,4,5.976,8.102692973015007,/srv/bulk/samteway/lab-data/tracking-fast-timing-20260903-v6/captures/fast-200us-5771000000-tx2-20260903T211254.646108Z/run.json
200,5771000000,TX2,ANT7,True,12.079704669897556,403.23605915142195,4,5.976,4.424149996401452,/srv/bulk/samteway/lab-data/tracking-fast-timing-20260903-v6/captures/fast-200us-5771000000-tx2-20260903T211254.646108Z/run.json
200,5771000000,TX2,ANT5,True,6.582858722739736,203.48468732405044,4,5.976,9.9256441905021,/srv/bulk/samteway/lab-data/tracking-fast-timing-20260903-v6/captures/fast-200us-5771000000-tx2-20260903T211254.646108Z/run.json
200,5772000000,TX1,ANT1,True,-4.19717741000375,60.72146670103385,64,95.616,6.729791465439126,/srv/bulk/samteway/lab-data/tracking-fast-timing-20260903-v6/captures/fast-200us-5772000000-tx1-20260903T211309.294498Z/run.json
200,5772000000,TX1,ANT2,True,-0.8645542985438988,81.84616484014241,64,95.616,4.187656161673122,/srv/bulk/samteway/lab-data/tracking-fast-timing-20260903-v6/captures/fast-200us-5772000000-tx1-20260903T211309.294498Z/run.json
200,5772000000,TX1,ANT4,True,-2.9769375362612793,65.18821753150107,64,95.616,6.928994905706106,/srv/bulk/samteway/lab-data/tracking-fast-timing-20260903-v6/captures/fast-200us-5772000000-tx1-20260903T211309.294498Z/run.json
200,5772000000,TX1,ANT8,True,-5.836336261852936,46.501473804159076,64,95.616,9.15063542157735,/srv/bulk/samteway/lab-data/tracking-fast-timing-20260903-v6/captures/fast-200us-5772000000-tx1-20260903T211309.294498Z/run.json
200,5772000000,TX1,ANT7,True,-13.930095767975173,18.366149485419733,64,95.616,23.80543309210026,/srv/bulk/samteway/lab-data/tracking-fast-timing-20260903-v6/captures/fast-200us-5772000000-tx1-20260903T211309.294498Z/run.json
200,5772000000,TX1,ANT5,True,-3.85866576066543,57.22902501712919,64,95.616,6.914998475770643,/srv/bulk/samteway/lab-data/tracking-fast-timing-20260903-v6/captures/fast-200us-5772000000-tx1-20260903T211309.294498Z/run.json
200,5772000000,TX2,ANT1,True,4.933110104412324,168.67031693451176,4,5.976,10.033706888121962,/srv/bulk/samteway/lab-data/tracking-fast-timing-20260903-v6/captures/fast-200us-5772000000-tx2-20260903T211322.408778Z/run.json
200,5772000000,TX2,ANT2,True,-2.6663915131685743,68.1119720018555,4,5.976,28.772871475520667,/srv/bulk/samteway/lab-data/tracking-fast-timing-20260903-v6/captures/fast-200us-5772000000-tx2-20260903T211322.408778Z/run.json
200,5772000000,TX2,ANT4,True,7.531531026523975,221.34073196254644,4,5.976,7.939351248307838,/srv/bulk/samteway/lab-data/tracking-fast-timing-20260903-v6/captures/fast-200us-5772000000-tx2-20260903T211322.408778Z/run.json
200,5772000000,TX2,ANT8,True,12.095307644669111,407.9305920335711,4,5.976,4.704869010872459,/srv/bulk/samteway/lab-data/tracking-fast-timing-20260903-v6/captures/fast-200us-5772000000-tx2-20260903T211322.408778Z/run.json
200,5772000000,TX2,ANT7,True,6.85297208378829,206.11459263340348,4,5.976,9.287020721548497,/srv/bulk/samteway/lab-data/tracking-fast-timing-20260903-v6/captures/fast-200us-5772000000-tx2-20260903T211322.408778Z/run.json
200,5772000000,TX2,ANT5,True,8.875579511177694,258.99395475120053,4,5.976,7.048037670601394,/srv/bulk/samteway/lab-data/tracking-fast-timing-20260903-v6/captures/fast-200us-5772000000-tx2-20260903T211322.408778Z/run.json
200,5773000000,TX1,ANT1,True,-4.875614344938064,56.607342529153094,64,95.616,6.777876991424711,/srv/bulk/samteway/lab-data/tracking-fast-timing-20260903-v6/captures/fast-200us-5773000000-tx1-20260903T211336.697039Z/run.json
200,5773000000,TX1,ANT2,True,-1.2205501974728463,80.51545462714402,64,95.616,4.79377733147174,/srv/bulk/samteway/lab-data/tracking-fast-timing-20260903-v6/captures/fast-200us-5773000000-tx1-20260903T211336.697039Z/run.json
200,5773000000,TX1,ANT4,True,-2.9361655698708433,66.70053441926746,64,95.616,6.1871272428626645,/srv/bulk/samteway/lab-data/tracking-fast-timing-20260903-v6/captures/fast-200us-5773000000-tx1-20260903T211336.697039Z/run.json
200,5773000000,TX1,ANT8,True,-6.258409473730342,44.28955897867341,64,95.616,8.976570049155242,/srv/bulk/samteway/lab-data/tracking-fast-timing-20260903-v6/captures/fast-200us-5773000000-tx1-20260903T211336.697039Z/run.json
200,5773000000,TX1,ANT7,True,-13.406660928604586,19.483739849252377,64,95.616,22.580417696894898,/srv/bulk/samteway/lab-data/tracking-fast-timing-20260903-v6/captures/fast-200us-5773000000-tx1-20260903T211336.697039Z/run.json
200,5773000000,TX1,ANT5,True,-3.6558003894230224,58.84669944693556,64,95.616,6.885628159232549,/srv/bulk/samteway/lab-data/tracking-fast-timing-20260903-v6/captures/fast-200us-5773000000-tx1-20260903T211336.697039Z/run.json
200,5773000000,TX2,ANT1,True,-6.139260108345251,52.698695523130816,,,,/srv/bulk/samteway/lab-data/tracking-fast-timing-20260903-v6/captures/fast-200us-5773000000-tx2-20260903T211349.608172Z/run.json
200,5773000000,TX2,ANT2,True,3.2127382167356195,144.53170760711998,,,,/srv/bulk/samteway/lab-data/tracking-fast-timing-20260903-v6/captures/fast-200us-5773000000-tx2-20260903T211349.608172Z/run.json
200,5773000000,TX2,ANT4,True,-2.379647854193639,73.05277907080144,,,,/srv/bulk/samteway/lab-data/tracking-fast-timing-20260903-v6/captures/fast-200us-5773000000-tx2-20260903T211349.608172Z/run.json
200,5773000000,TX2,ANT8,True,5.367823169415724,197.57292349722027,,,,/srv/bulk/samteway/lab-data/tracking-fast-timing-20260903-v6/captures/fast-200us-5773000000-tx2-20260903T211349.608172Z/run.json
200,5773000000,TX2,ANT7,True,9.505012147802583,350.8471915698551,,,,/srv/bulk/samteway/lab-data/tracking-fast-timing-20260903-v6/captures/fast-200us-5773000000-tx2-20260903T211349.608172Z/run.json
200,5773000000,TX2,ANT5,True,3.5702265589953672,177.85028010071048,,,,/srv/bulk/samteway/lab-data/tracking-fast-timing-20260903-v6/captures/fast-200us-5773000000-tx2-20260903T211349.608172Z/run.json
200,5774000000,TX1,ANT1,True,-4.757998463405141,55.374904109871814,64,95.616,6.493387019938524,/srv/bulk/samteway/lab-data/tracking-fast-timing-20260903-v6/captures/fast-200us-5774000000-tx1-20260903T211404.835826Z/run.json
200,5774000000,TX1,ANT2,True,-0.4894636460372854,83.77421040023212,64,95.616,5.2559084111497345,/srv/bulk/samteway/lab-data/tracking-fast-timing-20260903-v6/captures/fast-200us-5774000000-tx1-20260903T211404.835826Z/run.json
200,5774000000,TX1,ANT4,True,-2.4632123928503793,67.17318300315956,64,95.616,6.203183672523477,/srv/bulk/samteway/lab-data/tracking-fast-timing-20260903-v6/captures/fast-200us-5774000000-tx1-20260903T211404.835826Z/run.json
200,5774000000,TX1,ANT8,True,-5.542643476802937,46.939796601471386,64,95.616,7.6632802510843385,/srv/bulk/samteway/lab-data/tracking-fast-timing-20260903-v6/captures/fast-200us-5774000000-tx1-20260903T211404.835826Z/run.json
200,5774000000,TX1,ANT7,True,-14.394995098819658,16.85389058676966,64,95.616,24.467829079438925,/srv/bulk/samteway/lab-data/tracking-fast-timing-20260903-v6/captures/fast-200us-5774000000-tx1-20260903T211404.835826Z/run.json
200,5774000000,TX1,ANT5,True,-3.650229878476325,58.97956077930522,64,95.616,6.899106885627178,/srv/bulk/samteway/lab-data/tracking-fast-timing-20260903-v6/captures/fast-200us-5774000000-tx1-20260903T211404.835826Z/run.json
200,5774000000,TX2,ANT1,True,5.954403534720126,172.148697979567,4,5.976,9.39156843051444,/srv/bulk/samteway/lab-data/tracking-fast-timing-20260903-v6/captures/fast-200us-5774000000-tx2-20260903T211418.353809Z/run.json
200,5774000000,TX2,ANT2,True,-1.9646161693596742,67.14748491045106,4,5.976,28.637043974563344,/srv/bulk/samteway/lab-data/tracking-fast-timing-20260903-v6/captures/fast-200us-5774000000-tx2-20260903T211418.353809Z/run.json
200,5774000000,TX2,ANT4,True,7.318374117234625,204.11988105720428,4,5.976,7.955937617664315,/srv/bulk/samteway/lab-data/tracking-fast-timing-20260903-v6/captures/fast-200us-5774000000-tx2-20260903T211418.353809Z/run.json
200,5774000000,TX2,ANT8,True,13.58211443518668,415.0116522779842,4,5.976,3.822285711319477,/srv/bulk/samteway/lab-data/tracking-fast-timing-20260903-v6/captures/fast-200us-5774000000-tx2-20260903T211418.353809Z/run.json
200,5774000000,TX2,ANT7,True,7.769155536646437,207.26779020677432,4,5.976,7.86280635433378,/srv/bulk/samteway/lab-data/tracking-fast-timing-20260903-v6/captures/fast-200us-5774000000-tx2-20260903T211418.353809Z/run.json
200,5774000000,TX2,ANT5,True,9.906665360396774,272.51641748537463,4,5.976,5.848251784199205,/srv/bulk/samteway/lab-data/tracking-fast-timing-20260903-v6/captures/fast-200us-5774000000-tx2-20260903T211418.353809Z/run.json
200,5775000000,TX1,ANT1,True,-7.6926509615139,35.57371509699869,128,191.232,10.98263962958726,/srv/bulk/samteway/lab-data/tracking-fast-timing-20260903-v6/captures/fast-200us-5775000000-tx1-20260903T211433.034263Z/run.json
200,5775000000,TX1,ANT2,True,-6.776487987660415,47.73116176962973,128,191.232,7.9213270224121395,/srv/bulk/samteway/lab-data/tracking-fast-timing-20260903-v6/captures/fast-200us-5775000000-tx1-20260903T211433.034263Z/run.json
200,5775000000,TX1,ANT4,True,-2.2254522991242554,74.5931935409921,128,191.232,9.95457707597631,/srv/bulk/samteway/lab-data/tracking-fast-timing-20260903-v6/captures/fast-200us-5775000000-tx1-20260903T211433.034263Z/run.json
200,5775000000,TX1,ANT8,True,-3.397191587127338,65.57874160311508,128,191.232,5.655825059610068,/srv/bulk/samteway/lab-data/tracking-fast-timing-20260903-v6/captures/fast-200us-5775000000-tx1-20260903T211433.034263Z/run.json
200,5775000000,TX1,ANT7,True,-6.304004060306294,46.064223626800036,128,191.232,9.981676042232369,/srv/bulk/samteway/lab-data/tracking-fast-timing-20260903-v6/captures/fast-200us-5775000000-tx1-20260903T211433.034263Z/run.json
200,5775000000,TX1,ANT5,True,-12.380260694865344,23.026762852791038,128,191.232,14.824998393962245,/srv/bulk/samteway/lab-data/tracking-fast-timing-20260903-v6/captures/fast-200us-5775000000-tx1-20260903T211433.034263Z/run.json
200,5775000000,TX2,ANT1,True,-3.2730678275895357,58.059125824255446,4,5.976,39.12629559952114,/srv/bulk/samteway/lab-data/tracking-fast-timing-20260903-v6/captures/fast-200us-5775000000-tx2-20260903T211446.934945Z/run.json
200,5775000000,TX2,ANT2,True,5.041369464469744,164.61287598702316,4,5.976,10.352367968377585,/srv/bulk/samteway/lab-data/tracking-fast-timing-20260903-v6/captures/fast-200us-5775000000-tx2-20260903T211446.934945Z/run.json
200,5775000000,TX2,ANT4,True,-2.578018073481142,65.89408603690563,4,5.976,28.503360907229453,/srv/bulk/samteway/lab-data/tracking-fast-timing-20260903-v6/captures/fast-200us-5775000000-tx2-20260903T211446.934945Z/run.json
200,5775000000,TX2,ANT8,True,6.5724357955238375,193.2250130047773,4,5.976,8.985290474651647,/srv/bulk/samteway/lab-data/tracking-fast-timing-20260903-v6/captures/fast-200us-5775000000-tx2-20260903T211446.934945Z/run.json
200,5775000000,TX2,ANT7,True,12.553963211319981,403.44556357857414,4,5.976,4.3421855984970845,/srv/bulk/samteway/lab-data/tracking-fast-timing-20260903-v6/captures/fast-200us-5775000000-tx2-20260903T211446.934945Z/run.json
200,5775000000,TX2,ANT5,True,7.074393545082581,200.24563012076771,4,5.976,9.37029851218036,/srv/bulk/samteway/lab-data/tracking-fast-timing-20260903-v6/captures/fast-200us-5775000000-tx2-20260903T211446.934945Z/run.json
200,5776000000,TX1,ANT1,True,-6.173626197020728,49.143779125207146,32,47.808,12.917300936989506,/srv/bulk/samteway/lab-data/tracking-fast-timing-20260903-v6/captures/fast-200us-5776000000-tx1-20260903T211501.593468Z/run.json
200,5776000000,TX1,ANT2,True,-0.5303919848559958,82.68928509175618,32,47.808,6.462456675814064,/srv/bulk/samteway/lab-data/tracking-fast-timing-20260903-v6/captures/fast-200us-5776000000-tx1-20260903T211501.593468Z/run.json
200,5776000000,TX1,ANT4,True,-1.567431927983336,75.46619545751452,32,47.808,7.915500777163143,/srv/bulk/samteway/lab-data/tracking-fast-timing-20260903-v6/captures/fast-200us-5776000000-tx1-20260903T211501.593468Z/run.json
200,5776000000,TX1,ANT8,True,-5.210317185335366,49.03607915496163,32,47.808,11.924132491016186,/srv/bulk/samteway/lab-data/tracking-fast-timing-20260903-v6/captures/fast-200us-5776000000-tx1-20260903T211501.593468Z/run.json
200,5776000000,TX1,ANT7,True,-13.076656352840956,20.036112206305432,32,47.808,30.442650480716107,/srv/bulk/samteway/lab-data/tracking-fast-timing-20260903-v6/captures/fast-200us-5776000000-tx1-20260903T211501.593468Z/run.json
200,5776000000,TX1,ANT5,True,-3.669903616467321,57.59583226194025,32,47.808,9.041563943104247,/srv/bulk/samteway/lab-data/tracking-fast-timing-20260903-v6/captures/fast-200us-5776000000-tx1-20260903T211501.593468Z/run.json
200,5776000000,TX2,ANT1,True,5.314684810865014,167.8830135151177,4,5.976,10.047013842880917,/srv/bulk/samteway/lab-data/tracking-fast-timing-20260903-v6/captures/fast-200us-5776000000-tx2-20260903T211514.999491Z/run.json
200,5776000000,TX2,ANT2,True,-2.1392882835731415,67.90863014020803,4,5.976,27.231826581050218,/srv/bulk/samteway/lab-data/tracking-fast-timing-20260903-v6/captures/fast-200us-5776000000-tx2-20260903T211514.999491Z/run.json
200,5776000000,TX2,ANT4,True,6.397994168048471,187.62737219418946,4,5.976,8.631217033362072,/srv/bulk/samteway/lab-data/tracking-fast-timing-20260903-v6/captures/fast-200us-5776000000-tx2-20260903T211514.999491Z/run.json
200,5776000000,TX2,ANT8,True,13.303365225354968,414.44366494250755,4,5.976,4.115660885301038,/srv/bulk/samteway/lab-data/tracking-fast-timing-20260903-v6/captures/fast-200us-5776000000-tx2-20260903T211514.999491Z/run.json
200,5776000000,TX2,ANT7,True,7.364767427984785,205.95961790443187,4,5.976,8.411160518404442,/srv/bulk/samteway/lab-data/tracking-fast-timing-20260903-v6/captures/fast-200us-5776000000-tx2-20260903T211514.999491Z/run.json
200,5776000000,TX2,ANT5,True,9.466508498775,267.29739560725056,4,5.976,6.5042088920941215,/srv/bulk/samteway/lab-data/tracking-fast-timing-20260903-v6/captures/fast-200us-5776000000-tx2-20260903T211514.999491Z/run.json
200,5777000000,TX1,ANT1,True,-6.3256240038796765,49.07331626041698,32,47.84,12.317492090341174,/srv/bulk/samteway/lab-data/tracking-fast-timing-20260903-v6/captures/fast-200us-5777000000-tx1-20260903T211530.172939Z/run.json
200,5777000000,TX1,ANT2,True,-1.06888232532313,81.46112075939921,32,47.84,6.314331182582979,/srv/bulk/samteway/lab-data/tracking-fast-timing-20260903-v6/captures/fast-200us-5777000000-tx1-20260903T211530.172939Z/run.json
200,5777000000,TX1,ANT4,True,-1.5190762090937162,77.57891386631118,32,47.84,7.950244443076831,/srv/bulk/samteway/lab-data/tracking-fast-timing-20260903-v6/captures/fast-200us-5777000000-tx1-20260903T211530.172939Z/run.json
200,5777000000,TX1,ANT8,True,-5.545095732136094,48.723380005629245,32,47.84,12.2172475250394,/srv/bulk/samteway/lab-data/tracking-fast-timing-20260903-v6/captures/fast-200us-5777000000-tx1-20260903T211530.172939Z/run.json
200,5777000000,TX1,ANT7,True,-12.82113088954311,21.06953559495176,32,47.84,26.884034550691148,/srv/bulk/samteway/lab-data/tracking-fast-timing-20260903-v6/captures/fast-200us-5777000000-tx1-20260903T211530.172939Z/run.json
200,5777000000,TX1,ANT5,True,-4.203574257167357,56.56467688386187,32,47.84,10.035921076148481,/srv/bulk/samteway/lab-data/tracking-fast-timing-20260903-v6/captures/fast-200us-5777000000-tx1-20260903T211530.172939Z/run.json
200,5777000000,TX2,ANT1,True,4.274905827918397,204.45669241723672,,,,/srv/bulk/samteway/lab-data/tracking-fast-timing-20260903-v6/captures/fast-200us-5777000000-tx2-20260903T211543.353934Z/run.json
200,5777000000,TX2,ANT2,True,-4.501330733993466,69.21971691558105,,,,/srv/bulk/samteway/lab-data/tracking-fast-timing-20260903-v6/captures/fast-200us-5777000000-tx2-20260903T211543.353934Z/run.json
200,5777000000,TX2,ANT4,True,1.403213094012299,120.73372196018899,,,,/srv/bulk/samteway/lab-data/tracking-fast-timing-20260903-v6/captures/fast-200us-5777000000-tx2-20260903T211543.353934Z/run.json
200,5777000000,TX2,ANT8,True,-2.7891092967745634,70.8991714479987,,,,/srv/bulk/samteway/lab-data/tracking-fast-timing-20260903-v6/captures/fast-200us-5777000000-tx2-20260903T211543.353934Z/run.json
200,5777000000,TX2,ANT7,True,3.2259596005793476,155.40926396904126,,,,/srv/bulk/samteway/lab-data/tracking-fast-timing-20260903-v6/captures/fast-200us-5777000000-tx2-20260903T211543.353934Z/run.json
200,5777000000,TX2,ANT5,True,8.841974015684468,330.0062567194427,,,,/srv/bulk/samteway/lab-data/tracking-fast-timing-20260903-v6/captures/fast-200us-5777000000-tx2-20260903T211543.353934Z/run.json
200,5778000000,TX1,ANT1,True,-5.834626823013004,48.91584991085702,64,95.616,7.968544089157303,/srv/bulk/samteway/lab-data/tracking-fast-timing-20260903-v6/captures/fast-200us-5778000000-tx1-20260903T211607.425753Z/run.json
200,5778000000,TX1,ANT2,True,-0.5308166711663234,84.16463672156448,64,95.616,4.780843407069996,/srv/bulk/samteway/lab-data/tracking-fast-timing-20260903-v6/captures/fast-200us-5778000000-tx1-20260903T211607.425753Z/run.json
200,5778000000,TX1,ANT4,True,-0.3024534484005176,85.3948195809694,64,95.616,4.901264299643034,/srv/bulk/samteway/lab-data/tracking-fast-timing-20260903-v6/captures/fast-200us-5778000000-tx1-20260903T211607.425753Z/run.json
200,5778000000,TX1,ANT8,True,-5.121063194957406,49.91693306479587,64,95.616,8.999432187742364,/srv/bulk/samteway/lab-data/tracking-fast-timing-20260903-v6/captures/fast-200us-5778000000-tx1-20260903T211607.425753Z/run.json
200,5778000000,TX1,ANT7,True,-12.342733630138998,21.42354111704889,64,95.616,18.756834869369786,/srv/bulk/samteway/lab-data/tracking-fast-timing-20260903-v6/captures/fast-200us-5778000000-tx1-20260903T211607.425753Z/run.json
200,5778000000,TX1,ANT5,True,-3.4718037287765844,59.85391630130583,64,95.616,7.486443418306938,/srv/bulk/samteway/lab-data/tracking-fast-timing-20260903-v6/captures/fast-200us-5778000000-tx1-20260903T211607.425753Z/run.json
200,5778000000,TX2,ANT1,True,5.696486148410652,166.71402452709472,4,5.976,9.465766757946184,/srv/bulk/samteway/lab-data/tracking-fast-timing-20260903-v6/captures/fast-200us-5778000000-tx2-20260903T211620.610974Z/run.json
200,5778000000,TX2,ANT2,True,-1.7963084733629562,68.26197047382344,4,5.976,25.955146604106982,/srv/bulk/samteway/lab-data/tracking-fast-timing-20260903-v6/captures/fast-200us-5778000000-tx2-20260903T211620.610974Z/run.json
200,5778000000,TX2,ANT4,True,6.004672427296569,172.42367140774417,4,5.976,9.217578840622853,/srv/bulk/samteway/lab-data/tracking-fast-timing-20260903-v6/captures/fast-200us-5778000000-tx2-20260903T211620.610974Z/run.json
200,5778000000,TX2,ANT8,True,14.009342880726624,424.2307417449779,4,5.976,3.5929855465264713,/srv/bulk/samteway/lab-data/tracking-fast-timing-20260903-v6/captures/fast-200us-5778000000-tx2-20260903T211620.610974Z/run.json
200,5778000000,TX2,ANT7,True,7.7146925334642145,207.31564331539144,4,5.976,7.876933305115182,/srv/bulk/samteway/lab-data/tracking-fast-timing-20260903-v6/captures/fast-200us-5778000000-tx2-20260903T211620.610974Z/run.json
200,5778000000,TX2,ANT5,True,9.934413267739401,270.7215838703481,4,5.976,6.048194929734664,/srv/bulk/samteway/lab-data/tracking-fast-timing-20260903-v6/captures/fast-200us-5778000000-tx2-20260903T211620.610974Z/run.json
200,5779000000,TX1,ANT1,True,-7.519083766146243,42.609516044705565,32,47.808,13.485860376799112,/srv/bulk/samteway/lab-data/tracking-fast-timing-20260903-v6/captures/fast-200us-5779000000-tx1-20260903T211635.091013Z/run.json
200,5779000000,TX1,ANT2,True,-11.583673870535476,86.97619090495527,32,47.808,8.237352953495751,/srv/bulk/samteway/lab-data/tracking-fast-timing-20260903-v6/captures/fast-200us-5779000000-tx1-20260903T211635.091013Z/run.json
200,5779000000,TX1,ANT4,True,-0.8469285869724081,83.40778297408646,32,47.808,7.209877396588798,/srv/bulk/samteway/lab-data/tracking-fast-timing-20260903-v6/captures/fast-200us-5779000000-tx1-20260903T211635.091013Z/run.json
200,5779000000,TX1,ANT8,True,-5.332203429285768,49.10682658247469,32,47.808,12.338131324085788,/srv/bulk/samteway/lab-data/tracking-fast-timing-20260903-v6/captures/fast-200us-5779000000-tx1-20260903T211635.091013Z/run.json
200,5779000000,TX1,ANT7,True,-11.444401255799184,24.253203703886253,32,47.808,24.348042278410954,/srv/bulk/samteway/lab-data/tracking-fast-timing-20260903-v6/captures/fast-200us-5779000000-tx1-20260903T211635.091013Z/run.json
200,5779000000,TX1,ANT5,True,-3.5742839811954696,59.44043167890935,32,47.808,9.692197591612102,/srv/bulk/samteway/lab-data/tracking-fast-timing-20260903-v6/captures/fast-200us-5779000000-tx1-20260903T211635.091013Z/run.json
200,5779000000,TX2,ANT1,True,5.352140202565382,164.99604651292393,4,5.976,9.689022553721621,/srv/bulk/samteway/lab-data/tracking-fast-timing-20260903-v6/captures/fast-200us-5779000000-tx2-20260903T211647.708558Z/run.json
200,5779000000,TX2,ANT2,True,-1.9182082239236768,69.06835619672972,4,5.976,26.443170338052262,/srv/bulk/samteway/lab-data/tracking-fast-timing-20260903-v6/captures/fast-200us-5779000000-tx2-20260903T211647.708558Z/run.json
200,5779000000,TX2,ANT4,True,5.414099566913797,164.3986209321152,4,5.976,9.362271027849644,/srv/bulk/samteway/lab-data/tracking-fast-timing-20260903-v6/captures/fast-200us-5779000000-tx2-20260903T211647.708558Z/run.json
200,5779000000,TX2,ANT8,True,13.77109422836789,429.07926088008946,4,5.976,3.6293727910602267,/srv/bulk/samteway/lab-data/tracking-fast-timing-20260903-v6/captures/fast-200us-5779000000-tx2-20260903T211647.708558Z/run.json
200,5779000000,TX2,ANT7,True,7.681724033629024,208.07478192050885,4,5.976,7.585571024869023,/srv/bulk/samteway/lab-data/tracking-fast-timing-20260903-v6/captures/fast-200us-5779000000-tx2-20260903T211647.708558Z/run.json
200,5779000000,TX2,ANT5,True,9.848614295401482,271.5310922958907,4,5.976,5.528353671813282,/srv/bulk/samteway/lab-data/tracking-fast-timing-20260903-v6/captures/fast-200us-5779000000-tx2-20260903T211647.708558Z/run.json
200,5780000000,TX1,ANT1,True,-7.982310719847509,41.36135241226046,64,95.616,12.068138051302702,/srv/bulk/samteway/lab-data/tracking-fast-timing-20260903-v6/captures/fast-200us-5780000000-tx1-20260903T211702.218324Z/run.json
200,5780000000,TX1,ANT2,True,-1.5428604944500859,78.49722109889419,64,95.616,5.568896273986413,/srv/bulk/samteway/lab-data/tracking-fast-timing-20260903-v6/captures/fast-200us-5780000000-tx1-20260903T211702.218324Z/run.json
200,5780000000,TX1,ANT4,True,-0.8723736039892729,84.94276729219038,64,95.616,4.369021047815093,/srv/bulk/samteway/lab-data/tracking-fast-timing-20260903-v6/captures/fast-200us-5780000000-tx1-20260903T211702.218324Z/run.json
200,5780000000,TX1,ANT8,True,-5.731508445157031,48.445032854372165,64,95.616,8.209416950123694,/srv/bulk/samteway/lab-data/tracking-fast-timing-20260903-v6/captures/fast-200us-5780000000-tx1-20260903T211702.218324Z/run.json
200,5780000000,TX1,ANT7,True,-11.612766911951375,24.78157182632537,64,95.616,21.42873083374733,/srv/bulk/samteway/lab-data/tracking-fast-timing-20260903-v6/captures/fast-200us-5780000000-tx1-20260903T211702.218324Z/run.json
200,5780000000,TX1,ANT5,True,-4.237275305023048,54.92020567809217,64,95.616,6.166052353619582,/srv/bulk/samteway/lab-data/tracking-fast-timing-20260903-v6/captures/fast-200us-5780000000-tx1-20260903T211702.218324Z/run.json
200,5780000000,TX2,ANT1,True,2.8924820266976603,136.25768576000425,8,11.952,10.547616021390242,/srv/bulk/samteway/lab-data/tracking-fast-timing-20260903-v6/captures/fast-200us-5780000000-tx2-20260903T211714.985525Z/run.json
200,5780000000,TX2,ANT2,True,-3.1405673060205497,65.5805002244932,8,11.952,21.078193076348267,/srv/bulk/samteway/lab-data/tracking-fast-timing-20260903-v6/captures/fast-200us-5780000000-tx2-20260903T211714.985525Z/run.json
200,5780000000,TX2,ANT4,True,3.467163825239722,146.5487967070363,8,11.952,11.658847512477388,/srv/bulk/samteway/lab-data/tracking-fast-timing-20260903-v6/captures/fast-200us-5780000000-tx2-20260903T211714.985525Z/run.json
200,5780000000,TX2,ANT8,True,10.772293016156336,374.4110985311107,8,11.952,5.333575221671229,/srv/bulk/samteway/lab-data/tracking-fast-timing-20260903-v6/captures/fast-200us-5780000000-tx2-20260903T211714.985525Z/run.json
200,5780000000,TX2,ANT7,True,5.010077792447586,186.40873811304166,8,11.952,16.15846084835449,/srv/bulk/samteway/lab-data/tracking-fast-timing-20260903-v6/captures/fast-200us-5780000000-tx2-20260903T211714.985525Z/run.json
200,5780000000,TX2,ANT5,True,7.871528897382038,239.02245838518957,8,11.952,7.791293398375735,/srv/bulk/samteway/lab-data/tracking-fast-timing-20260903-v6/captures/fast-200us-5780000000-tx2-20260903T211714.985525Z/run.json
200,5781000000,TX1,ANT1,True,-8.38552886007694,32.262647718059405,32,47.808,17.61280781983835,/srv/bulk/samteway/lab-data/tracking-fast-timing-20260903-v6/captures/fast-200us-5781000000-tx1-20260903T211729.137326Z/run.json
200,5781000000,TX1,ANT2,True,-8.266458209720835,39.034226880936174,32,47.808,16.481826126807725,/srv/bulk/samteway/lab-data/tracking-fast-timing-20260903-v6/captures/fast-200us-5781000000-tx1-20260903T211729.137326Z/run.json
200,5781000000,TX1,ANT4,True,-0.9814983994752458,81.19393422179027,32,47.808,6.826082358257625,/srv/bulk/samteway/lab-data/tracking-fast-timing-20260903-v6/captures/fast-200us-5781000000-tx1-20260903T211729.137326Z/run.json
200,5781000000,TX1,ANT8,True,-0.10863704250972149,92.78279291430916,32,47.808,6.041013611894249,/srv/bulk/samteway/lab-data/tracking-fast-timing-20260903-v6/captures/fast-200us-5781000000-tx1-20260903T211729.137326Z/run.json
200,5781000000,TX1,ANT7,True,-5.352842716618694,50.74248606583567,32,47.808,11.436408748921618,/srv/bulk/samteway/lab-data/tracking-fast-timing-20260903-v6/captures/fast-200us-5781000000-tx1-20260903T211729.137326Z/run.json
200,5781000000,TX1,ANT5,True,-9.862848800878055,29.18053365138418,32,47.808,20.494912101573814,/srv/bulk/samteway/lab-data/tracking-fast-timing-20260903-v6/captures/fast-200us-5781000000-tx1-20260903T211729.137326Z/run.json
200,5781000000,TX2,ANT1,True,4.887717666550877,157.0164160613764,4,5.976,10.836596910351798,/srv/bulk/samteway/lab-data/tracking-fast-timing-20260903-v6/captures/fast-200us-5781000000-tx2-20260903T211742.080914Z/run.json
200,5781000000,TX2,ANT2,True,-2.059418805599828,68.2364673754837,4,5.976,27.603330708438055,/srv/bulk/samteway/lab-data/tracking-fast-timing-20260903-v6/captures/fast-200us-5781000000-tx2-20260903T211742.080914Z/run.json
200,5781000000,TX2,ANT4,True,4.3287711357844065,146.51796558192868,4,5.976,10.655540223454215,/srv/bulk/samteway/lab-data/tracking-fast-timing-20260903-v6/captures/fast-200us-5781000000-tx2-20260903T211742.080914Z/run.json
200,5781000000,TX2,ANT8,True,13.631975794352478,427.26229597544113,4,5.976,3.656999429613167,/srv/bulk/samteway/lab-data/tracking-fast-timing-20260903-v6/captures/fast-200us-5781000000-tx2-20260903T211742.080914Z/run.json
200,5781000000,TX2,ANT7,True,7.469494727014019,205.84194606183206,4,5.976,8.194442413355926,/srv/bulk/samteway/lab-data/tracking-fast-timing-20260903-v6/captures/fast-200us-5781000000-tx2-20260903T211742.080914Z/run.json
200,5781000000,TX2,ANT5,True,9.580089399575737,267.58621121813974,4,5.976,5.923109631685326,/srv/bulk/samteway/lab-data/tracking-fast-timing-20260903-v6/captures/fast-200us-5781000000-tx2-20260903T211742.080914Z/run.json
200,5782000000,TX1,ANT1,True,-7.5531007996385515,40.51073962002181,32,47.808,14.69483533634983,/srv/bulk/samteway/lab-data/tracking-fast-timing-20260903-v6/captures/fast-200us-5782000000-tx1-20260903T211757.281553Z/run.json
200,5782000000,TX1,ANT2,True,-0.6863181331487771,81.96684604881811,32,47.808,6.9447808279227266,/srv/bulk/samteway/lab-data/tracking-fast-timing-20260903-v6/captures/fast-200us-5782000000-tx1-20260903T211757.281553Z/run.json
200,5782000000,TX1,ANT4,True,0.3809235445002046,96.14007110708816,32,47.808,5.912350488859824,/srv/bulk/samteway/lab-data/tracking-fast-timing-20260903-v6/captures/fast-200us-5782000000-tx1-20260903T211757.281553Z/run.json
200,5782000000,TX1,ANT8,True,-4.759843665522615,51.51018464613554,32,47.808,11.63936455704519,/srv/bulk/samteway/lab-data/tracking-fast-timing-20260903-v6/captures/fast-200us-5782000000-tx1-20260903T211757.281553Z/run.json
200,5782000000,TX1,ANT7,True,-9.113809607510955,31.353087450253362,32,47.808,22.67432782248037,/srv/bulk/samteway/lab-data/tracking-fast-timing-20260903-v6/captures/fast-200us-5782000000-tx1-20260903T211757.281553Z/run.json
200,5782000000,TX1,ANT5,True,-4.091973872310501,56.860884149352394,32,47.808,10.389252326109016,/srv/bulk/samteway/lab-data/tracking-fast-timing-20260903-v6/captures/fast-200us-5782000000-tx1-20260903T211757.281553Z/run.json
200,5782000000,TX2,ANT1,True,3.875668979031458,147.18640467403597,4,5.976,11.357793578775333,/srv/bulk/samteway/lab-data/tracking-fast-timing-20260903-v6/captures/fast-200us-5782000000-tx2-20260903T211810.978311Z/run.json
200,5782000000,TX2,ANT2,True,-2.7686002032489414,65.7006997209109,4,5.976,29.855459538197795,/srv/bulk/samteway/lab-data/tracking-fast-timing-20260903-v6/captures/fast-200us-5782000000-tx2-20260903T211810.978311Z/run.json
200,5782000000,TX2,ANT4,True,3.7007797461545735,141.72428101110137,4,5.976,12.681172884834682,/srv/bulk/samteway/lab-data/tracking-fast-timing-20260903-v6/captures/fast-200us-5782000000-tx2-20260903T211810.978311Z/run.json
200,5782000000,TX2,ANT8,True,12.780485454835045,418.14333386658876,4,5.976,4.013410463353102,/srv/bulk/samteway/lab-data/tracking-fast-timing-20260903-v6/captures/fast-200us-5782000000-tx2-20260903T211810.978311Z/run.json
200,5782000000,TX2,ANT7,True,7.064196702218737,202.67683257364737,4,5.976,8.121839590940999,/srv/bulk/samteway/lab-data/tracking-fast-timing-20260903-v6/captures/fast-200us-5782000000-tx2-20260903T211810.978311Z/run.json
200,5782000000,TX2,ANT5,True,9.253030800799154,260.6621734566932,4,5.976,6.48490933028281,/srv/bulk/samteway/lab-data/tracking-fast-timing-20260903-v6/captures/fast-200us-5782000000-tx2-20260903T211810.978311Z/run.json
200,5783000000,TX1,ANT1,True,-8.346201536681207,37.978199421184605,32,47.808,14.39520476833097,/srv/bulk/samteway/lab-data/tracking-fast-timing-20260903-v6/captures/fast-200us-5783000000-tx1-20260903T211825.526069Z/run.json
200,5783000000,TX1,ANT2,True,-0.5238745343261881,85.45866824804072,32,47.808,7.287980654518052,/srv/bulk/samteway/lab-data/tracking-fast-timing-20260903-v6/captures/fast-200us-5783000000-tx1-20260903T211825.526069Z/run.json
200,5783000000,TX1,ANT4,True,0.7877806802263694,101.54562257094472,32,47.808,5.12486429267479,/srv/bulk/samteway/lab-data/tracking-fast-timing-20260903-v6/captures/fast-200us-5783000000-tx1-20260903T211825.526069Z/run.json
200,5783000000,TX1,ANT8,True,-4.61631193544932,53.0086689142218,32,47.808,11.11297492380701,/srv/bulk/samteway/lab-data/tracking-fast-timing-20260903-v6/captures/fast-200us-5783000000-tx1-20260903T211825.526069Z/run.json
200,5783000000,TX1,ANT7,True,-7.240346045367689,38.80229366939116,32,47.808,15.985133137878934,/srv/bulk/samteway/lab-data/tracking-fast-timing-20260903-v6/captures/fast-200us-5783000000-tx1-20260903T211825.526069Z/run.json
200,5783000000,TX1,ANT5,True,-3.7231784397511998,59.01441440218225,32,47.808,10.68285336820621,/srv/bulk/samteway/lab-data/tracking-fast-timing-20260903-v6/captures/fast-200us-5783000000-tx1-20260903T211825.526069Z/run.json
200,5783000000,TX2,ANT1,True,3.070555216179949,140.63531542787715,4,5.976,12.300649597189809,/srv/bulk/samteway/lab-data/tracking-fast-timing-20260903-v6/captures/fast-200us-5783000000-tx2-20260903T211847.899382Z/run.json
200,5783000000,TX2,ANT2,True,-3.4028721015049235,64.97689935447043,4,5.976,29.361222592220678,/srv/bulk/samteway/lab-data/tracking-fast-timing-20260903-v6/captures/fast-200us-5783000000-tx2-20260903T211847.899382Z/run.json
200,5783000000,TX2,ANT4,True,2.427610997363502,135.3698407072804,4,5.976,15.011984267790778,/srv/bulk/samteway/lab-data/tracking-fast-timing-20260903-v6/captures/fast-200us-5783000000-tx2-20260903T211847.899382Z/run.json
200,5783000000,TX2,ANT8,True,11.64932020134819,405.5490614785412,4,5.976,4.599487668334865,/srv/bulk/samteway/lab-data/tracking-fast-timing-20260903-v6/captures/fast-200us-5783000000-tx2-20260903T211847.899382Z/run.json
200,5783000000,TX2,ANT7,True,6.098656491689642,199.7102223763683,4,5.976,9.481332079324474,/srv/bulk/samteway/lab-data/tracking-fast-timing-20260903-v6/captures/fast-200us-5783000000-tx2-20260903T211847.899382Z/run.json
200,5783000000,TX2,ANT5,True,8.663242748789601,251.66587073527973,4,5.976,6.535411292010544,/srv/bulk/samteway/lab-data/tracking-fast-timing-20260903-v6/captures/fast-200us-5783000000-tx2-20260903T211847.899382Z/run.json
200,5784000000,TX1,ANT1,True,-8.362240871442086,38.17638951497267,32,47.808,16.049245871561887,/srv/bulk/samteway/lab-data/tracking-fast-timing-20260903-v6/captures/fast-200us-5784000000-tx1-20260903T211902.549591Z/run.json
200,5784000000,TX1,ANT2,True,-1.466185632911,79.39517234281375,32,47.808,8.523812383224893,/srv/bulk/samteway/lab-data/tracking-fast-timing-20260903-v6/captures/fast-200us-5784000000-tx1-20260903T211902.549591Z/run.json
200,5784000000,TX1,ANT4,True,0.28801412739099597,97.48084366752235,32,47.808,5.958930625140337,/srv/bulk/samteway/lab-data/tracking-fast-timing-20260903-v6/captures/fast-200us-5784000000-tx1-20260903T211902.549591Z/run.json
200,5784000000,TX1,ANT8,True,-4.694541612761819,53.93710441162544,32,47.808,11.082723228487923,/srv/bulk/samteway/lab-data/tracking-fast-timing-20260903-v6/captures/fast-200us-5784000000-tx1-20260903T211902.549591Z/run.json
200,5784000000,TX1,ANT7,True,-7.444714637635794,38.92688769332628,32,47.808,16.573505535272965,/srv/bulk/samteway/lab-data/tracking-fast-timing-20260903-v6/captures/fast-200us-5784000000-tx1-20260903T211902.549591Z/run.json
200,5784000000,TX1,ANT5,True,-4.1459568965122005,55.32556535188089,32,47.808,8.979942428365666,/srv/bulk/samteway/lab-data/tracking-fast-timing-20260903-v6/captures/fast-200us-5784000000-tx1-20260903T211902.549591Z/run.json
200,5784000000,TX2,ANT1,True,4.099437426627803,149.02418363106597,4,5.976,11.34005578957299,/srv/bulk/samteway/lab-data/tracking-fast-timing-20260903-v6/captures/fast-200us-5784000000-tx2-20260903T211916.154661Z/run.json
200,5784000000,TX2,ANT2,True,-1.990843451394979,72.40931679336627,4,5.976,27.35916297139666,/srv/bulk/samteway/lab-data/tracking-fast-timing-20260903-v6/captures/fast-200us-5784000000-tx2-20260903T211916.154661Z/run.json
200,5784000000,TX2,ANT4,True,3.201202368339077,133.20381775810137,4,5.976,12.74749382685349,/srv/bulk/samteway/lab-data/tracking-fast-timing-20260903-v6/captures/fast-200us-5784000000-tx2-20260903T211916.154661Z/run.json
200,5784000000,TX2,ANT8,True,13.50361969056862,441.57362780674214,4,5.976,3.85696871778992,/srv/bulk/samteway/lab-data/tracking-fast-timing-20260903-v6/captures/fast-200us-5784000000-tx2-20260903T211916.154661Z/run.json
200,5784000000,TX2,ANT7,True,7.291103373985141,213.00668088110615,4,5.976,7.911354994941169,/srv/bulk/samteway/lab-data/tracking-fast-timing-20260903-v6/captures/fast-200us-5784000000-tx2-20260903T211916.154661Z/run.json
200,5784000000,TX2,ANT5,True,9.192649666680241,269.2819159360824,4,5.976,6.4406016540102415,/srv/bulk/samteway/lab-data/tracking-fast-timing-20260903-v6/captures/fast-200us-5784000000-tx2-20260903T211916.154661Z/run.json
200,5785000000,TX1,ANT1,True,-8.621325299842855,37.48835325937868,32,47.84,16.24997138886247,/srv/bulk/samteway/lab-data/tracking-fast-timing-20260903-v6/captures/fast-200us-5785000000-tx1-20260903T211936.040125Z/run.json
200,5785000000,TX1,ANT2,True,-0.3022808374764812,87.66058949758887,32,47.84,6.620874464002652,/srv/bulk/samteway/lab-data/tracking-fast-timing-20260903-v6/captures/fast-200us-5785000000-tx1-20260903T211936.040125Z/run.json
200,5785000000,TX1,ANT4,True,1.4666528844612277,105.3707051106433,32,47.84,4.6442793990921745,/srv/bulk/samteway/lab-data/tracking-fast-timing-20260903-v6/captures/fast-200us-5785000000-tx1-20260903T211936.040125Z/run.json
200,5785000000,TX1,ANT8,True,-4.17186539496137,55.96871767305624,32,47.84,10.745747766939012,/srv/bulk/samteway/lab-data/tracking-fast-timing-20260903-v6/captures/fast-200us-5785000000-tx1-20260903T211936.040125Z/run.json
200,5785000000,TX1,ANT7,True,-6.132623384301041,44.120698191123275,32,47.84,11.981061454546921,/srv/bulk/samteway/lab-data/tracking-fast-timing-20260903-v6/captures/fast-200us-5785000000-tx1-20260903T211936.040125Z/run.json
200,5785000000,TX1,ANT5,True,-3.7749218744086335,59.11244770909729,32,47.84,10.963494397985942,/srv/bulk/samteway/lab-data/tracking-fast-timing-20260903-v6/captures/fast-200us-5785000000-tx1-20260903T211936.040125Z/run.json
200,5785000000,TX2,ANT1,True,2.343357112306495,133.2288911632222,4,5.98,14.063489325331746,/srv/bulk/samteway/lab-data/tracking-fast-timing-20260903-v6/captures/fast-200us-5785000000-tx2-20260903T211949.788537Z/run.json
200,5785000000,TX2,ANT2,True,-4.0095717242547115,64.09243408750038,4,5.98,32.91974860089311,/srv/bulk/samteway/lab-data/tracking-fast-timing-20260903-v6/captures/fast-200us-5785000000-tx2-20260903T211949.788537Z/run.json
200,5785000000,TX2,ANT4,True,1.5564208811077003,121.73633614555777,4,5.98,17.099540096806567,/srv/bulk/samteway/lab-data/tracking-fast-timing-20260903-v6/captures/fast-200us-5785000000-tx2-20260903T211949.788537Z/run.json
200,5785000000,TX2,ANT8,True,11.857430416836703,407.7702690412784,4,5.98,4.471939871646009,/srv/bulk/samteway/lab-data/tracking-fast-timing-20260903-v6/captures/fast-200us-5785000000-tx2-20260903T211949.788537Z/run.json
200,5785000000,TX2,ANT7,True,6.0023818169080965,203.44240817924046,4,5.98,10.806157867789405,/srv/bulk/samteway/lab-data/tracking-fast-timing-20260903-v6/captures/fast-200us-5785000000-tx2-20260903T211949.788537Z/run.json
200,5785000000,TX2,ANT5,True,8.358248660047964,250.57820378316293,4,5.98,7.089848116637093,/srv/bulk/samteway/lab-data/tracking-fast-timing-20260903-v6/captures/fast-200us-5785000000-tx2-20260903T211949.788537Z/run.json
200,5786000000,TX1,ANT1,True,-9.603023813389646,36.27671160200613,32,47.808,18.90783012381788,/srv/bulk/samteway/lab-data/tracking-fast-timing-20260903-v6/captures/fast-200us-5786000000-tx1-20260903T212004.206261Z/run.json
200,5786000000,TX1,ANT2,True,-0.9994137759435631,82.16610872715167,32,47.808,6.188826184420321,/srv/bulk/samteway/lab-data/tracking-fast-timing-20260903-v6/captures/fast-200us-5786000000-tx1-20260903T212004.206261Z/run.json
200,5786000000,TX1,ANT4,True,0.716249757569001,101.00968312390833,32,47.808,6.035402372761021,/srv/bulk/samteway/lab-data/tracking-fast-timing-20260903-v6/captures/fast-200us-5786000000-tx1-20260903T212004.206261Z/run.json
200,5786000000,TX1,ANT8,True,-4.417353949367423,54.98581531282772,32,47.808,9.645533907581369,/srv/bulk/samteway/lab-data/tracking-fast-timing-20260903-v6/captures/fast-200us-5786000000-tx1-20260903T212004.206261Z/run.json
200,5786000000,TX1,ANT7,True,-6.085865256694828,45.374610360251125,32,47.808,12.484872377470623,/srv/bulk/samteway/lab-data/tracking-fast-timing-20260903-v6/captures/fast-200us-5786000000-tx1-20260903T212004.206261Z/run.json
200,5786000000,TX1,ANT5,True,-4.207416532604044,56.26146132931721,32,47.808,9.887690689081179,/srv/bulk/samteway/lab-data/tracking-fast-timing-20260903-v6/captures/fast-200us-5786000000-tx1-20260903T212004.206261Z/run.json
200,5786000000,TX2,ANT1,True,2.8298505188024325,136.59714123353749,4,5.976,12.571732748718834,/srv/bulk/samteway/lab-data/tracking-fast-timing-20260903-v6/captures/fast-200us-5786000000-tx2-20260903T212017.190978Z/run.json
200,5786000000,TX2,ANT2,True,-3.241725285884147,65.82048839070443,4,5.976,31.45910485825075,/srv/bulk/samteway/lab-data/tracking-fast-timing-20260903-v6/captures/fast-200us-5786000000-tx2-20260903T212017.190978Z/run.json
200,5786000000,TX2,ANT4,True,1.6903765193473999,121.45799977895354,4,5.976,16.09131847305928,/srv/bulk/samteway/lab-data/tracking-fast-timing-20260903-v6/captures/fast-200us-5786000000-tx2-20260903T212017.190978Z/run.json
200,5786000000,TX2,ANT8,True,12.014009430566702,418.0268704639949,4,5.976,4.4549758021158565,/srv/bulk/samteway/lab-data/tracking-fast-timing-20260903-v6/captures/fast-200us-5786000000-tx2-20260903T212017.190978Z/run.json
200,5786000000,TX2,ANT7,True,6.778138702686304,208.58349302314863,4,5.976,8.660887568012347,/srv/bulk/samteway/lab-data/tracking-fast-timing-20260903-v6/captures/fast-200us-5786000000-tx2-20260903T212017.190978Z/run.json
200,5786000000,TX2,ANT5,True,8.692716610136204,253.4451572490744,4,5.976,6.766258868750544,/srv/bulk/samteway/lab-data/tracking-fast-timing-20260903-v6/captures/fast-200us-5786000000-tx2-20260903T212017.190978Z/run.json
200,5787000000,TX1,ANT1,True,-9.414603929485757,35.48426102060006,32,47.808,19.489352506918696,/srv/bulk/samteway/lab-data/tracking-fast-timing-20260903-v6/captures/fast-200us-5787000000-tx1-20260903T212031.460634Z/run.json
200,5787000000,TX1,ANT2,True,0.2678822412414634,93.3713533535473,32,47.808,6.2280852548790095,/srv/bulk/samteway/lab-data/tracking-fast-timing-20260903-v6/captures/fast-200us-5787000000-tx1-20260903T212031.460634Z/run.json
200,5787000000,TX1,ANT4,True,1.134504651646123,106.38556266293892,32,47.808,5.811747372749256,/srv/bulk/samteway/lab-data/tracking-fast-timing-20260903-v6/captures/fast-200us-5787000000-tx1-20260903T212031.460634Z/run.json
200,5787000000,TX1,ANT8,True,-4.155721008757476,56.93270015853026,32,47.808,10.405577916772385,/srv/bulk/samteway/lab-data/tracking-fast-timing-20260903-v6/captures/fast-200us-5787000000-tx1-20260903T212031.460634Z/run.json
200,5787000000,TX1,ANT7,True,-4.936114046864162,52.14349817599868,32,47.808,11.495612432218946,/srv/bulk/samteway/lab-data/tracking-fast-timing-20260903-v6/captures/fast-200us-5787000000-tx1-20260903T212031.460634Z/run.json
200,5787000000,TX1,ANT5,True,-3.7226138774334623,59.23938645732965,32,47.808,9.386619192027757,/srv/bulk/samteway/lab-data/tracking-fast-timing-20260903-v6/captures/fast-200us-5787000000-tx1-20260903T212031.460634Z/run.json
200,5787000000,TX2,ANT1,True,4.0412116203612545,150.04473384845573,4,5.976,11.16757702251106,/srv/bulk/samteway/lab-data/tracking-fast-timing-20260903-v6/captures/fast-200us-5787000000-tx2-20260903T212044.157620Z/run.json
200,5787000000,TX2,ANT2,True,-2.184391427559703,71.14547946932267,4,5.976,26.33434359420858,/srv/bulk/samteway/lab-data/tracking-fast-timing-20260903-v6/captures/fast-200us-5787000000-tx2-20260903T212044.157620Z/run.json
200,5787000000,TX2,ANT4,True,2.290952920425828,119.78733924158412,4,5.976,14.609128089045205,/srv/bulk/samteway/lab-data/tracking-fast-timing-20260903-v6/captures/fast-200us-5787000000-tx2-20260903T212044.157620Z/run.json
200,5787000000,TX2,ANT8,True,13.611140720796879,448.7477002716613,4,5.976,3.8668446453088654,/srv/bulk/samteway/lab-data/tracking-fast-timing-20260903-v6/captures/fast-200us-5787000000-tx2-20260903T212044.157620Z/run.json
200,5787000000,TX2,ANT7,True,7.783868860182627,221.96325523836788,4,5.976,7.378941758249048,/srv/bulk/samteway/lab-data/tracking-fast-timing-20260903-v6/captures/fast-200us-5787000000-tx2-20260903T212044.157620Z/run.json
200,5787000000,TX2,ANT5,True,9.474350619413892,273.4408665214349,4,5.976,6.016603892834099,/srv/bulk/samteway/lab-data/tracking-fast-timing-20260903-v6/captures/fast-200us-5787000000-tx2-20260903T212044.157620Z/run.json
200,5788000000,TX1,ANT1,True,-9.144424449166005,36.11223100144433,32,47.808,21.342041610285737,/srv/bulk/samteway/lab-data/tracking-fast-timing-20260903-v6/captures/fast-200us-5788000000-tx1-20260903T212058.097065Z/run.json
200,5788000000,TX1,ANT2,True,0.5564619778389922,96.91377655824151,32,47.808,5.70211412990112,/srv/bulk/samteway/lab-data/tracking-fast-timing-20260903-v6/captures/fast-200us-5788000000-tx1-20260903T212058.097065Z/run.json
200,5788000000,TX1,ANT4,True,1.3242183862689143,109.87157202572658,32,47.808,5.59043945532957,/srv/bulk/samteway/lab-data/tracking-fast-timing-20260903-v6/captures/fast-200us-5788000000-tx1-20260903T212058.097065Z/run.json
200,5788000000,TX1,ANT8,True,-3.657523831137741,60.554095908667016,32,47.808,10.596837117686206,/srv/bulk/samteway/lab-data/tracking-fast-timing-20260903-v6/captures/fast-200us-5788000000-tx1-20260903T212058.097065Z/run.json
200,5788000000,TX1,ANT7,True,-3.6684972367639057,60.22704527006971,32,47.808,9.325542846452961,/srv/bulk/samteway/lab-data/tracking-fast-timing-20260903-v6/captures/fast-200us-5788000000-tx1-20260903T212058.097065Z/run.json
200,5788000000,TX1,ANT5,True,-3.8387872020869573,58.77594439418188,32,47.808,9.023673584687561,/srv/bulk/samteway/lab-data/tracking-fast-timing-20260903-v6/captures/fast-200us-5788000000-tx1-20260903T212058.097065Z/run.json
200,5788000000,TX2,ANT1,True,4.262958632284854,155.073745998872,4,5.976,10.8268658418886,/srv/bulk/samteway/lab-data/tracking-fast-timing-20260903-v6/captures/fast-200us-5788000000-tx2-20260903T212110.693966Z/run.json
200,5788000000,TX2,ANT2,True,-2.0683892002346624,72.53118082553907,4,5.976,27.11227282674783,/srv/bulk/samteway/lab-data/tracking-fast-timing-20260903-v6/captures/fast-200us-5788000000-tx2-20260903T212110.693966Z/run.json
200,5788000000,TX2,ANT4,True,2.00297398911628,117.9020198824543,4,5.976,14.886067541859363,/srv/bulk/samteway/lab-data/tracking-fast-timing-20260903-v6/captures/fast-200us-5788000000-tx2-20260903T212110.693966Z/run.json
200,5788000000,TX2,ANT8,True,13.751641077115709,456.2348432170966,4,5.976,3.7904193361843483,/srv/bulk/samteway/lab-data/tracking-fast-timing-20260903-v6/captures/fast-200us-5788000000-tx2-20260903T212110.693966Z/run.json
200,5788000000,TX2,ANT7,True,7.902496688040433,225.7982227601873,4,5.976,6.657804229249331,/srv/bulk/samteway/lab-data/tracking-fast-timing-20260903-v6/captures/fast-200us-5788000000-tx2-20260903T212110.693966Z/run.json
200,5788000000,TX2,ANT5,True,9.250743390294524,273.93795307530786,4,5.976,6.183392409655228,/srv/bulk/samteway/lab-data/tracking-fast-timing-20260903-v6/captures/fast-200us-5788000000-tx2-20260903T212110.693966Z/run.json
200,5789000000,TX1,ANT1,True,-10.418221425572964,33.25223699918433,128,191.232,17.756510024804772,/srv/bulk/samteway/lab-data/tracking-fast-timing-20260903-v6/captures/fast-200us-5789000000-tx1-20260903T212124.711495Z/run.json
200,5789000000,TX1,ANT2,True,-1.1246459401746876,91.47368536672903,128,191.232,8.792025941113721,/srv/bulk/samteway/lab-data/tracking-fast-timing-20260903-v6/captures/fast-200us-5789000000-tx1-20260903T212124.711495Z/run.json
200,5789000000,TX1,ANT4,True,-0.7229550799066585,97.98927371425422,128,191.232,5.545239612910727,/srv/bulk/samteway/lab-data/tracking-fast-timing-20260903-v6/captures/fast-200us-5789000000-tx1-20260903T212124.711495Z/run.json
200,5789000000,TX1,ANT8,True,-4.739385676017413,60.32873727219859,128,191.232,9.677996150758103,/srv/bulk/samteway/lab-data/tracking-fast-timing-20260903-v6/captures/fast-200us-5789000000-tx1-20260903T212124.711495Z/run.json
200,5789000000,TX1,ANT7,True,-5.117728066804559,57.80876244979199,128,191.232,11.917736230133174,/srv/bulk/samteway/lab-data/tracking-fast-timing-20260903-v6/captures/fast-200us-5789000000-tx1-20260903T212124.711495Z/run.json
200,5789000000,TX1,ANT5,True,-4.948162463293145,55.148280051253664,128,191.232,5.207356645034078,/srv/bulk/samteway/lab-data/tracking-fast-timing-20260903-v6/captures/fast-200us-5789000000-tx1-20260903T212124.711495Z/run.json
200,5789000000,TX2,ANT1,True,4.1734155386951,154.40041655685192,4,5.976,11.444506086256094,/srv/bulk/samteway/lab-data/tracking-fast-timing-20260903-v6/captures/fast-200us-5789000000-tx2-20260903T212138.733749Z/run.json
200,5789000000,TX2,ANT2,True,-2.505494561797337,70.06432827439141,4,5.976,27.12343698974801,/srv/bulk/samteway/lab-data/tracking-fast-timing-20260903-v6/captures/fast-200us-5789000000-tx2-20260903T212138.733749Z/run.json
200,5789000000,TX2,ANT4,True,1.3009145385250698,111.02353678803046,4,5.976,16.464531280329428,/srv/bulk/samteway/lab-data/tracking-fast-timing-20260903-v6/captures/fast-200us-5789000000-tx2-20260903T212138.733749Z/run.json
200,5789000000,TX2,ANT8,True,13.414540200040896,448.13799776299953,4,5.976,3.858240761904544,/srv/bulk/samteway/lab-data/tracking-fast-timing-20260903-v6/captures/fast-200us-5789000000-tx2-20260903T212138.733749Z/run.json
200,5789000000,TX2,ANT7,True,7.70734387018249,222.36994954645223,4,5.976,7.46296577955657,/srv/bulk/samteway/lab-data/tracking-fast-timing-20260903-v6/captures/fast-200us-5789000000-tx2-20260903T212138.733749Z/run.json
200,5789000000,TX2,ANT5,True,9.210941701340502,268.79494762867046,4,5.976,6.339281845242642,/srv/bulk/samteway/lab-data/tracking-fast-timing-20260903-v6/captures/fast-200us-5789000000-tx2-20260903T212138.733749Z/run.json
200,5790000000,TX1,ANT1,True,-9.69796352722512,33.80849185024125,32,47.808,18.314805846007495,/srv/bulk/samteway/lab-data/tracking-fast-timing-20260903-v6/captures/fast-200us-5790000000-tx1-20260903T212206.002467Z/run.json
200,5790000000,TX1,ANT2,True,0.7327179060194364,104.46610931084565,32,47.808,5.963017959464367,/srv/bulk/samteway/lab-data/tracking-fast-timing-20260903-v6/captures/fast-200us-5790000000-tx1-20260903T212206.002467Z/run.json
200,5790000000,TX1,ANT4,True,1.0734643554294279,109.20747037999217,32,47.808,5.47437439590682,/srv/bulk/samteway/lab-data/tracking-fast-timing-20260903-v6/captures/fast-200us-5790000000-tx1-20260903T212206.002467Z/run.json
200,5790000000,TX1,ANT8,True,-3.5328002967553966,64.42179875916025,32,47.808,8.78043144514453,/srv/bulk/samteway/lab-data/tracking-fast-timing-20260903-v6/captures/fast-200us-5790000000-tx1-20260903T212206.002467Z/run.json
200,5790000000,TX1,ANT7,True,-3.0246108825812943,68.12501185112286,32,47.808,9.599274351236332,/srv/bulk/samteway/lab-data/tracking-fast-timing-20260903-v6/captures/fast-200us-5790000000-tx1-20260903T212206.002467Z/run.json
200,5790000000,TX1,ANT5,True,-4.223715579040884,59.9338723222451,32,47.808,11.077383295275101,/srv/bulk/samteway/lab-data/tracking-fast-timing-20260903-v6/captures/fast-200us-5790000000-tx1-20260903T212206.002467Z/run.json
200,5790000000,TX2,ANT1,True,4.370674949696301,162.7084115582208,4,5.98,11.66945331837606,/srv/bulk/samteway/lab-data/tracking-fast-timing-20260903-v6/captures/fast-200us-5790000000-tx2-20260903T212219.867319Z/run.json
200,5790000000,TX2,ANT2,True,-2.998911161924824,68.43283797659296,4,5.98,31.712840637492057,/srv/bulk/samteway/lab-data/tracking-fast-timing-20260903-v6/captures/fast-200us-5790000000-tx2-20260903T212219.867319Z/run.json
200,5790000000,TX2,ANT4,True,0.9073399855628526,109.31778044476874,4,5.98,17.599694078730675,/srv/bulk/samteway/lab-data/tracking-fast-timing-20260903-v6/captures/fast-200us-5790000000-tx2-20260903T212219.867319Z/run.json
200,5790000000,TX2,ANT8,True,13.050638785270898,451.7476927986216,4,5.98,3.9294006977176212,/srv/bulk/samteway/lab-data/tracking-fast-timing-20260903-v6/captures/fast-200us-5790000000-tx2-20260903T212219.867319Z/run.json
200,5790000000,TX2,ANT7,True,7.246545639835179,226.00949319804113,4,5.98,8.840638074064902,/srv/bulk/samteway/lab-data/tracking-fast-timing-20260903-v6/captures/fast-200us-5790000000-tx2-20260903T212219.867319Z/run.json
200,5790000000,TX2,ANT5,True,9.12854333402164,272.43107011132525,4,5.98,6.576909255858534,/srv/bulk/samteway/lab-data/tracking-fast-timing-20260903-v6/captures/fast-200us-5790000000-tx2-20260903T212219.867319Z/run.json
200,5791000000,TX1,ANT1,True,-11.009970933790608,29.63545643485675,32,47.84,24.311886252483667,/srv/bulk/samteway/lab-data/tracking-fast-timing-20260903-v6/captures/fast-200us-5791000000-tx1-20260903T212234.295459Z/run.json
200,5791000000,TX1,ANT2,True,1.1675412970304897,107.05894885275349,32,47.84,4.857815246459844,/srv/bulk/samteway/lab-data/tracking-fast-timing-20260903-v6/captures/fast-200us-5791000000-tx1-20260903T212234.295459Z/run.json
200,5791000000,TX1,ANT4,True,1.2800001366096896,109.99560568232282,32,47.84,6.6407109738910455,/srv/bulk/samteway/lab-data/tracking-fast-timing-20260903-v6/captures/fast-200us-5791000000-tx1-20260903T212234.295459Z/run.json
200,5791000000,TX1,ANT8,True,-2.9889030996968295,67.95295779637284,32,47.84,7.53540047927481,/srv/bulk/samteway/lab-data/tracking-fast-timing-20260903-v6/captures/fast-200us-5791000000-tx1-20260903T212234.295459Z/run.json
200,5791000000,TX1,ANT7,True,-2.1699875566301268,72.59786038775628,32,47.84,8.497915610661268,/srv/bulk/samteway/lab-data/tracking-fast-timing-20260903-v6/captures/fast-200us-5791000000-tx1-20260903T212234.295459Z/run.json
200,5791000000,TX1,ANT5,True,-3.977389496116265,61.071800729900964,32,47.84,10.176195672445875,/srv/bulk/samteway/lab-data/tracking-fast-timing-20260903-v6/captures/fast-200us-5791000000-tx1-20260903T212234.295459Z/run.json
200,5791000000,TX2,ANT1,True,4.396589675559539,169.4520140784802,4,5.976,10.644166060426203,/srv/bulk/samteway/lab-data/tracking-fast-timing-20260903-v6/captures/fast-200us-5791000000-tx2-20260903T212247.585280Z/run.json
200,5791000000,TX2,ANT2,True,-3.1397490575144764,68.7323895774786,4,5.976,30.113866706762614,/srv/bulk/samteway/lab-data/tracking-fast-timing-20260903-v6/captures/fast-200us-5791000000-tx2-20260903T212247.585280Z/run.json
200,5791000000,TX2,ANT4,True,0.75456617809516,108.4700478432006,4,5.976,17.26180841838544,/srv/bulk/samteway/lab-data/tracking-fast-timing-20260903-v6/captures/fast-200us-5791000000-tx2-20260903T212247.585280Z/run.json
200,5791000000,TX2,ANT8,True,12.81860809649923,454.654845515737,4,5.976,4.10785391088651,/srv/bulk/samteway/lab-data/tracking-fast-timing-20260903-v6/captures/fast-200us-5791000000-tx2-20260903T212247.585280Z/run.json
200,5791000000,TX2,ANT7,True,7.325614493926869,231.80117258444218,4,5.976,7.918798636261124,/srv/bulk/samteway/lab-data/tracking-fast-timing-20260903-v6/captures/fast-200us-5791000000-tx2-20260903T212247.585280Z/run.json
200,5791000000,TX2,ANT5,True,9.147455125800162,274.26262711218027,4,5.976,6.517931392988241,/srv/bulk/samteway/lab-data/tracking-fast-timing-20260903-v6/captures/fast-200us-5791000000-tx2-20260903T212247.585280Z/run.json
200,5792000000,TX1,ANT1,True,-12.410693515392703,26.736911594542452,32,47.84,25.183125227700163,/srv/bulk/samteway/lab-data/tracking-fast-timing-20260903-v6/captures/fast-200us-5792000000-tx1-20260903T212301.616434Z/run.json
200,5792000000,TX1,ANT2,True,0.8794657692926028,110.22300144118901,32,47.84,5.568087700030759,/srv/bulk/samteway/lab-data/tracking-fast-timing-20260903-v6/captures/fast-200us-5792000000-tx1-20260903T212301.616434Z/run.json
200,5792000000,TX1,ANT4,True,0.41051309999567054,104.89383425205608,32,47.84,5.687190417800796,/srv/bulk/samteway/lab-data/tracking-fast-timing-20260903-v6/captures/fast-200us-5792000000-tx1-20260903T212301.616434Z/run.json
200,5792000000,TX1,ANT8,True,-3.6188575725924235,67.4609022615838,32,47.84,9.725683079843769,/srv/bulk/samteway/lab-data/tracking-fast-timing-20260903-v6/captures/fast-200us-5792000000-tx1-20260903T212301.616434Z/run.json
200,5792000000,TX1,ANT7,True,-2.462234939712409,76.15188979634995,32,47.84,8.335169649298097,/srv/bulk/samteway/lab-data/tracking-fast-timing-20260903-v6/captures/fast-200us-5792000000-tx1-20260903T212301.616434Z/run.json
200,5792000000,TX1,ANT5,True,-4.1691547718147435,60.83991827367096,32,47.84,9.776024879721747,/srv/bulk/samteway/lab-data/tracking-fast-timing-20260903-v6/captures/fast-200us-5792000000-tx1-20260903T212301.616434Z/run.json
200,5792000000,TX2,ANT1,True,2.716763000293323,156.98000703070983,16,23.92,10.10283103060829,/srv/bulk/samteway/lab-data/tracking-fast-timing-20260903-v6/captures/fast-200us-5792000000-tx2-20260903T212313.986172Z/run.json
200,5792000000,TX2,ANT2,True,-5.058124297390539,61.03473417623959,16,23.92,20.635000266123537,/srv/bulk/samteway/lab-data/tracking-fast-timing-20260903-v6/captures/fast-200us-5792000000-tx2-20260903T212313.986172Z/run.json
200,5792000000,TX2,ANT4,True,-0.8699710773669764,112.47918235304532,16,23.92,18.181192134011006,/srv/bulk/samteway/lab-data/tracking-fast-timing-20260903-v6/captures/fast-200us-5792000000-tx2-20260903T212313.986172Z/run.json
200,5792000000,TX2,ANT8,True,9.220964423725789,407.299991587495,16,23.92,8.741285370531502,/srv/bulk/samteway/lab-data/tracking-fast-timing-20260903-v6/captures/fast-200us-5792000000-tx2-20260903T212313.986172Z/run.json
200,5792000000,TX2,ANT7,True,5.737814931664676,222.71452691747382,16,23.92,12.211201185746743,/srv/bulk/samteway/lab-data/tracking-fast-timing-20260903-v6/captures/fast-200us-5792000000-tx2-20260903T212313.986172Z/run.json
200,5792000000,TX2,ANT5,True,7.29290611203076,252.27305248939535,16,23.92,6.545553625578627,/srv/bulk/samteway/lab-data/tracking-fast-timing-20260903-v6/captures/fast-200us-5792000000-tx2-20260903T212313.986172Z/run.json
200,5793000000,TX1,ANT1,True,-12.687839072097445,25.14439888980686,32,47.84,30.13719091232131,/srv/bulk/samteway/lab-data/tracking-fast-timing-20260903-v6/captures/fast-200us-5793000000-tx1-20260903T212328.178878Z/run.json
200,5793000000,TX1,ANT2,True,1.8010013062905397,122.4025932225133,32,47.84,4.947068530435262,/srv/bulk/samteway/lab-data/tracking-fast-timing-20260903-v6/captures/fast-200us-5793000000-tx1-20260903T212328.178878Z/run.json
200,5793000000,TX1,ANT4,True,0.719900208711337,110.7951694138549,32,47.84,6.401354586051181,/srv/bulk/samteway/lab-data/tracking-fast-timing-20260903-v6/captures/fast-200us-5793000000-tx1-20260903T212328.178878Z/run.json
200,5793000000,TX1,ANT8,True,-2.71850328695534,73.98073536741173,32,47.84,9.990530464103426,/srv/bulk/samteway/lab-data/tracking-fast-timing-20260903-v6/captures/fast-200us-5793000000-tx1-20260903T212328.178878Z/run.json
200,5793000000,TX1,ANT7,True,-1.2879243230200963,85.27748109764055,32,47.84,7.435069255748656,/srv/bulk/samteway/lab-data/tracking-fast-timing-20260903-v6/captures/fast-200us-5793000000-tx1-20260903T212328.178878Z/run.json
200,5793000000,TX1,ANT5,True,-4.210353536452458,61.42631965979496,32,47.84,9.864124657625398,/srv/bulk/samteway/lab-data/tracking-fast-timing-20260903-v6/captures/fast-200us-5793000000-tx1-20260903T212328.178878Z/run.json
200,5793000000,TX2,ANT1,True,5.966286241918542,200.03088882953458,4,5.98,9.42588432538512,/srv/bulk/samteway/lab-data/tracking-fast-timing-20260903-v6/captures/fast-200us-5793000000-tx2-20260903T212340.898656Z/run.json
200,5793000000,TX2,ANT2,True,-2.6702365349139416,71.91082990859245,4,5.98,31.54340184647715,/srv/bulk/samteway/lab-data/tracking-fast-timing-20260903-v6/captures/fast-200us-5793000000-tx2-20260903T212340.898656Z/run.json
200,5793000000,TX2,ANT4,True,0.232619178058204,99.34202529314584,4,5.98,19.492950487364613,/srv/bulk/samteway/lab-data/tracking-fast-timing-20260903-v6/captures/fast-200us-5793000000-tx2-20260903T212340.898656Z/run.json
200,5793000000,TX2,ANT8,True,13.805132509894788,485.55650076353396,4,5.98,3.6778811089698813,/srv/bulk/samteway/lab-data/tracking-fast-timing-20260903-v6/captures/fast-200us-5793000000-tx2-20260903T212340.898656Z/run.json
200,5793000000,TX2,ANT7,True,8.161146256183606,247.37489819167365,4,5.98,7.199071573183499,/srv/bulk/samteway/lab-data/tracking-fast-timing-20260903-v6/captures/fast-200us-5793000000-tx2-20260903T212340.898656Z/run.json
200,5793000000,TX2,ANT5,True,9.336111976690525,291.71665578426087,4,5.98,6.479177608608294,/srv/bulk/samteway/lab-data/tracking-fast-timing-20260903-v6/captures/fast-200us-5793000000-tx2-20260903T212340.898656Z/run.json
200,5794000000,TX1,ANT1,True,-14.154472528666926,20.774991074435018,32,47.84,36.463653298867506,/srv/bulk/samteway/lab-data/tracking-fast-timing-20260903-v6/captures/fast-200us-5794000000-tx1-20260903T212355.080723Z/run.json
200,5794000000,TX1,ANT2,True,2.291888202466189,128.59747031848056,32,47.84,5.086624523527735,/srv/bulk/samteway/lab-data/tracking-fast-timing-20260903-v6/captures/fast-200us-5794000000-tx1-20260903T212355.080723Z/run.json
200,5794000000,TX1,ANT4,True,0.7672994153347963,110.24527179200786,32,47.84,5.8271669453130315,/srv/bulk/samteway/lab-data/tracking-fast-timing-20260903-v6/captures/fast-200us-5794000000-tx1-20260903T212355.080723Z/run.json
200,5794000000,TX1,ANT8,True,-1.8167888371085914,78.8343583049877,32,47.84,7.386162707446674,/srv/bulk/samteway/lab-data/tracking-fast-timing-20260903-v6/captures/fast-200us-5794000000-tx1-20260903T212355.080723Z/run.json
200,5794000000,TX1,ANT7,True,-0.5687625596817895,93.832523457964,32,47.84,7.057910632644911,/srv/bulk/samteway/lab-data/tracking-fast-timing-20260903-v6/captures/fast-200us-5794000000-tx1-20260903T212355.080723Z/run.json
200,5794000000,TX1,ANT5,True,-4.341375943646551,60.192164355727584,32,47.84,10.21425505453071,/srv/bulk/samteway/lab-data/tracking-fast-timing-20260903-v6/captures/fast-200us-5794000000-tx1-20260903T212355.080723Z/run.json
200,5794000000,TX2,ANT1,True,5.041912292310186,195.60645283880697,4,5.976,10.268356664055515,/srv/bulk/samteway/lab-data/tracking-fast-timing-20260903-v6/captures/fast-200us-5794000000-tx2-20260903T212407.452940Z/run.json
200,5794000000,TX2,ANT2,True,-4.282201660835778,63.39309719513041,4,5.976,36.68779522710975,/srv/bulk/samteway/lab-data/tracking-fast-timing-20260903-v6/captures/fast-200us-5794000000-tx2-20260903T212407.452940Z/run.json
200,5794000000,TX2,ANT4,True,-0.9473778947954636,95.35934620376501,4,5.976,23.268941395454448,/srv/bulk/samteway/lab-data/tracking-fast-timing-20260903-v6/captures/fast-200us-5794000000-tx2-20260903T212407.452940Z/run.json
200,5794000000,TX2,ANT8,True,11.964488759024976,459.1430365088829,4,5.976,4.743490629923018,/srv/bulk/samteway/lab-data/tracking-fast-timing-20260903-v6/captures/fast-200us-5794000000-tx2-20260903T212407.452940Z/run.json
200,5794000000,TX2,ANT7,True,6.97225792275993,240.0515583862531,4,5.976,10.81950100849995,/srv/bulk/samteway/lab-data/tracking-fast-timing-20260903-v6/captures/fast-200us-5794000000-tx2-20260903T212407.452940Z/run.json
200,5794000000,TX2,ANT5,True,8.72781902917924,281.4888377453422,4,5.976,7.441014798470157,/srv/bulk/samteway/lab-data/tracking-fast-timing-20260903-v6/captures/fast-200us-5794000000-tx2-20260903T212407.452940Z/run.json
200,5795000000,TX1,ANT1,True,-16.697451995970656,15.982560429227767,32,47.808,43.22250971958461,/srv/bulk/samteway/lab-data/tracking-fast-timing-20260903-v6/captures/fast-200us-5795000000-tx1-20260903T212421.459031Z/run.json
200,5795000000,TX1,ANT2,True,2.3986269087889127,130.9202267259032,32,47.808,4.762076940245154,/srv/bulk/samteway/lab-data/tracking-fast-timing-20260903-v6/captures/fast-200us-5795000000-tx1-20260903T212421.459031Z/run.json
200,5795000000,TX1,ANT4,True,0.5614580519890009,107.53059399218321,32,47.808,6.137441169604252,/srv/bulk/samteway/lab-data/tracking-fast-timing-20260903-v6/captures/fast-200us-5795000000-tx1-20260903T212421.459031Z/run.json
200,5795000000,TX1,ANT8,True,-1.7775315101476041,80.68551988477338,32,47.808,6.865562875542733,/srv/bulk/samteway/lab-data/tracking-fast-timing-20260903-v6/captures/fast-200us-5795000000-tx1-20260903T212421.459031Z/run.json
200,5795000000,TX1,ANT7,True,-0.32163898598339713,93.98332217152159,32,47.808,6.817817239368527,/srv/bulk/samteway/lab-data/tracking-fast-timing-20260903-v6/captures/fast-200us-5795000000-tx1-20260903T212421.459031Z/run.json
200,5795000000,TX1,ANT5,True,-4.346667416690625,60.47164326275399,32,47.808,10.837344378348426,/srv/bulk/samteway/lab-data/tracking-fast-timing-20260903-v6/captures/fast-200us-5795000000-tx1-20260903T212421.459031Z/run.json
200,5795000000,TX2,ANT1,True,6.461731493099516,212.76660728127285,4,5.976,8.425180733965064,/srv/bulk/samteway/lab-data/tracking-fast-timing-20260903-v6/captures/fast-200us-5795000000-tx2-20260903T212433.874115Z/run.json
200,5795000000,TX2,ANT2,True,-3.4263494257403915,66.11987195694039,4,5.976,31.359213101623588,/srv/bulk/samteway/lab-data/tracking-fast-timing-20260903-v6/captures/fast-200us-5795000000-tx2-20260903T212433.874115Z/run.json
200,5795000000,TX2,ANT4,True,-1.078987936765685,85.75802379011398,4,5.976,22.607640519012488,/srv/bulk/samteway/lab-data/tracking-fast-timing-20260903-v6/captures/fast-200us-5795000000-tx2-20260903T212433.874115Z/run.json
200,5795000000,TX2,ANT8,True,13.453811125185986,476.5636608728851,4,5.976,3.5410900357395723,/srv/bulk/samteway/lab-data/tracking-fast-timing-20260903-v6/captures/fast-200us-5795000000-tx2-20260903T212433.874115Z/run.json
200,5795000000,TX2,ANT7,True,8.0023899282544,244.71595633443985,4,5.976,8.327496563371389,/srv/bulk/samteway/lab-data/tracking-fast-timing-20260903-v6/captures/fast-200us-5795000000-tx2-20260903T212433.874115Z/run.json
200,5795000000,TX2,ANT5,True,9.204679859701573,285.7193985243182,4,5.976,6.720954412819254,/srv/bulk/samteway/lab-data/tracking-fast-timing-20260903-v6/captures/fast-200us-5795000000-tx2-20260903T212433.874115Z/run.json
200,5796000000,TX1,ANT1,False,-18.42486336207402,12.979057658609912,32,47.808,72.07607704969006,/srv/bulk/samteway/lab-data/tracking-fast-timing-20260903-v6/captures/fast-200us-5796000000-tx1-20260903T212447.986633Z/run.json
200,5796000000,TX1,ANT2,True,2.4146360188957523,133.00842093321813,32,47.808,4.814547110774208,/srv/bulk/samteway/lab-data/tracking-fast-timing-20260903-v6/captures/fast-200us-5796000000-tx1-20260903T212447.986633Z/run.json
200,5796000000,TX1,ANT4,True,0.19348233730639916,102.559865948216,32,47.808,7.646855199422899,/srv/bulk/samteway/lab-data/tracking-fast-timing-20260903-v6/captures/fast-200us-5796000000-tx1-20260903T212447.986633Z/run.json
200,5796000000,TX1,ANT8,True,-1.715407756753561,83.62831351089301,32,47.808,7.918207400472013,/srv/bulk/samteway/lab-data/tracking-fast-timing-20260903-v6/captures/fast-200us-5796000000-tx1-20260903T212447.986633Z/run.json
200,5796000000,TX1,ANT7,True,0.07172215640351284,100.59603811500963,32,47.808,6.1619037401011685,/srv/bulk/samteway/lab-data/tracking-fast-timing-20260903-v6/captures/fast-200us-5796000000-tx1-20260903T212447.986633Z/run.json
200,5796000000,TX1,ANT5,True,-4.279159972525078,60.20240867832196,32,47.808,9.682867874526565,/srv/bulk/samteway/lab-data/tracking-fast-timing-20260903-v6/captures/fast-200us-5796000000-tx1-20260903T212447.986633Z/run.json
200,5796000000,TX2,ANT1,True,4.774452390514944,195.15976833788386,4,5.976,9.88108959552224,/srv/bulk/samteway/lab-data/tracking-fast-timing-20260903-v6/captures/fast-200us-5796000000-tx2-20260903T212500.225077Z/run.json
200,5796000000,TX2,ANT2,True,-5.72641325304517,56.8851024390128,4,5.976,39.10599614364334,/srv/bulk/samteway/lab-data/tracking-fast-timing-20260903-v6/captures/fast-200us-5796000000-tx2-20260903T212500.225077Z/run.json
200,5796000000,TX2,ANT4,True,-2.6913269110418185,82.3829185453419,4,5.976,30.925405096062303,/srv/bulk/samteway/lab-data/tracking-fast-timing-20260903-v6/captures/fast-200us-5796000000-tx2-20260903T212500.225077Z/run.json
200,5796000000,TX2,ANT8,True,11.348391537613512,437.04078674582365,4,5.976,4.981898120154667,/srv/bulk/samteway/lab-data/tracking-fast-timing-20260903-v6/captures/fast-200us-5796000000-tx2-20260903T212500.225077Z/run.json
200,5796000000,TX2,ANT7,True,6.4261560010661665,236.07010037668317,4,5.976,11.10483790184304,/srv/bulk/samteway/lab-data/tracking-fast-timing-20260903-v6/captures/fast-200us-5796000000-tx2-20260903T212500.225077Z/run.json
200,5796000000,TX2,ANT5,True,8.386415239836301,270.679389543331,4,5.976,7.0380382111653725,/srv/bulk/samteway/lab-data/tracking-fast-timing-20260903-v6/captures/fast-200us-5796000000-tx2-20260903T212500.225077Z/run.json
200,5797000000,TX1,ANT1,False,-21.51672612672624,9.5580042857214,16,23.904,79.35781853432725,/srv/bulk/samteway/lab-data/tracking-fast-timing-20260903-v6/captures/fast-200us-5797000000-tx1-20260903T212514.223215Z/run.json
200,5797000000,TX1,ANT2,True,2.2407906873319,135.5050998082687,16,23.904,7.728708546712781,/srv/bulk/samteway/lab-data/tracking-fast-timing-20260903-v6/captures/fast-200us-5797000000-tx1-20260903T212514.223215Z/run.json
200,5797000000,TX1,ANT4,True,-0.4949911847994736,99.81097828671125,16,23.904,9.927512132465203,/srv/bulk/samteway/lab-data/tracking-fast-timing-20260903-v6/captures/fast-200us-5797000000-tx1-20260903T212514.223215Z/run.json
200,5797000000,TX1,ANT8,True,-1.5467053276171927,87.2399503779796,16,23.904,9.706521653723977,/srv/bulk/samteway/lab-data/tracking-fast-timing-20260903-v6/captures/fast-200us-5797000000-tx1-20260903T212514.223215Z/run.json
200,5797000000,TX1,ANT7,True,-0.22118418160715947,102.38262457485095,16,23.904,9.149096118081077,/srv/bulk/samteway/lab-data/tracking-fast-timing-20260903-v6/captures/fast-200us-5797000000-tx1-20260903T212514.223215Z/run.json
200,5797000000,TX1,ANT5,True,-4.4337343564876575,60.16135170944565,16,23.904,14.006253986839297,/srv/bulk/samteway/lab-data/tracking-fast-timing-20260903-v6/captures/fast-200us-5797000000-tx1-20260903T212514.223215Z/run.json
200,5797000000,TX2,ANT1,True,-0.8178010353892496,87.19028837699877,4,5.976,29.5653056555341,/srv/bulk/samteway/lab-data/tracking-fast-timing-20260903-v6/captures/fast-200us-5797000000-tx2-20260903T212526.703404Z/run.json
200,5797000000,TX2,ANT2,True,6.816076539811639,228.34385499412596,4,5.976,7.95814905916413,/srv/bulk/samteway/lab-data/tracking-fast-timing-20260903-v6/captures/fast-200us-5797000000-tx2-20260903T212526.703404Z/run.json
200,5797000000,TX2,ANT4,True,-4.052620805563109,62.27628680345691,4,5.976,37.10278764228031,/srv/bulk/samteway/lab-data/tracking-fast-timing-20260903-v6/captures/fast-200us-5797000000-tx2-20260903T212526.703404Z/run.json
200,5797000000,TX2,ANT8,True,-2.1051415570900387,79.34247089925974,4,5.976,26.904172075349724,/srv/bulk/samteway/lab-data/tracking-fast-timing-20260903-v6/captures/fast-200us-5797000000-tx2-20260903T212526.703404Z/run.json
200,5797000000,TX2,ANT7,True,12.900860100291078,481.3996221804462,4,5.976,3.9004139352913576,/srv/bulk/samteway/lab-data/tracking-fast-timing-20260903-v6/captures/fast-200us-5797000000-tx2-20260903T212526.703404Z/run.json
200,5797000000,TX2,ANT5,True,7.518217584108408,252.23045238331392,4,5.976,10.171496474486975,/srv/bulk/samteway/lab-data/tracking-fast-timing-20260903-v6/captures/fast-200us-5797000000-tx2-20260903T212526.703404Z/run.json
200,5798000000,TX1,ANT1,False,-23.825127371563042,7.218589444945571,16,23.904,86.45217032404133,/srv/bulk/samteway/lab-data/tracking-fast-timing-20260903-v6/captures/fast-200us-5798000000-tx1-20260903T212540.824296Z/run.json
200,5798000000,TX1,ANT2,True,3.063076233774469,146.0428638280342,16,23.904,6.894709218460578,/srv/bulk/samteway/lab-data/tracking-fast-timing-20260903-v6/captures/fast-200us-5798000000-tx1-20260903T212540.824296Z/run.json
200,5798000000,TX1,ANT4,True,-0.7757705299253463,95.08890496113462,16,23.904,10.574396142103032,/srv/bulk/samteway/lab-data/tracking-fast-timing-20260903-v6/captures/fast-200us-5798000000-tx1-20260903T212540.824296Z/run.json
200,5798000000,TX1,ANT8,True,-0.966993153062963,89.75013777943046,16,23.904,10.78030055174602,/srv/bulk/samteway/lab-data/tracking-fast-timing-20260903-v6/captures/fast-200us-5798000000-tx1-20260903T212540.824296Z/run.json
200,5798000000,TX1,ANT7,True,0.5426813937476426,105.63958339129604,16,23.904,9.071751641764894,/srv/bulk/samteway/lab-data/tracking-fast-timing-20260903-v6/captures/fast-200us-5798000000-tx1-20260903T212540.824296Z/run.json
200,5798000000,TX1,ANT5,True,-4.4322955203384105,60.55575599892385,16,23.904,14.174713954325604,/srv/bulk/samteway/lab-data/tracking-fast-timing-20260903-v6/captures/fast-200us-5798000000-tx1-20260903T212540.824296Z/run.json
200,5798000000,TX2,ANT1,True,6.492970998052572,234.315354351214,4,5.98,8.333004013760164,/srv/bulk/samteway/lab-data/tracking-fast-timing-20260903-v6/captures/fast-200us-5798000000-tx2-20260903T212553.504377Z/run.json
200,5798000000,TX2,ANT2,True,-4.578785087906256,61.771790667183446,4,5.98,36.33627673305134,/srv/bulk/samteway/lab-data/tracking-fast-timing-20260903-v6/captures/fast-200us-5798000000-tx2-20260903T212553.504377Z/run.json
200,5798000000,TX2,ANT4,True,-3.0595569586050364,76.01385541262493,4,5.98,32.447248918288004,/srv/bulk/samteway/lab-data/tracking-fast-timing-20260903-v6/captures/fast-200us-5798000000-tx2-20260903T212553.504377Z/run.json
200,5798000000,TX2,ANT8,True,12.32034254652951,480.6563855058741,4,5.98,4.688121943669163,/srv/bulk/samteway/lab-data/tracking-fast-timing-20260903-v6/captures/fast-200us-5798000000-tx2-20260903T212553.504377Z/run.json
200,5798000000,TX2,ANT7,True,7.718283579198831,259.3757755914125,4,5.98,7.619882134945706,/srv/bulk/samteway/lab-data/tracking-fast-timing-20260903-v6/captures/fast-200us-5798000000-tx2-20260903T212553.504377Z/run.json
200,5798000000,TX2,ANT5,True,9.059957190241132,288.3582622235753,4,5.98,6.424720563119872,/srv/bulk/samteway/lab-data/tracking-fast-timing-20260903-v6/captures/fast-200us-5798000000-tx2-20260903T212553.504377Z/run.json
200,5799000000,TX1,ANT1,True,-11.229069669188332,29.520543006748245,32,47.808,24.72931528777202,/srv/bulk/samteway/lab-data/tracking-fast-timing-20260903-v6/captures/fast-200us-5799000000-tx1-20260903T212607.886736Z/run.json
200,5799000000,TX1,ANT2,True,1.5755746181884431,117.4962406154245,32,47.808,6.39169695328577,/srv/bulk/samteway/lab-data/tracking-fast-timing-20260903-v6/captures/fast-200us-5799000000-tx1-20260903T212607.886736Z/run.json
200,5799000000,TX1,ANT4,True,0.5269949284106902,105.65761501976388,32,47.808,6.071275263912293,/srv/bulk/samteway/lab-data/tracking-fast-timing-20260903-v6/captures/fast-200us-5799000000-tx1-20260903T212607.886736Z/run.json
200,5799000000,TX1,ANT8,True,-14.349956129252474,68.01658075036158,32,47.808,9.717432832922363,/srv/bulk/samteway/lab-data/tracking-fast-timing-20260903-v6/captures/fast-200us-5799000000-tx1-20260903T212607.886736Z/run.json
200,5799000000,TX1,ANT7,True,-2.5599872837379376,73.9264960170298,32,47.808,9.297054928742257,/srv/bulk/samteway/lab-data/tracking-fast-timing-20260903-v6/captures/fast-200us-5799000000-tx1-20260903T212607.886736Z/run.json
200,5799000000,TX1,ANT5,True,-8.570992210925281,36.43416759137116,32,47.808,21.23271248144263,/srv/bulk/samteway/lab-data/tracking-fast-timing-20260903-v6/captures/fast-200us-5799000000-tx1-20260903T212607.886736Z/run.json
200,5799000000,TX2,ANT1,True,8.194062062393996,253.08880359510027,4,5.976,6.880877775275079,/srv/bulk/samteway/lab-data/tracking-fast-timing-20260903-v6/captures/fast-200us-5799000000-tx2-20260903T212620.555713Z/run.json
200,5799000000,TX2,ANT2,True,-3.7720785835996233,62.559434002186485,4,5.976,32.55950276554493,/srv/bulk/samteway/lab-data/tracking-fast-timing-20260903-v6/captures/fast-200us-5799000000-tx2-20260903T212620.555713Z/run.json
200,5799000000,TX2,ANT4,True,-3.013293541843728,69.27805896297994,4,5.976,30.56703418871004,/srv/bulk/samteway/lab-data/tracking-fast-timing-20260903-v6/captures/fast-200us-5799000000-tx2-20260903T212620.555713Z/run.json
200,5799000000,TX2,ANT8,True,14.307794664790233,496.9902116121445,4,5.976,3.3616815542835954,/srv/bulk/samteway/lab-data/tracking-fast-timing-20260903-v6/captures/fast-200us-5799000000-tx2-20260903T212620.555713Z/run.json
200,5799000000,TX2,ANT7,True,8.884661290343054,263.96962727416246,4,5.976,6.423376620815366,/srv/bulk/samteway/lab-data/tracking-fast-timing-20260903-v6/captures/fast-200us-5799000000-tx2-20260903T212620.555713Z/run.json
200,5799000000,TX2,ANT5,True,9.579401787874836,294.3032207182612,4,5.976,5.914568238439287,/srv/bulk/samteway/lab-data/tracking-fast-timing-20260903-v6/captures/fast-200us-5799000000-tx2-20260903T212620.555713Z/run.json
200,5800000000,TX1,ANT1,False,-23.665551791785404,13.986952457402293,32,47.808,66.87599130092944,/srv/bulk/samteway/lab-data/tracking-fast-timing-20260903-v6/captures/fast-200us-5800000000-tx1-20260903T212634.784215Z/run.json
200,5800000000,TX1,ANT2,True,-3.536358321547084,142.19221785122448,32,47.808,5.9719086723694685,/srv/bulk/samteway/lab-data/tracking-fast-timing-20260903-v6/captures/fast-200us-5800000000-tx1-20260903T212634.784215Z/run.json
200,5800000000,TX1,ANT4,True,-8.291635054424765,86.88711685380947,32,47.808,11.226325375939428,/srv/bulk/samteway/lab-data/tracking-fast-timing-20260903-v6/captures/fast-200us-5800000000-tx1-20260903T212634.784215Z/run.json
200,5800000000,TX1,ANT8,True,-7.155618213279366,94.59218124227216,32,47.808,8.547789025131701,/srv/bulk/samteway/lab-data/tracking-fast-timing-20260903-v6/captures/fast-200us-5800000000-tx1-20260903T212634.784215Z/run.json
200,5800000000,TX1,ANT7,True,-5.556032908338004,111.52070813906208,32,47.808,6.4628918818700845,/srv/bulk/samteway/lab-data/tracking-fast-timing-20260903-v6/captures/fast-200us-5800000000-tx1-20260903T212634.784215Z/run.json
200,5800000000,TX1,ANT5,True,-10.42436533619162,61.19780398953739,32,47.808,14.98996041643067,/srv/bulk/samteway/lab-data/tracking-fast-timing-20260903-v6/captures/fast-200us-5800000000-tx1-20260903T212634.784215Z/run.json
200,5800000000,TX2,ANT1,True,2.3874886945639267,264.3242340206436,4,5.976,8.019215089311574,/srv/bulk/samteway/lab-data/tracking-fast-timing-20260903-v6/captures/fast-200us-5800000000-tx2-20260903T212647.632091Z/run.json
200,5800000000,TX2,ANT2,True,-10.391546124297843,58.14605881468406,4,5.976,41.598247922568405,/srv/bulk/samteway/lab-data/tracking-fast-timing-20260903-v6/captures/fast-200us-5800000000-tx2-20260903T212647.632091Z/run.json
200,5800000000,TX2,ANT4,True,-10.4077477118147,65.25206748846382,4,5.976,38.26015379869789,/srv/bulk/samteway/lab-data/tracking-fast-timing-20260903-v6/captures/fast-200us-5800000000-tx2-20260903T212647.632091Z/run.json
200,5800000000,TX2,ANT8,True,8.033103701308189,512.417008421508,4,5.976,4.581027924422637,/srv/bulk/samteway/lab-data/tracking-fast-timing-20260903-v6/captures/fast-200us-5800000000-tx2-20260903T212647.632091Z/run.json
200,5800000000,TX2,ANT7,True,3.0758377907790004,275.44762686735265,4,5.976,8.600735346200919,/srv/bulk/samteway/lab-data/tracking-fast-timing-20260903-v6/captures/fast-200us-5800000000-tx2-20260903T212647.632091Z/run.json
200,5800000000,TX2,ANT5,True,3.257881503907927,306.86441623395694,4,5.976,7.223231178018678,/srv/bulk/samteway/lab-data/tracking-fast-timing-20260903-v6/captures/fast-200us-5800000000-tx2-20260903T212647.632091Z/run.json
200,5801000000,TX1,ANT1,True,-13.8892653329668,23.96913543666559,32,47.808,29.74521949658098,/srv/bulk/samteway/lab-data/tracking-fast-timing-20260903-v6/captures/fast-200us-5801000000-tx1-20260903T212701.849603Z/run.json
200,5801000000,TX1,ANT2,True,1.4401100953844501,123.53304909161793,32,47.808,5.898880738538375,/srv/bulk/samteway/lab-data/tracking-fast-timing-20260903-v6/captures/fast-200us-5801000000-tx1-20260903T212701.849603Z/run.json
200,5801000000,TX1,ANT4,True,-0.7815656517541101,96.43852144612839,32,47.808,9.153558542524566,/srv/bulk/samteway/lab-data/tracking-fast-timing-20260903-v6/captures/fast-200us-5801000000-tx1-20260903T212701.849603Z/run.json
200,5801000000,TX1,ANT8,True,-4.3049126564142846,65.58126873495695,32,47.808,12.333149830829177,/srv/bulk/samteway/lab-data/tracking-fast-timing-20260903-v6/captures/fast-200us-5801000000-tx1-20260903T212701.849603Z/run.json
200,5801000000,TX1,ANT7,True,-2.640921259996582,76.51245414229035,32,47.808,9.658435437241966,/srv/bulk/samteway/lab-data/tracking-fast-timing-20260903-v6/captures/fast-200us-5801000000-tx1-20260903T212701.849603Z/run.json
200,5801000000,TX1,ANT5,True,-8.251881932069827,39.59296269438001,32,47.808,17.53413454917479,/srv/bulk/samteway/lab-data/tracking-fast-timing-20260903-v6/captures/fast-200us-5801000000-tx1-20260903T212701.849603Z/run.json
200,5801000000,TX2,ANT1,True,7.833155108914161,260.2874473811442,4,5.976,7.506832300628284,/srv/bulk/samteway/lab-data/tracking-fast-timing-20260903-v6/captures/fast-200us-5801000000-tx2-20260903T212714.219279Z/run.json
200,5801000000,TX2,ANT2,True,-5.376758474636279,52.815195893832396,4,5.976,44.67935025308342,/srv/bulk/samteway/lab-data/tracking-fast-timing-20260903-v6/captures/fast-200us-5801000000-tx2-20260903T212714.219279Z/run.json
200,5801000000,TX2,ANT4,True,-4.8214423427498705,57.21094753630342,4,5.976,39.71348471867715,/srv/bulk/samteway/lab-data/tracking-fast-timing-20260903-v6/captures/fast-200us-5801000000-tx2-20260903T212714.219279Z/run.json
200,5801000000,TX2,ANT8,True,13.26374037730198,493.799894220259,4,5.976,4.309585142665452,/srv/bulk/samteway/lab-data/tracking-fast-timing-20260903-v6/captures/fast-200us-5801000000-tx2-20260903T212714.219279Z/run.json
200,5801000000,TX2,ANT7,True,8.61240275409437,270.00326486880834,4,5.976,7.039736138662325,/srv/bulk/samteway/lab-data/tracking-fast-timing-20260903-v6/captures/fast-200us-5801000000-tx2-20260903T212714.219279Z/run.json
200,5801000000,TX2,ANT5,True,9.550342519367641,294.8103663909305,4,5.976,6.121578870310188,/srv/bulk/samteway/lab-data/tracking-fast-timing-20260903-v6/captures/fast-200us-5801000000-tx2-20260903T212714.219279Z/run.json
200,5802000000,TX1,ANT1,True,-17.026658030669257,17.157144315028482,32,47.808,53.860337885171084,/srv/bulk/samteway/lab-data/tracking-fast-timing-20260903-v6/captures/fast-200us-5802000000-tx1-20260903T212728.459858Z/run.json
200,5802000000,TX1,ANT2,True,3.257551507604144,168.16059350455038,32,47.808,4.6760151682853826,/srv/bulk/samteway/lab-data/tracking-fast-timing-20260903-v6/captures/fast-200us-5802000000-tx1-20260903T212728.459858Z/run.json
200,5802000000,TX1,ANT4,True,-2.2815191403855244,88.74511283838564,32,47.808,8.495954181253763,/srv/bulk/samteway/lab-data/tracking-fast-timing-20260903-v6/captures/fast-200us-5802000000-tx1-20260903T212728.459858Z/run.json
200,5802000000,TX1,ANT8,True,-0.5170972898425618,108.67129349371741,32,47.808,6.562029761024272,/srv/bulk/samteway/lab-data/tracking-fast-timing-20260903-v6/captures/fast-200us-5802000000-tx1-20260903T212728.459858Z/run.json
200,5802000000,TX1,ANT7,True,0.3898309287417159,119.06307706394014,32,47.808,5.6396240035968175,/srv/bulk/samteway/lab-data/tracking-fast-timing-20260903-v6/captures/fast-200us-5802000000-tx1-20260903T212728.459858Z/run.json
200,5802000000,TX1,ANT5,True,-4.03006461683454,67.8975397032592,32,47.808,10.502880361728714,/srv/bulk/samteway/lab-data/tracking-fast-timing-20260903-v6/captures/fast-200us-5802000000-tx1-20260903T212728.459858Z/run.json
200,5802000000,TX2,ANT1,True,9.08013152911472,284.08763634528447,4,5.976,6.33173163079652,/srv/bulk/samteway/lab-data/tracking-fast-timing-20260903-v6/captures/fast-200us-5802000000-tx2-20260903T212741.125925Z/run.json
200,5802000000,TX2,ANT2,True,-4.857387820613614,54.39983781914943,4,5.976,41.72365364829264,/srv/bulk/samteway/lab-data/tracking-fast-timing-20260903-v6/captures/fast-200us-5802000000-tx2-20260903T212741.125925Z/run.json
200,5802000000,TX2,ANT4,True,-4.682598124482326,57.2998798818439,4,5.976,39.05645647824186,/srv/bulk/samteway/lab-data/tracking-fast-timing-20260903-v6/captures/fast-200us-5802000000-tx2-20260903T212741.125925Z/run.json
200,5802000000,TX2,ANT8,True,14.56860549768142,529.2014356430055,4,5.976,3.5480206077620955,/srv/bulk/samteway/lab-data/tracking-fast-timing-20260903-v6/captures/fast-200us-5802000000-tx2-20260903T212741.125925Z/run.json
200,5802000000,TX2,ANT7,True,9.698448525166944,289.20460353068074,4,5.976,6.3974303264051935,/srv/bulk/samteway/lab-data/tracking-fast-timing-20260903-v6/captures/fast-200us-5802000000-tx2-20260903T212741.125925Z/run.json
200,5802000000,TX2,ANT5,True,9.96674856528886,310.30569857208053,4,5.976,6.07274933305467,/srv/bulk/samteway/lab-data/tracking-fast-timing-20260903-v6/captures/fast-200us-5802000000-tx2-20260903T212741.125925Z/run.json
200,5803000000,TX1,ANT1,False,-19.41718070527198,12.362644237338454,16,23.904,72.85603161916205,/srv/bulk/samteway/lab-data/tracking-fast-timing-20260903-v6/captures/fast-200us-5803000000-tx1-20260903T212755.229380Z/run.json
200,5803000000,TX1,ANT2,True,4.941155987910178,184.53338648028918,16,23.904,5.255678526694934,/srv/bulk/samteway/lab-data/tracking-fast-timing-20260903-v6/captures/fast-200us-5803000000-tx1-20260903T212755.229380Z/run.json
200,5803000000,TX1,ANT4,True,-1.1261200575681587,93.51737567315213,16,23.904,11.457670889534405,/srv/bulk/samteway/lab-data/tracking-fast-timing-20260903-v6/captures/fast-200us-5803000000-tx1-20260903T212755.229380Z/run.json
200,5803000000,TX1,ANT8,True,0.46477231017929854,113.46990054451815,16,23.904,8.290310755507116,/srv/bulk/samteway/lab-data/tracking-fast-timing-20260903-v6/captures/fast-200us-5803000000-tx1-20260903T212755.229380Z/run.json
200,5803000000,TX1,ANT7,True,1.6118112294103555,126.59658585227984,16,23.904,7.651912599036028,/srv/bulk/samteway/lab-data/tracking-fast-timing-20260903-v6/captures/fast-200us-5803000000-tx1-20260903T212755.229380Z/run.json
200,5803000000,TX1,ANT5,True,-3.3425235938065816,72.1207092955419,16,23.904,13.053364329651906,/srv/bulk/samteway/lab-data/tracking-fast-timing-20260903-v6/captures/fast-200us-5803000000-tx1-20260903T212755.229380Z/run.json
200,5803000000,TX2,ANT1,True,7.197965667828619,269.66066906498884,4,5.976,7.66018506555658,/srv/bulk/samteway/lab-data/tracking-fast-timing-20260903-v6/captures/fast-200us-5803000000-tx2-20260903T212808.968070Z/run.json
200,5803000000,TX2,ANT2,False,-6.7602679693606325,49.86308941345061,4,5.976,47.7029714644597,/srv/bulk/samteway/lab-data/tracking-fast-timing-20260903-v6/captures/fast-200us-5803000000-tx2-20260903T212808.968070Z/run.json
200,5803000000,TX2,ANT4,True,-6.080909114768964,56.80201377093806,4,5.976,46.77567159810547,/srv/bulk/samteway/lab-data/tracking-fast-timing-20260903-v6/captures/fast-200us-5803000000-tx2-20260903T212808.968070Z/run.json
200,5803000000,TX2,ANT8,True,12.351868626065583,508.0124015996351,4,5.976,4.569357986888735,/srv/bulk/samteway/lab-data/tracking-fast-timing-20260903-v6/captures/fast-200us-5803000000-tx2-20260903T212808.968070Z/run.json
200,5803000000,TX2,ANT7,True,8.428890602618317,289.8321034190858,4,5.976,7.324481532825105,/srv/bulk/samteway/lab-data/tracking-fast-timing-20260903-v6/captures/fast-200us-5803000000-tx2-20260903T212808.968070Z/run.json
200,5803000000,TX2,ANT5,True,9.030525380142455,304.23849509547665,4,5.976,6.292407775390713,/srv/bulk/samteway/lab-data/tracking-fast-timing-20260903-v6/captures/fast-200us-5803000000-tx2-20260903T212808.968070Z/run.json
200,5804000000,TX1,ANT1,False,-17.052226027304695,16.386057976430802,16,23.904,70.22819686477213,/srv/bulk/samteway/lab-data/tracking-fast-timing-20260903-v6/captures/fast-200us-5804000000-tx1-20260903T212822.954584Z/run.json
200,5804000000,TX1,ANT2,True,4.914330881549352,184.78109790749514,16,23.904,5.146892153157006,/srv/bulk/samteway/lab-data/tracking-fast-timing-20260903-v6/captures/fast-200us-5804000000-tx1-20260903T212822.954584Z/run.json
200,5804000000,TX1,ANT4,True,-1.6078231893768116,87.12413585827566,16,23.904,10.313042028362613,/srv/bulk/samteway/lab-data/tracking-fast-timing-20260903-v6/captures/fast-200us-5804000000-tx1-20260903T212822.954584Z/run.json
200,5804000000,TX1,ANT8,True,0.6706174430517469,115.78046032398231,16,23.904,8.005582100312393,/srv/bulk/samteway/lab-data/tracking-fast-timing-20260903-v6/captures/fast-200us-5804000000-tx1-20260903T212822.954584Z/run.json
200,5804000000,TX1,ANT7,True,1.6786586150057112,124.99870180891106,16,23.904,7.546591477819934,/srv/bulk/samteway/lab-data/tracking-fast-timing-20260903-v6/captures/fast-200us-5804000000-tx1-20260903T212822.954584Z/run.json
200,5804000000,TX1,ANT5,True,-3.4305558155546705,70.34072884415745,16,23.904,14.837635540707328,/srv/bulk/samteway/lab-data/tracking-fast-timing-20260903-v6/captures/fast-200us-5804000000-tx1-20260903T212822.954584Z/run.json
200,5804000000,TX2,ANT1,True,8.803025901048688,298.2155487782396,2,2.988,10.599394039074054,/srv/bulk/samteway/lab-data/tracking-fast-timing-20260903-v6/captures/fast-200us-5804000000-tx2-20260903T212836.227798Z/run.json
200,5804000000,TX2,ANT2,False,-5.813340171858362,52.53454261513016,2,2.988,62.796685367018036,/srv/bulk/samteway/lab-data/tracking-fast-timing-20260903-v6/captures/fast-200us-5804000000-tx2-20260903T212836.227798Z/run.json
200,5804000000,TX2,ANT4,False,-5.987570388581583,52.528527922626814,2,2.988,65.34389649580878,/srv/bulk/samteway/lab-data/tracking-fast-timing-20260903-v6/captures/fast-200us-5804000000-tx2-20260903T212836.227798Z/run.json
200,5804000000,TX2,ANT8,True,14.460183517419932,558.6816053624176,2,2.988,5.353141121529755,/srv/bulk/samteway/lab-data/tracking-fast-timing-20260903-v6/captures/fast-200us-5804000000-tx2-20260903T212836.227798Z/run.json
200,5804000000,TX2,ANT7,True,9.524318633999854,303.8383214654612,2,2.988,9.47510838151224,/srv/bulk/samteway/lab-data/tracking-fast-timing-20260903-v6/captures/fast-200us-5804000000-tx2-20260903T212836.227798Z/run.json
200,5804000000,TX2,ANT5,True,9.644541213126608,321.1890089151245,2,2.988,9.657436633513663,/srv/bulk/samteway/lab-data/tracking-fast-timing-20260903-v6/captures/fast-200us-5804000000-tx2-20260903T212836.227798Z/run.json
200,5805000000,TX1,ANT1,True,-14.190204476809303,22.244666495604267,16,23.904,52.30424225457107,/srv/bulk/samteway/lab-data/tracking-fast-timing-20260903-v6/captures/fast-200us-5805000000-tx1-20260903T212850.657802Z/run.json
200,5805000000,TX1,ANT2,True,5.320969489514673,191.0325954458272,16,23.904,4.6470758662092155,/srv/bulk/samteway/lab-data/tracking-fast-timing-20260903-v6/captures/fast-200us-5805000000-tx1-20260903T212850.657802Z/run.json
200,5805000000,TX1,ANT4,True,-1.3710619657946321,89.03436633914345,16,23.904,10.354759001599046,/srv/bulk/samteway/lab-data/tracking-fast-timing-20260903-v6/captures/fast-200us-5805000000-tx1-20260903T212850.657802Z/run.json
200,5805000000,TX1,ANT8,True,1.5010805036686028,120.97060582340248,16,23.904,7.402605219583838,/srv/bulk/samteway/lab-data/tracking-fast-timing-20260903-v6/captures/fast-200us-5805000000-tx1-20260903T212850.657802Z/run.json
200,5805000000,TX1,ANT7,True,2.0726643307524664,130.47077451656014,16,23.904,7.444522308836268,/srv/bulk/samteway/lab-data/tracking-fast-timing-20260903-v6/captures/fast-200us-5805000000-tx1-20260903T212850.657802Z/run.json
200,5805000000,TX1,ANT5,True,-2.967844966245054,74.52072131806648,16,23.904,13.576960308775382,/srv/bulk/samteway/lab-data/tracking-fast-timing-20260903-v6/captures/fast-200us-5805000000-tx1-20260903T212850.657802Z/run.json
200,5805000000,TX2,ANT1,True,0.027997251328199135,103.29756901346136,4,5.976,25.587783215575676,/srv/bulk/samteway/lab-data/tracking-fast-timing-20260903-v6/captures/fast-200us-5805000000-tx2-20260903T212903.513675Z/run.json
200,5805000000,TX2,ANT2,True,7.376047420939257,271.6906334080432,4,5.976,7.059864994481318,/srv/bulk/samteway/lab-data/tracking-fast-timing-20260903-v6/captures/fast-200us-5805000000-tx2-20260903T212903.513675Z/run.json
200,5805000000,TX2,ANT4,False,-8.46490627715706,41.42596595570261,4,5.976,54.27455559174017,/srv/bulk/samteway/lab-data/tracking-fast-timing-20260903-v6/captures/fast-200us-5805000000-tx2-20260903T212903.513675Z/run.json
200,5805000000,TX2,ANT8,False,-8.737075054849498,40.40628693885088,4,5.976,56.986611983023245,/srv/bulk/samteway/lab-data/tracking-fast-timing-20260903-v6/captures/fast-200us-5805000000-tx2-20260903T212903.513675Z/run.json
200,5805000000,TX2,ANT7,True,12.512217618699246,518.4974064897291,4,5.976,3.949466585358686,/srv/bulk/samteway/lab-data/tracking-fast-timing-20260903-v6/captures/fast-200us-5805000000-tx2-20260903T212903.513675Z/run.json
200,5805000000,TX2,ANT5,True,7.997389648803399,288.16889919489535,4,5.976,8.204093447121638,/srv/bulk/samteway/lab-data/tracking-fast-timing-20260903-v6/captures/fast-200us-5805000000-tx2-20260903T212903.513675Z/run.json
200,5806000000,TX1,ANT1,True,-11.832777216103601,28.44675997573836,16,23.904,45.926088883923505,/srv/bulk/samteway/lab-data/tracking-fast-timing-20260903-v6/captures/fast-200us-5806000000-tx1-20260903T212917.477352Z/run.json
200,5806000000,TX1,ANT2,True,5.418319130167818,196.08394508198847,16,23.904,4.76988766022874,/srv/bulk/samteway/lab-data/tracking-fast-timing-20260903-v6/captures/fast-200us-5806000000-tx1-20260903T212917.477352Z/run.json
200,5806000000,TX1,ANT4,True,-1.6263586111001538,84.91555284338668,16,23.904,11.18127120858967,/srv/bulk/samteway/lab-data/tracking-fast-timing-20260903-v6/captures/fast-200us-5806000000-tx1-20260903T212917.477352Z/run.json
200,5806000000,TX1,ANT8,True,1.6029327625659255,123.45037671701672,16,23.904,7.694980211073135,/srv/bulk/samteway/lab-data/tracking-fast-timing-20260903-v6/captures/fast-200us-5806000000-tx1-20260903T212917.477352Z/run.json
200,5806000000,TX1,ANT7,True,2.030264350787181,130.41440735273198,16,23.904,7.428310583524593,/srv/bulk/samteway/lab-data/tracking-fast-timing-20260903-v6/captures/fast-200us-5806000000-tx1-20260903T212917.477352Z/run.json
200,5806000000,TX1,ANT5,True,-2.979762583363217,74.35954617647738,16,23.904,12.4366798112442,/srv/bulk/samteway/lab-data/tracking-fast-timing-20260903-v6/captures/fast-200us-5806000000-tx1-20260903T212917.477352Z/run.json
200,5806000000,TX2,ANT1,True,-0.5503060456748666,97.16208761911737,4,5.976,27.83898584215256,/srv/bulk/samteway/lab-data/tracking-fast-timing-20260903-v6/captures/fast-200us-5806000000-tx2-20260903T212930.190258Z/run.json
200,5806000000,TX2,ANT2,True,7.9582181577439846,287.32604128345065,4,5.976,7.207849077968444,/srv/bulk/samteway/lab-data/tracking-fast-timing-20260903-v6/captures/fast-200us-5806000000-tx2-20260903T212930.190258Z/run.json
200,5806000000,TX2,ANT4,False,-8.781571836879165,39.928218562767555,4,5.976,55.42729457592858,/srv/bulk/samteway/lab-data/tracking-fast-timing-20260903-v6/captures/fast-200us-5806000000-tx2-20260903T212930.190258Z/run.json
200,5806000000,TX2,ANT8,False,-8.43029643655381,42.34867965807282,4,5.976,56.69899832994585,/srv/bulk/samteway/lab-data/tracking-fast-timing-20260903-v6/captures/fast-200us-5806000000-tx2-20260903T212930.190258Z/run.json
200,5806000000,TX2,ANT7,True,13.272000393096697,549.1807386310663,4,5.976,3.838497075415261,/srv/bulk/samteway/lab-data/tracking-fast-timing-20260903-v6/captures/fast-200us-5806000000-tx2-20260903T212930.190258Z/run.json
200,5806000000,TX2,ANT5,True,8.902414157353602,310.2750995169259,4,5.976,6.357541392941445,/srv/bulk/samteway/lab-data/tracking-fast-timing-20260903-v6/captures/fast-200us-5806000000-tx2-20260903T212930.190258Z/run.json
200,5807000000,TX1,ANT1,True,-4.250375554777665,58.4537006420897,16,23.92,15.534439262497015,/srv/bulk/samteway/lab-data/tracking-fast-timing-20260903-v6/captures/fast-200us-5807000000-tx1-20260903T212944.869595Z/run.json
200,5807000000,TX1,ANT2,True,-11.860842312183042,29.88588460090185,16,23.92,42.26737151357115,/srv/bulk/samteway/lab-data/tracking-fast-timing-20260903-v6/captures/fast-200us-5807000000-tx1-20260903T212944.869595Z/run.json
200,5807000000,TX1,ANT4,True,4.636136062987638,183.11398316338065,16,23.92,5.04845308408514,/srv/bulk/samteway/lab-data/tracking-fast-timing-20260903-v6/captures/fast-200us-5807000000-tx1-20260903T212944.869595Z/run.json
200,5807000000,TX1,ANT8,True,-2.800754188553287,78.8741156259909,16,23.92,15.492371505135797,/srv/bulk/samteway/lab-data/tracking-fast-timing-20260903-v6/captures/fast-200us-5807000000-tx1-20260903T212944.869595Z/run.json
200,5807000000,TX1,ANT7,True,0.6548247769579576,116.57454050791748,16,23.92,9.310849005068558,/srv/bulk/samteway/lab-data/tracking-fast-timing-20260903-v6/captures/fast-200us-5807000000-tx1-20260903T212944.869595Z/run.json
200,5807000000,TX1,ANT5,True,1.3494217774616546,126.34810517337725,16,23.92,8.016063932316174,/srv/bulk/samteway/lab-data/tracking-fast-timing-20260903-v6/captures/fast-200us-5807000000-tx1-20260903T212944.869595Z/run.json
200,5807000000,TX2,ANT1,True,8.913829859523638,300.03428069376446,2,2.99,10.974096402158395,/srv/bulk/samteway/lab-data/tracking-fast-timing-20260903-v6/captures/fast-200us-5807000000-tx2-20260903T212957.491068Z/run.json
200,5807000000,TX2,ANT2,False,-8.183029021464778,40.63620048807681,2,2.99,74.39766169678664,/srv/bulk/samteway/lab-data/tracking-fast-timing-20260903-v6/captures/fast-200us-5807000000-tx2-20260903T212957.491068Z/run.json
200,5807000000,TX2,ANT4,False,-8.586749616190502,38.98827817953904,2,2.99,73.06460785864935,/srv/bulk/samteway/lab-data/tracking-fast-timing-20260903-v6/captures/fast-200us-5807000000-tx2-20260903T212957.491068Z/run.json
200,5807000000,TX2,ANT8,True,14.368857163309004,571.4591790408132,2,2.99,5.603830786023067,/srv/bulk/samteway/lab-data/tracking-fast-timing-20260903-v6/captures/fast-200us-5807000000-tx2-20260903T212957.491068Z/run.json
200,5807000000,TX2,ANT7,True,9.56251159772798,317.85219003141657,2,2.99,10.114097821604336,/srv/bulk/samteway/lab-data/tracking-fast-timing-20260903-v6/captures/fast-200us-5807000000-tx2-20260903T212957.491068Z/run.json
200,5807000000,TX2,ANT5,True,9.809068400713535,324.4849408670259,2,2.99,9.665281647546745,/srv/bulk/samteway/lab-data/tracking-fast-timing-20260903-v6/captures/fast-200us-5807000000-tx2-20260903T212957.491068Z/run.json
200,5808000000,TX1,ANT1,True,-9.582248936567513,39.961017784333684,32,47.808,22.878747454864858,/srv/bulk/samteway/lab-data/tracking-fast-timing-20260903-v6/captures/fast-200us-5808000000-tx1-20260903T213011.946967Z/run.json
200,5808000000,TX1,ANT2,True,3.210897895196453,170.19135815777517,32,47.808,5.487465086658546,/srv/bulk/samteway/lab-data/tracking-fast-timing-20260903-v6/captures/fast-200us-5808000000-tx1-20260903T213011.946967Z/run.json
200,5808000000,TX1,ANT4,True,-3.2461682528899316,81.10927043625477,32,47.808,14.63788009645465,/srv/bulk/samteway/lab-data/tracking-fast-timing-20260903-v6/captures/fast-200us-5808000000-tx1-20260903T213011.946967Z/run.json
200,5808000000,TX1,ANT8,True,-0.25798681926565525,113.50729677275801,32,47.808,7.802107003549308,/srv/bulk/samteway/lab-data/tracking-fast-timing-20260903-v6/captures/fast-200us-5808000000-tx1-20260903T213011.946967Z/run.json
200,5808000000,TX1,ANT7,True,0.3946387217989756,120.46401942635964,32,47.808,6.160785558259899,/srv/bulk/samteway/lab-data/tracking-fast-timing-20260903-v6/captures/fast-200us-5808000000-tx1-20260903T213011.946967Z/run.json
200,5808000000,TX1,ANT5,True,-2.9000538830703815,77.50983044226044,32,47.808,9.54365933917901,/srv/bulk/samteway/lab-data/tracking-fast-timing-20260903-v6/captures/fast-200us-5808000000-tx1-20260903T213011.946967Z/run.json
200,5808000000,TX2,ANT1,True,7.548421219057318,273.84038546240447,4,5.976,7.365097532208538,/srv/bulk/samteway/lab-data/tracking-fast-timing-20260903-v6/captures/fast-200us-5808000000-tx2-20260903T213025.055606Z/run.json
200,5808000000,TX2,ANT2,False,-9.857727004230345,34.25987413012055,4,5.976,63.831759475349756,/srv/bulk/samteway/lab-data/tracking-fast-timing-20260903-v6/captures/fast-200us-5808000000-tx2-20260903T213025.055606Z/run.json
200,5808000000,TX2,ANT4,False,-9.551760632085504,37.58684425748351,4,5.976,61.94978385693882,/srv/bulk/samteway/lab-data/tracking-fast-timing-20260903-v6/captures/fast-200us-5808000000-tx2-20260903T213025.055606Z/run.json
200,5808000000,TX2,ANT8,True,12.604986231061012,534.2609518077218,4,5.976,4.2693181208825735,/srv/bulk/samteway/lab-data/tracking-fast-timing-20260903-v6/captures/fast-200us-5808000000-tx2-20260903T213025.055606Z/run.json
200,5808000000,TX2,ANT7,True,8.310932205789948,301.06236822844966,4,5.976,10.000954442839664,/srv/bulk/samteway/lab-data/tracking-fast-timing-20260903-v6/captures/fast-200us-5808000000-tx2-20260903T213025.055606Z/run.json
200,5808000000,TX2,ANT5,True,9.393003063819446,307.3778494459939,4,5.976,6.776600474389631,/srv/bulk/samteway/lab-data/tracking-fast-timing-20260903-v6/captures/fast-200us-5808000000-tx2-20260903T213025.055606Z/run.json
200,5809000000,TX1,ANT1,True,-8.640000089990327,41.942693470648216,16,23.904,29.166995158632357,/srv/bulk/samteway/lab-data/tracking-fast-timing-20260903-v6/captures/fast-200us-5809000000-tx1-20260903T213039.557232Z/run.json
200,5809000000,TX1,ANT2,True,5.200293688883818,193.1113692525876,16,23.904,5.195810154831035,/srv/bulk/samteway/lab-data/tracking-fast-timing-20260903-v6/captures/fast-200us-5809000000-tx1-20260903T213039.557232Z/run.json
200,5809000000,TX1,ANT4,True,-2.4092914926805555,79.80536553147637,16,23.904,13.085981805182195,/srv/bulk/samteway/lab-data/tracking-fast-timing-20260903-v6/captures/fast-200us-5809000000-tx1-20260903T213039.557232Z/run.json
200,5809000000,TX1,ANT8,True,1.3792555697180129,121.12049539252513,16,23.904,7.066626705277817,/srv/bulk/samteway/lab-data/tracking-fast-timing-20260903-v6/captures/fast-200us-5809000000-tx1-20260903T213039.557232Z/run.json
200,5809000000,TX1,ANT7,True,1.7653399760752726,126.66549853921377,16,23.904,7.795626815599917,/srv/bulk/samteway/lab-data/tracking-fast-timing-20260903-v6/captures/fast-200us-5809000000-tx1-20260903T213039.557232Z/run.json
200,5809000000,TX1,ANT5,True,-2.691690997107683,76.14362687361603,16,23.904,13.738713208985255,/srv/bulk/samteway/lab-data/tracking-fast-timing-20260903-v6/captures/fast-200us-5809000000-tx1-20260903T213039.557232Z/run.json
200,5809000000,TX2,ANT1,True,9.88704258647719,315.89337557648264,2,2.988,9.46087957343687,/srv/bulk/samteway/lab-data/tracking-fast-timing-20260903-v6/captures/fast-200us-5809000000-tx2-20260903T213052.579699Z/run.json
200,5809000000,TX2,ANT2,False,-8.434839502384982,37.360173892510346,2,2.988,70.51667688936101,/srv/bulk/samteway/lab-data/tracking-fast-timing-20260903-v6/captures/fast-200us-5809000000-tx2-20260903T213052.579699Z/run.json
200,5809000000,TX2,ANT4,False,-9.265734007382196,35.46152279482394,2,2.988,75.68975578920055,/srv/bulk/samteway/lab-data/tracking-fast-timing-20260903-v6/captures/fast-200us-5809000000-tx2-20260903T213052.579699Z/run.json
200,5809000000,TX2,ANT8,True,15.484782713722305,614.5383791159824,2,2.988,5.0971642418433785,/srv/bulk/samteway/lab-data/tracking-fast-timing-20260903-v6/captures/fast-200us-5809000000-tx2-20260903T213052.579699Z/run.json
200,5809000000,TX2,ANT7,True,10.680317172989614,341.1060038761449,2,2.988,8.450645196618215,/srv/bulk/samteway/lab-data/tracking-fast-timing-20260903-v6/captures/fast-200us-5809000000-tx2-20260903T213052.579699Z/run.json
200,5809000000,TX2,ANT5,True,10.380608284208236,339.84558892137943,2,2.988,8.916206750303145,/srv/bulk/samteway/lab-data/tracking-fast-timing-20260903-v6/captures/fast-200us-5809000000-tx2-20260903T213052.579699Z/run.json
200,5810000000,TX1,ANT1,True,-8.424524376434423,45.2602851874454,32,47.84,25.281360680598713,/srv/bulk/samteway/lab-data/tracking-fast-timing-20260903-v6/captures/fast-200us-5810000000-tx1-20260903T213106.890416Z/run.json
200,5810000000,TX1,ANT2,True,3.9008113326550484,174.33112034420455,32,47.84,5.506738910366848,/srv/bulk/samteway/lab-data/tracking-fast-timing-20260903-v6/captures/fast-200us-5810000000-tx1-20260903T213106.890416Z/run.json
200,5810000000,TX1,ANT4,True,-3.201274016552123,77.34268969466049,32,47.84,10.71543550784984,/srv/bulk/samteway/lab-data/tracking-fast-timing-20260903-v6/captures/fast-200us-5810000000-tx1-20260903T213106.890416Z/run.json
200,5810000000,TX1,ANT8,True,0.4131513100514836,116.2576266205615,32,47.84,7.456181348620213,/srv/bulk/samteway/lab-data/tracking-fast-timing-20260903-v6/captures/fast-200us-5810000000-tx1-20260903T213106.890416Z/run.json
200,5810000000,TX1,ANT7,True,0.47821642780839024,114.7884938754276,32,47.84,6.043617803805295,/srv/bulk/samteway/lab-data/tracking-fast-timing-20260903-v6/captures/fast-200us-5810000000-tx1-20260903T213106.890416Z/run.json
200,5810000000,TX1,ANT5,True,-2.9161434827189,71.87623368229632,32,47.84,8.953315425488077,/srv/bulk/samteway/lab-data/tracking-fast-timing-20260903-v6/captures/fast-200us-5810000000-tx1-20260903T213106.890416Z/run.json
200,5810000000,TX2,ANT1,True,8.912630563958203,300.4261010647726,2,2.988,10.352529654206135,/srv/bulk/samteway/lab-data/tracking-fast-timing-20260903-v6/captures/fast-200us-5810000000-tx2-20260903T213119.950040Z/run.json
200,5810000000,TX2,ANT2,False,-10.671664163638228,30.352866074100394,2,2.988,80.57966279192416,/srv/bulk/samteway/lab-data/tracking-fast-timing-20260903-v6/captures/fast-200us-5810000000-tx2-20260903T213119.950040Z/run.json
200,5810000000,TX2,ANT4,False,-10.25604595207616,32.31411002424459,2,2.988,78.75684233732865,/srv/bulk/samteway/lab-data/tracking-fast-timing-20260903-v6/captures/fast-200us-5810000000-tx2-20260903T213119.950040Z/run.json
200,5810000000,TX2,ANT8,True,14.671627517204842,586.70571461561,2,2.988,5.198655386520472,/srv/bulk/samteway/lab-data/tracking-fast-timing-20260903-v6/captures/fast-200us-5810000000-tx2-20260903T213119.950040Z/run.json
200,5810000000,TX2,ANT7,True,10.14677036483701,334.4363655090326,2,2.988,9.032920980482363,/srv/bulk/samteway/lab-data/tracking-fast-timing-20260903-v6/captures/fast-200us-5810000000-tx2-20260903T213119.950040Z/run.json
200,5810000000,TX2,ANT5,True,9.947615847861233,325.9518342954674,2,2.988,9.468397351376266,/srv/bulk/samteway/lab-data/tracking-fast-timing-20260903-v6/captures/fast-200us-5810000000-tx2-20260903T213119.950040Z/run.json
200,5811000000,TX1,ANT1,True,-7.858107146919364,46.11346866004473,16,23.904,22.15889587650303,/srv/bulk/samteway/lab-data/tracking-fast-timing-20260903-v6/captures/fast-200us-5811000000-tx1-20260903T213133.733492Z/run.json
200,5811000000,TX1,ANT2,True,5.442767366460782,185.84576574715086,16,23.904,5.124611583225883,/srv/bulk/samteway/lab-data/tracking-fast-timing-20260903-v6/captures/fast-200us-5811000000-tx1-20260903T213133.733492Z/run.json
200,5811000000,TX1,ANT4,True,-1.9036961006023954,78.20557134088244,16,23.904,11.865546150017723,/srv/bulk/samteway/lab-data/tracking-fast-timing-20260903-v6/captures/fast-200us-5811000000-tx1-20260903T213133.733492Z/run.json
200,5811000000,TX1,ANT8,True,1.7205018453795715,119.49091560753352,16,23.904,8.060252373327987,/srv/bulk/samteway/lab-data/tracking-fast-timing-20260903-v6/captures/fast-200us-5811000000-tx1-20260903T213133.733492Z/run.json
200,5811000000,TX1,ANT7,True,1.7972324820983856,121.59678433991628,16,23.904,7.4609339883609715,/srv/bulk/samteway/lab-data/tracking-fast-timing-20260903-v6/captures/fast-200us-5811000000-tx1-20260903T213133.733492Z/run.json
200,5811000000,TX1,ANT5,True,-3.0383807073905027,69.31113781486668,16,23.904,12.669820397261207,/srv/bulk/samteway/lab-data/tracking-fast-timing-20260903-v6/captures/fast-200us-5811000000-tx1-20260903T213133.733492Z/run.json
200,5811000000,TX2,ANT1,True,8.939797849510763,294.3685645826208,2,2.99,10.635602673840035,/srv/bulk/samteway/lab-data/tracking-fast-timing-20260903-v6/captures/fast-200us-5811000000-tx2-20260903T213146.542985Z/run.json
200,5811000000,TX2,ANT2,False,-10.77167889119776,29.315102859038,2,2.99,80.85825305884973,/srv/bulk/samteway/lab-data/tracking-fast-timing-20260903-v6/captures/fast-200us-5811000000-tx2-20260903T213146.542985Z/run.json
200,5811000000,TX2,ANT4,False,-12.375632796181621,23.87569261978292,2,2.99,84.29256651163298,/srv/bulk/samteway/lab-data/tracking-fast-timing-20260903-v6/captures/fast-200us-5811000000-tx2-20260903T213146.542985Z/run.json
200,5811000000,TX2,ANT8,True,14.837972864830054,585.579295706706,2,2.99,5.270284525376666,/srv/bulk/samteway/lab-data/tracking-fast-timing-20260903-v6/captures/fast-200us-5811000000-tx2-20260903T213146.542985Z/run.json
200,5811000000,TX2,ANT7,True,10.33450609465846,332.01158858660534,2,2.99,9.304536671852901,/srv/bulk/samteway/lab-data/tracking-fast-timing-20260903-v6/captures/fast-200us-5811000000-tx2-20260903T213146.542985Z/run.json
200,5811000000,TX2,ANT5,True,9.975670665699358,322.57033931839305,2,2.99,9.574811342687317,/srv/bulk/samteway/lab-data/tracking-fast-timing-20260903-v6/captures/fast-200us-5811000000-tx2-20260903T213146.542985Z/run.json
200,5812000000,TX1,ANT1,True,-6.205567898634611,58.05006268423597,256,382.464,18.32650036962332,/srv/bulk/samteway/lab-data/tracking-fast-timing-20260903-v6/captures/fast-200us-5812000000-tx1-20260903T213200.599821Z/run.json
200,5812000000,TX1,ANT2,True,2.9626985174082225,160.9329171532459,256,382.464,7.147439825720487,/srv/bulk/samteway/lab-data/tracking-fast-timing-20260903-v6/captures/fast-200us-5812000000-tx1-20260903T213200.599821Z/run.json
200,5812000000,TX1,ANT4,True,-2.710868268710937,79.85742325710967,256,382.464,10.961635490481918,/srv/bulk/samteway/lab-data/tracking-fast-timing-20260903-v6/captures/fast-200us-5812000000-tx1-20260903T213200.599821Z/run.json
200,5812000000,TX1,ANT8,True,-0.01227242330179591,108.14335502163675,256,382.464,10.581880200646768,/srv/bulk/samteway/lab-data/tracking-fast-timing-20260903-v6/captures/fast-200us-5812000000-tx1-20260903T213200.599821Z/run.json
200,5812000000,TX1,ANT7,True,0.3829243206992885,112.66281671811653,256,382.464,6.499747530655756,/srv/bulk/samteway/lab-data/tracking-fast-timing-20260903-v6/captures/fast-200us-5812000000-tx1-20260903T213200.599821Z/run.json
200,5812000000,TX1,ANT5,True,-3.4652215805275093,68.17098793894803,256,382.464,7.071019760908146,/srv/bulk/samteway/lab-data/tracking-fast-timing-20260903-v6/captures/fast-200us-5812000000-tx1-20260903T213200.599821Z/run.json
200,5812000000,TX2,ANT1,True,9.227269076799027,306.09336638552696,2,2.988,10.201781070972766,/srv/bulk/samteway/lab-data/tracking-fast-timing-20260903-v6/captures/fast-200us-5812000000-tx2-20260903T213212.908521Z/run.json
200,5812000000,TX2,ANT2,False,-10.217965394835339,31.633775719308552,2,2.988,78.04481278480615,/srv/bulk/samteway/lab-data/tracking-fast-timing-20260903-v6/captures/fast-200us-5812000000-tx2-20260903T213212.908521Z/run.json
200,5812000000,TX2,ANT4,False,-13.386757356565266,21.99139874221312,2,2.988,88.48905706290468,/srv/bulk/samteway/lab-data/tracking-fast-timing-20260903-v6/captures/fast-200us-5812000000-tx2-20260903T213212.908521Z/run.json
200,5812000000,TX2,ANT8,True,15.105823997585166,609.4234114843655,2,2.988,4.86231512763462,/srv/bulk/samteway/lab-data/tracking-fast-timing-20260903-v6/captures/fast-200us-5812000000-tx2-20260903T213212.908521Z/run.json
200,5812000000,TX2,ANT7,True,10.806811952103692,352.75457403050734,2,2.988,8.391189809888452,/srv/bulk/samteway/lab-data/tracking-fast-timing-20260903-v6/captures/fast-200us-5812000000-tx2-20260903T213212.908521Z/run.json
200,5812000000,TX2,ANT5,True,10.134481932827589,330.8748894509942,2,2.988,8.915797130819703,/srv/bulk/samteway/lab-data/tracking-fast-timing-20260903-v6/captures/fast-200us-5812000000-tx2-20260903T213212.908521Z/run.json
200,5813000000,TX1,ANT1,True,-5.721515639029083,57.21561140948881,16,23.92,18.822467000950756,/srv/bulk/samteway/lab-data/tracking-fast-timing-20260903-v6/captures/fast-200us-5813000000-tx1-20260903T213226.965143Z/run.json
200,5813000000,TX1,ANT2,True,4.698939782803708,180.99474978319031,16,23.92,4.852602601902904,/srv/bulk/samteway/lab-data/tracking-fast-timing-20260903-v6/captures/fast-200us-5813000000-tx1-20260903T213226.965143Z/run.json
200,5813000000,TX1,ANT4,True,-2.5774873386079156,77.00010948726724,16,23.92,12.6425719085516,/srv/bulk/samteway/lab-data/tracking-fast-timing-20260903-v6/captures/fast-200us-5813000000-tx1-20260903T213226.965143Z/run.json
200,5813000000,TX1,ANT8,True,1.0088717811115226,114.6319681652178,16,23.92,8.165134286767431,/srv/bulk/samteway/lab-data/tracking-fast-timing-20260903-v6/captures/fast-200us-5813000000-tx1-20260903T213226.965143Z/run.json
200,5813000000,TX1,ANT7,True,1.471513817888833,121.04682373169926,16,23.92,7.965369664267086,/srv/bulk/samteway/lab-data/tracking-fast-timing-20260903-v6/captures/fast-200us-5813000000-tx1-20260903T213226.965143Z/run.json
200,5813000000,TX1,ANT5,True,-3.2077514809118894,67.76646377449127,16,23.92,13.32304037256981,/srv/bulk/samteway/lab-data/tracking-fast-timing-20260903-v6/captures/fast-200us-5813000000-tx1-20260903T213226.965143Z/run.json
200,5813000000,TX2,ANT1,True,9.41122504880845,300.35480441219573,2,2.99,10.158561751873767,/srv/bulk/samteway/lab-data/tracking-fast-timing-20260903-v6/captures/fast-200us-5813000000-tx2-20260903T213239.555567Z/run.json
200,5813000000,TX2,ANT2,False,-10.223213532897478,29.788793493722324,2,2.99,78.94789716295979,/srv/bulk/samteway/lab-data/tracking-fast-timing-20260903-v6/captures/fast-200us-5813000000-tx2-20260903T213239.555567Z/run.json
200,5813000000,TX2,ANT4,False,-12.884177077857476,22.25862111036105,2,2.99,84.30665722804595,/srv/bulk/samteway/lab-data/tracking-fast-timing-20260903-v6/captures/fast-200us-5813000000-tx2-20260903T213239.555567Z/run.json
200,5813000000,TX2,ANT8,True,15.489349422632321,610.3640170941686,2,2.99,4.690882054836034,/srv/bulk/samteway/lab-data/tracking-fast-timing-20260903-v6/captures/fast-200us-5813000000-tx2-20260903T213239.555567Z/run.json
200,5813000000,TX2,ANT7,True,11.030385338431103,347.06966669306775,2,2.99,8.50175429537105,/srv/bulk/samteway/lab-data/tracking-fast-timing-20260903-v6/captures/fast-200us-5813000000-tx2-20260903T213239.555567Z/run.json
200,5813000000,TX2,ANT5,True,10.3265447778346,326.2562638601024,2,2.99,9.286637430719109,/srv/bulk/samteway/lab-data/tracking-fast-timing-20260903-v6/captures/fast-200us-5813000000-tx2-20260903T213239.555567Z/run.json
200,5814000000,TX1,ANT1,True,-4.550359916997278,62.67872475007732,16,23.92,15.649253975863864,/srv/bulk/samteway/lab-data/tracking-fast-timing-20260903-v6/captures/fast-200us-5814000000-tx1-20260903T213253.236153Z/run.json
200,5814000000,TX1,ANT2,True,5.572116634107013,186.8054720397851,16,23.92,5.209351415090827,/srv/bulk/samteway/lab-data/tracking-fast-timing-20260903-v6/captures/fast-200us-5814000000-tx1-20260903T213253.236153Z/run.json
200,5814000000,TX1,ANT4,True,-1.5643935228695771,82.7062497244302,16,23.92,10.924346569921752,/srv/bulk/samteway/lab-data/tracking-fast-timing-20260903-v6/captures/fast-200us-5814000000-tx1-20260903T213253.236153Z/run.json
200,5814000000,TX1,ANT8,True,1.346480117031906,113.83302915735307,16,23.92,7.479565052810071,/srv/bulk/samteway/lab-data/tracking-fast-timing-20260903-v6/captures/fast-200us-5814000000-tx1-20260903T213253.236153Z/run.json
200,5814000000,TX1,ANT7,True,2.5706705497472964,131.9457421925387,16,23.92,7.366061042870205,/srv/bulk/samteway/lab-data/tracking-fast-timing-20260903-v6/captures/fast-200us-5814000000-tx1-20260903T213253.236153Z/run.json
200,5814000000,TX1,ANT5,True,-3.2413125531156717,66.93729931923932,16,23.92,13.542758386382898,/srv/bulk/samteway/lab-data/tracking-fast-timing-20260903-v6/captures/fast-200us-5814000000-tx1-20260903T213253.236153Z/run.json
200,5814000000,TX2,ANT1,True,7.695245027394735,280.5682519906779,4,5.976,7.25089450125848,/srv/bulk/samteway/lab-data/tracking-fast-timing-20260903-v6/captures/fast-200us-5814000000-tx2-20260903T213305.835210Z/run.json
200,5814000000,TX2,ANT2,False,-9.753949994294798,33.450459327744476,4,5.976,64.24553468617356,/srv/bulk/samteway/lab-data/tracking-fast-timing-20260903-v6/captures/fast-200us-5814000000-tx2-20260903T213305.835210Z/run.json
200,5814000000,TX2,ANT4,False,-13.468714091649796,23.467079376715592,4,5.976,77.57052551542115,/srv/bulk/samteway/lab-data/tracking-fast-timing-20260903-v6/captures/fast-200us-5814000000-tx2-20260903T213305.835210Z/run.json
200,5814000000,TX2,ANT8,True,12.58965008599954,581.0686153013878,4,5.976,4.994235857805482,/srv/bulk/samteway/lab-data/tracking-fast-timing-20260903-v6/captures/fast-200us-5814000000-tx2-20260903T213305.835210Z/run.json
200,5814000000,TX2,ANT7,True,9.213466109213094,337.33389334569847,4,5.976,10.269984072537376,/srv/bulk/samteway/lab-data/tracking-fast-timing-20260903-v6/captures/fast-200us-5814000000-tx2-20260903T213305.835210Z/run.json
200,5814000000,TX2,ANT5,True,9.434294660791032,315.12919931855146,4,5.976,7.135727882387028,/srv/bulk/samteway/lab-data/tracking-fast-timing-20260903-v6/captures/fast-200us-5814000000-tx2-20260903T213305.835210Z/run.json
200,5815000000,TX1,ANT1,True,-5.06808821250635,54.1000153495018,64,95.616,11.788554927558813,/srv/bulk/samteway/lab-data/tracking-fast-timing-20260903-v6/captures/fast-200us-5815000000-tx1-20260903T213319.665017Z/run.json
200,5815000000,TX1,ANT2,True,-4.880277313365818,65.72493368220783,64,95.616,11.73780380323228,/srv/bulk/samteway/lab-data/tracking-fast-timing-20260903-v6/captures/fast-200us-5815000000-tx1-20260903T213319.665017Z/run.json
200,5815000000,TX1,ANT4,True,2.523301998649277,154.2808548469782,64,95.616,6.343279999654033,/srv/bulk/samteway/lab-data/tracking-fast-timing-20260903-v6/captures/fast-200us-5815000000-tx1-20260903T213319.665017Z/run.json
200,5815000000,TX1,ANT8,True,-2.280251337449379,86.08370001691195,64,95.616,12.230916174850716,/srv/bulk/samteway/lab-data/tracking-fast-timing-20260903-v6/captures/fast-200us-5815000000-tx1-20260903T213319.665017Z/run.json
200,5815000000,TX1,ANT7,True,-0.711435251037573,101.69839094326186,64,95.616,7.689004967202399,/srv/bulk/samteway/lab-data/tracking-fast-timing-20260903-v6/captures/fast-200us-5815000000-tx1-20260903T213319.665017Z/run.json
200,5815000000,TX1,ANT5,True,0.3750799999889607,118.06409486915149,64,95.616,9.559309154233297,/srv/bulk/samteway/lab-data/tracking-fast-timing-20260903-v6/captures/fast-200us-5815000000-tx1-20260903T213319.665017Z/run.json
200,5815000000,TX2,ANT1,True,8.87214223444482,294.4364013509978,2,2.988,10.492645541562835,/srv/bulk/samteway/lab-data/tracking-fast-timing-20260903-v6/captures/fast-200us-5815000000-tx2-20260903T213332.093821Z/run.json
200,5815000000,TX2,ANT2,False,-10.700331420880138,29.18115890660694,2,2.988,82.11615547562327,/srv/bulk/samteway/lab-data/tracking-fast-timing-20260903-v6/captures/fast-200us-5815000000-tx2-20260903T213332.093821Z/run.json
200,5815000000,TX2,ANT4,False,-14.443535279603278,18.87707200958114,2,2.988,89.62411229868003,/srv/bulk/samteway/lab-data/tracking-fast-timing-20260903-v6/captures/fast-200us-5815000000-tx2-20260903T213332.093821Z/run.json
200,5815000000,TX2,ANT8,True,14.947122216383386,608.4140426164611,2,2.988,4.851640875058279,/srv/bulk/samteway/lab-data/tracking-fast-timing-20260903-v6/captures/fast-200us-5815000000-tx2-20260903T213332.093821Z/run.json
200,5815000000,TX2,ANT7,True,11.054032341133153,355.0350281722803,2,2.988,8.257105924003316,/srv/bulk/samteway/lab-data/tracking-fast-timing-20260903-v6/captures/fast-200us-5815000000-tx2-20260903T213332.093821Z/run.json
200,5815000000,TX2,ANT5,True,10.181792303166555,318.1307843460435,2,2.988,8.80375961698654,/srv/bulk/samteway/lab-data/tracking-fast-timing-20260903-v6/captures/fast-200us-5815000000-tx2-20260903T213332.093821Z/run.json
200,5816000000,TX1,ANT1,True,-3.538971372996694,71.27648435382038,16,23.92,12.583086000782707,/srv/bulk/samteway/lab-data/tracking-fast-timing-20260903-v6/captures/fast-200us-5816000000-tx1-20260903T213345.870161Z/run.json
200,5816000000,TX1,ANT2,True,5.243424458033759,181.74426877365914,16,23.92,5.2784416378685,/srv/bulk/samteway/lab-data/tracking-fast-timing-20260903-v6/captures/fast-200us-5816000000-tx1-20260903T213345.870161Z/run.json
200,5816000000,TX1,ANT4,True,-1.1581698023405076,87.22104408038645,16,23.92,10.944697927098442,/srv/bulk/samteway/lab-data/tracking-fast-timing-20260903-v6/captures/fast-200us-5816000000-tx1-20260903T213345.870161Z/run.json
200,5816000000,TX1,ANT8,True,0.8015929425369984,109.45283282459043,16,23.92,8.891047741080452,/srv/bulk/samteway/lab-data/tracking-fast-timing-20260903-v6/captures/fast-200us-5816000000-tx1-20260903T213345.870161Z/run.json
200,5816000000,TX1,ANT7,True,2.469598867124413,133.70434500470722,16,23.92,6.846380710182791,/srv/bulk/samteway/lab-data/tracking-fast-timing-20260903-v6/captures/fast-200us-5816000000-tx1-20260903T213345.870161Z/run.json
200,5816000000,TX1,ANT5,True,-4.00135425305495,62.69292718538668,16,23.92,17.068672711696376,/srv/bulk/samteway/lab-data/tracking-fast-timing-20260903-v6/captures/fast-200us-5816000000-tx1-20260903T213345.870161Z/run.json
200,5816000000,TX2,ANT1,True,8.07611842904159,281.33733811969654,2,2.988,11.829957719102623,/srv/bulk/samteway/lab-data/tracking-fast-timing-20260903-v6/captures/fast-200us-5816000000-tx2-20260903T213358.270434Z/run.json
200,5816000000,TX2,ANT2,False,-9.63270848856075,34.393075330678315,2,2.988,77.26591302800261,/srv/bulk/samteway/lab-data/tracking-fast-timing-20260903-v6/captures/fast-200us-5816000000-tx2-20260903T213358.270434Z/run.json
200,5816000000,TX2,ANT4,False,-15.318684884242654,18.76276915902676,2,2.988,89.59621757806757,/srv/bulk/samteway/lab-data/tracking-fast-timing-20260903-v6/captures/fast-200us-5816000000-tx2-20260903T213358.270434Z/run.json
200,5816000000,TX2,ANT8,True,13.073245184717095,591.0953533222507,2,2.988,6.41314232360741,/srv/bulk/samteway/lab-data/tracking-fast-timing-20260903-v6/captures/fast-200us-5816000000-tx2-20260903T213358.270434Z/run.json
200,5816000000,TX2,ANT7,True,9.559513384715988,346.1099286176998,2,2.988,11.758519011744516,/srv/bulk/samteway/lab-data/tracking-fast-timing-20260903-v6/captures/fast-200us-5816000000-tx2-20260903T213358.270434Z/run.json
200,5816000000,TX2,ANT5,True,9.822268043989288,314.74982328051624,2,2.988,9.607991896178552,/srv/bulk/samteway/lab-data/tracking-fast-timing-20260903-v6/captures/fast-200us-5816000000-tx2-20260903T213358.270434Z/run.json
200,5817000000,TX1,ANT1,True,-2.8743592610503566,76.27711577090027,16,23.92,12.818720095853468,/srv/bulk/samteway/lab-data/tracking-fast-timing-20260903-v6/captures/fast-200us-5817000000-tx1-20260903T213412.197190Z/run.json
200,5817000000,TX1,ANT2,True,5.4453752353199905,182.73040483860686,16,23.92,4.935430494078554,/srv/bulk/samteway/lab-data/tracking-fast-timing-20260903-v6/captures/fast-200us-5817000000-tx1-20260903T213412.197190Z/run.json
200,5817000000,TX1,ANT4,True,-1.0800506450196625,87.31212733408627,16,23.92,9.794949139388281,/srv/bulk/samteway/lab-data/tracking-fast-timing-20260903-v6/captures/fast-200us-5817000000-tx1-20260903T213412.197190Z/run.json
200,5817000000,TX1,ANT8,True,0.6063174188083355,108.1156252377458,16,23.92,8.416242249105348,/srv/bulk/samteway/lab-data/tracking-fast-timing-20260903-v6/captures/fast-200us-5817000000-tx1-20260903T213412.197190Z/run.json
200,5817000000,TX1,ANT7,True,2.8683491068125653,138.46797583284228,16,23.92,6.7911625503007,/srv/bulk/samteway/lab-data/tracking-fast-timing-20260903-v6/captures/fast-200us-5817000000-tx1-20260903T213412.197190Z/run.json
200,5817000000,TX1,ANT5,True,-4.769154733436205,57.14035046158043,16,23.92,16.763995270702083,/srv/bulk/samteway/lab-data/tracking-fast-timing-20260903-v6/captures/fast-200us-5817000000-tx1-20260903T213412.197190Z/run.json
200,5817000000,TX2,ANT1,True,8.352787831321994,281.53600409756234,2,2.988,11.124575703771505,/srv/bulk/samteway/lab-data/tracking-fast-timing-20260903-v6/captures/fast-200us-5817000000-tx2-20260903T213424.815716Z/run.json
200,5817000000,TX2,ANT2,False,-9.74986015939405,32.550684504548826,2,2.988,77.63526875998537,/srv/bulk/samteway/lab-data/tracking-fast-timing-20260903-v6/captures/fast-200us-5817000000-tx2-20260903T213424.815716Z/run.json
200,5817000000,TX2,ANT4,False,-18.172371236177312,12.510639071842242,2,2.988,93.06275189308205,/srv/bulk/samteway/lab-data/tracking-fast-timing-20260903-v6/captures/fast-200us-5817000000-tx2-20260903T213424.815716Z/run.json
200,5817000000,TX2,ANT8,True,14.000084085973917,602.940734273125,2,2.988,5.201990475213014,/srv/bulk/samteway/lab-data/tracking-fast-timing-20260903-v6/captures/fast-200us-5817000000-tx2-20260903T213424.815716Z/run.json
200,5817000000,TX2,ANT7,True,10.383258408389109,350.9167614676142,2,2.988,9.32879515995071,/srv/bulk/samteway/lab-data/tracking-fast-timing-20260903-v6/captures/fast-200us-5817000000-tx2-20260903T213424.815716Z/run.json
200,5817000000,TX2,ANT5,True,10.051120837677166,311.88564525117533,2,2.988,9.40374961056195,/srv/bulk/samteway/lab-data/tracking-fast-timing-20260903-v6/captures/fast-200us-5817000000-tx2-20260903T213424.815716Z/run.json
200,5818000000,TX1,ANT1,True,-2.796549170690699,78.31691300271413,16,23.904,11.479582601725607,/srv/bulk/samteway/lab-data/tracking-fast-timing-20260903-v6/captures/fast-200us-5818000000-tx1-20260903T213438.718861Z/run.json
200,5818000000,TX1,ANT2,True,5.3823234992136495,177.72506445914465,16,23.904,4.841191276798401,/srv/bulk/samteway/lab-data/tracking-fast-timing-20260903-v6/captures/fast-200us-5818000000-tx1-20260903T213438.718861Z/run.json
200,5818000000,TX1,ANT4,True,-1.0232250944863317,84.4894413784014,16,23.904,9.698794165445761,/srv/bulk/samteway/lab-data/tracking-fast-timing-20260903-v6/captures/fast-200us-5818000000-tx1-20260903T213438.718861Z/run.json
200,5818000000,TX1,ANT8,True,0.4362685064555067,101.08837399317805,16,23.904,9.795262417630688,/srv/bulk/samteway/lab-data/tracking-fast-timing-20260903-v6/captures/fast-200us-5818000000-tx1-20260903T213438.718861Z/run.json
200,5818000000,TX1,ANT7,True,3.203224960551841,140.21776229775722,16,23.904,6.388778197875286,/srv/bulk/samteway/lab-data/tracking-fast-timing-20260903-v6/captures/fast-200us-5818000000-tx1-20260903T213438.718861Z/run.json
200,5818000000,TX1,ANT5,True,-4.745661586915964,55.924897638031766,16,23.904,15.756321018385737,/srv/bulk/samteway/lab-data/tracking-fast-timing-20260903-v6/captures/fast-200us-5818000000-tx1-20260903T213438.718861Z/run.json
200,5818000000,TX2,ANT1,True,9.508605062484271,302.0443026809785,2,2.988,9.79201437778358,/srv/bulk/samteway/lab-data/tracking-fast-timing-20260903-v6/captures/fast-200us-5818000000-tx2-20260903T213451.853483Z/run.json
200,5818000000,TX2,ANT2,False,-8.730750856219975,35.60520820817746,2,2.988,73.88168537833148,/srv/bulk/samteway/lab-data/tracking-fast-timing-20260903-v6/captures/fast-200us-5818000000-tx2-20260903T213451.853483Z/run.json
200,5818000000,TX2,ANT4,False,-17.73625730916478,12.978484817739803,2,2.988,92.53450226139238,/srv/bulk/samteway/lab-data/tracking-fast-timing-20260903-v6/captures/fast-200us-5818000000-tx2-20260903T213451.853483Z/run.json
200,5818000000,TX2,ANT8,True,15.998499926743563,653.0402610818937,2,2.988,4.342071105466692,/srv/bulk/samteway/lab-data/tracking-fast-timing-20260903-v6/captures/fast-200us-5818000000-tx2-20260903T213451.853483Z/run.json
200,5818000000,TX2,ANT7,True,11.695875104783022,376.3423243754093,2,2.988,7.283045045039137,/srv/bulk/samteway/lab-data/tracking-fast-timing-20260903-v6/captures/fast-200us-5818000000-tx2-20260903T213451.853483Z/run.json
200,5818000000,TX2,ANT5,True,10.357376620794644,325.00151521772676,2,2.988,9.10171165378643,/srv/bulk/samteway/lab-data/tracking-fast-timing-20260903-v6/captures/fast-200us-5818000000-tx2-20260903T213451.853483Z/run.json
200,5819000000,TX1,ANT1,True,-2.8640037658009847,79.45808031350393,16,23.904,12.145933598017958,/srv/bulk/samteway/lab-data/tracking-fast-timing-20260903-v6/captures/fast-200us-5819000000-tx1-20260903T213505.749411Z/run.json
200,5819000000,TX1,ANT2,True,4.725893402792838,173.70511319529976,16,23.904,4.905077497828058,/srv/bulk/samteway/lab-data/tracking-fast-timing-20260903-v6/captures/fast-200us-5819000000-tx1-20260903T213505.749411Z/run.json
200,5819000000,TX1,ANT4,True,-1.1465974933606933,88.31048378882682,16,23.904,11.8260982846341,/srv/bulk/samteway/lab-data/tracking-fast-timing-20260903-v6/captures/fast-200us-5819000000-tx1-20260903T213505.749411Z/run.json
200,5819000000,TX1,ANT8,True,-0.18750040293503803,97.78477103793092,16,23.904,9.488161691236563,/srv/bulk/samteway/lab-data/tracking-fast-timing-20260903-v6/captures/fast-200us-5819000000-tx1-20260903T213505.749411Z/run.json
200,5819000000,TX1,ANT7,True,2.9161212717649807,142.03058867071533,16,23.904,6.549773391079572,/srv/bulk/samteway/lab-data/tracking-fast-timing-20260903-v6/captures/fast-200us-5819000000-tx1-20260903T213505.749411Z/run.json
200,5819000000,TX1,ANT5,True,-5.109657246499932,54.267507781143394,16,23.904,19.163758198239076,/srv/bulk/samteway/lab-data/tracking-fast-timing-20260903-v6/captures/fast-200us-5819000000-tx1-20260903T213505.749411Z/run.json
200,5819000000,TX2,ANT1,True,9.566639082331601,303.8111871779279,2,2.99,9.732465259933806,/srv/bulk/samteway/lab-data/tracking-fast-timing-20260903-v6/captures/fast-200us-5819000000-tx2-20260903T213518.420200Z/run.json
200,5819000000,TX2,ANT2,False,-7.699001318794998,38.7416676161436,2,2.99,70.64439803171774,/srv/bulk/samteway/lab-data/tracking-fast-timing-20260903-v6/captures/fast-200us-5819000000-tx2-20260903T213518.420200Z/run.json
200,5819000000,TX2,ANT4,False,-15.927743598226915,15.61707787967998,2,2.99,90.83921757051932,/srv/bulk/samteway/lab-data/tracking-fast-timing-20260903-v6/captures/fast-200us-5819000000-tx2-20260903T213518.420200Z/run.json
200,5819000000,TX2,ANT8,True,15.637470082117373,656.0127186840926,2,2.99,4.478587370853934,/srv/bulk/samteway/lab-data/tracking-fast-timing-20260903-v6/captures/fast-200us-5819000000-tx2-20260903T213518.420200Z/run.json
200,5819000000,TX2,ANT7,True,11.6246597039401,377.6591975682303,2,2.99,7.663875267574536,/srv/bulk/samteway/lab-data/tracking-fast-timing-20260903-v6/captures/fast-200us-5819000000-tx2-20260903T213518.420200Z/run.json
200,5819000000,TX2,ANT5,True,10.325886208276875,321.50601900621064,2,2.99,8.950355550727991,/srv/bulk/samteway/lab-data/tracking-fast-timing-20260903-v6/captures/fast-200us-5819000000-tx2-20260903T213518.420200Z/run.json
200,5820000000,TX1,ANT1,True,-2.7024182127558634,78.7796377530056,16,23.904,11.631657297084104,/srv/bulk/samteway/lab-data/tracking-fast-timing-20260903-v6/captures/fast-200us-5820000000-tx1-20260903T213532.474759Z/run.json
200,5820000000,TX1,ANT2,True,4.2354158913380004,163.3264135197897,16,23.904,6.40272425189634,/srv/bulk/samteway/lab-data/tracking-fast-timing-20260903-v6/captures/fast-200us-5820000000-tx1-20260903T213532.474759Z/run.json
200,5820000000,TX1,ANT4,True,-1.2333641483358453,85.54843178000493,16,23.904,13.231116994810735,/srv/bulk/samteway/lab-data/tracking-fast-timing-20260903-v6/captures/fast-200us-5820000000-tx1-20260903T213532.474759Z/run.json
200,5820000000,TX1,ANT8,True,-0.9678980686873694,87.48995703656016,16,23.904,10.626074702720269,/srv/bulk/samteway/lab-data/tracking-fast-timing-20260903-v6/captures/fast-200us-5820000000-tx1-20260903T213532.474759Z/run.json
200,5820000000,TX1,ANT7,True,3.204556111392447,141.22792183357757,16,23.904,7.3064356598131095,/srv/bulk/samteway/lab-data/tracking-fast-timing-20260903-v6/captures/fast-200us-5820000000-tx1-20260903T213532.474759Z/run.json
200,5820000000,TX1,ANT5,True,-5.675576163460533,50.38611004577165,16,23.904,18.051734994530538,/srv/bulk/samteway/lab-data/tracking-fast-timing-20260903-v6/captures/fast-200us-5820000000-tx1-20260903T213532.474759Z/run.json
200,5820000000,TX2,ANT1,True,10.705662410771781,328.31549655116646,1,1.494,12.095385187445503,/srv/bulk/samteway/lab-data/tracking-fast-timing-20260903-v6/captures/fast-200us-5820000000-tx2-20260903T213545.041162Z/run.json
200,5820000000,TX2,ANT2,False,-6.198081504056651,47.11116077055031,1,1.494,75.84084278060183,/srv/bulk/samteway/lab-data/tracking-fast-timing-20260903-v6/captures/fast-200us-5820000000-tx2-20260903T213545.041162Z/run.json
200,5820000000,TX2,ANT4,False,-14.38717424402421,18.78795855257545,1,1.494,93.12506336345137,/srv/bulk/samteway/lab-data/tracking-fast-timing-20260903-v6/captures/fast-200us-5820000000-tx2-20260903T213545.041162Z/run.json
200,5820000000,TX2,ANT8,True,17.374371690979377,707.5066648471467,1,1.494,5.430066639982889,/srv/bulk/samteway/lab-data/tracking-fast-timing-20260903-v6/captures/fast-200us-5820000000-tx2-20260903T213545.041162Z/run.json
200,5820000000,TX2,ANT7,True,12.56589840186497,400.57432455319224,1,1.494,9.649925647691086,/srv/bulk/samteway/lab-data/tracking-fast-timing-20260903-v6/captures/fast-200us-5820000000-tx2-20260903T213545.041162Z/run.json
200,5820000000,TX2,ANT5,True,11.043773162585993,338.45470278629534,1,1.494,11.582936694931917,/srv/bulk/samteway/lab-data/tracking-fast-timing-20260903-v6/captures/fast-200us-5820000000-tx2-20260903T213545.041162Z/run.json
200,5821000000,TX1,ANT1,True,-2.412252155356864,81.01857625775715,16,23.904,11.375284559731142,/srv/bulk/samteway/lab-data/tracking-fast-timing-20260903-v6/captures/fast-200us-5821000000-tx1-20260903T213559.538486Z/run.json
200,5821000000,TX1,ANT2,True,4.330583608885272,164.80731302749103,16,23.904,5.150506664903644,/srv/bulk/samteway/lab-data/tracking-fast-timing-20260903-v6/captures/fast-200us-5821000000-tx1-20260903T213559.538486Z/run.json
200,5821000000,TX1,ANT4,True,-1.1321360793767885,87.38965316784537,16,23.904,12.257427510953079,/srv/bulk/samteway/lab-data/tracking-fast-timing-20260903-v6/captures/fast-200us-5821000000-tx1-20260903T213559.538486Z/run.json
200,5821000000,TX1,ANT8,True,-1.3393793436355594,85.92015155210746,16,23.904,10.187336588976507,/srv/bulk/samteway/lab-data/tracking-fast-timing-20260903-v6/captures/fast-200us-5821000000-tx1-20260903T213559.538486Z/run.json
200,5821000000,TX1,ANT7,True,3.1763254943981645,144.37975310117312,16,23.904,6.729340129628375,/srv/bulk/samteway/lab-data/tracking-fast-timing-20260903-v6/captures/fast-200us-5821000000-tx1-20260903T213559.538486Z/run.json
200,5821000000,TX1,ANT5,True,-6.013122705828304,49.54965664488486,16,23.904,21.101220081523262,/srv/bulk/samteway/lab-data/tracking-fast-timing-20260903-v6/captures/fast-200us-5821000000-tx1-20260903T213559.538486Z/run.json
200,5821000000,TX2,ANT1,True,10.803978636428905,339.6205352180761,1,1.494,11.985283994674292,/srv/bulk/samteway/lab-data/tracking-fast-timing-20260903-v6/captures/fast-200us-5821000000-tx2-20260903T213612.380696Z/run.json
200,5821000000,TX2,ANT2,False,-4.75756038793497,55.996189321056505,1,1.494,70.86544315101166,/srv/bulk/samteway/lab-data/tracking-fast-timing-20260903-v6/captures/fast-200us-5821000000-tx2-20260903T213612.380696Z/run.json
200,5821000000,TX2,ANT4,False,-15.072408727105621,17.008848861841628,1,1.494,93.77399619590615,/srv/bulk/samteway/lab-data/tracking-fast-timing-20260903-v6/captures/fast-200us-5821000000-tx2-20260903T213612.380696Z/run.json
200,5821000000,TX2,ANT8,True,17.324658948108997,732.7885375843204,1,1.494,5.3742330671635585,/srv/bulk/samteway/lab-data/tracking-fast-timing-20260903-v6/captures/fast-200us-5821000000-tx2-20260903T213612.380696Z/run.json
200,5821000000,TX2,ANT7,True,12.620010549768729,412.6304362846436,1,1.494,9.470730300792919,/srv/bulk/samteway/lab-data/tracking-fast-timing-20260903-v6/captures/fast-200us-5821000000-tx2-20260903T213612.380696Z/run.json
200,5821000000,TX2,ANT5,True,10.853126168662492,346.26533373264385,1,1.494,11.803525605094482,/srv/bulk/samteway/lab-data/tracking-fast-timing-20260903-v6/captures/fast-200us-5821000000-tx2-20260903T213612.380696Z/run.json
200,5822000000,TX1,ANT1,True,-2.232850126480113,83.19171368842468,16,23.92,12.010147680487703,/srv/bulk/samteway/lab-data/tracking-fast-timing-20260903-v6/captures/fast-200us-5822000000-tx1-20260903T213626.310173Z/run.json
200,5822000000,TX1,ANT2,True,4.508203344901966,164.63378288703964,16,23.92,4.781525426430087,/srv/bulk/samteway/lab-data/tracking-fast-timing-20260903-v6/captures/fast-200us-5822000000-tx1-20260903T213626.310173Z/run.json
200,5822000000,TX1,ANT4,True,-0.945199555083699,87.7007410843774,16,23.92,9.81975970547318,/srv/bulk/samteway/lab-data/tracking-fast-timing-20260903-v6/captures/fast-200us-5822000000-tx1-20260903T213626.310173Z/run.json
200,5822000000,TX1,ANT8,True,-1.5594494839434776,82.26532800020401,16,23.92,11.15170891600208,/srv/bulk/samteway/lab-data/tracking-fast-timing-20260903-v6/captures/fast-200us-5822000000-tx1-20260903T213626.310173Z/run.json
200,5822000000,TX1,ANT7,True,3.6360009380106026,147.52348132416054,16,23.92,5.3343297124057205,/srv/bulk/samteway/lab-data/tracking-fast-timing-20260903-v6/captures/fast-200us-5822000000-tx1-20260903T213626.310173Z/run.json
200,5822000000,TX1,ANT5,True,-6.665856925223419,44.86806040576727,16,23.92,20.593892889370768,/srv/bulk/samteway/lab-data/tracking-fast-timing-20260903-v6/captures/fast-200us-5822000000-tx1-20260903T213626.310173Z/run.json
200,5822000000,TX2,ANT1,True,9.384822649881652,298.873762207794,2,2.99,10.341972688156163,/srv/bulk/samteway/lab-data/tracking-fast-timing-20260903-v6/captures/fast-200us-5822000000-tx2-20260903T213639.143700Z/run.json
200,5822000000,TX2,ANT2,False,-4.865180603255364,55.15332299487603,2,2.99,59.42849333866505,/srv/bulk/samteway/lab-data/tracking-fast-timing-20260903-v6/captures/fast-200us-5822000000-tx2-20260903T213639.143700Z/run.json
200,5822000000,TX2,ANT4,False,-16.619100440846587,14.398154178100656,2,2.99,91.6295532491782,/srv/bulk/samteway/lab-data/tracking-fast-timing-20260903-v6/captures/fast-200us-5822000000-tx2-20260903T213639.143700Z/run.json
200,5822000000,TX2,ANT8,True,15.51039727371931,659.7408674468378,2,2.99,4.5656732665455575,/srv/bulk/samteway/lab-data/tracking-fast-timing-20260903-v6/captures/fast-200us-5822000000-tx2-20260903T213639.143700Z/run.json
200,5822000000,TX2,ANT7,True,11.215719074065888,372.1502786769086,2,2.99,9.007098313924196,/srv/bulk/samteway/lab-data/tracking-fast-timing-20260903-v6/captures/fast-200us-5822000000-tx2-20260903T213639.143700Z/run.json
200,5822000000,TX2,ANT5,True,10.458391687460363,316.08430491587694,2,2.99,8.987547934701102,/srv/bulk/samteway/lab-data/tracking-fast-timing-20260903-v6/captures/fast-200us-5822000000-tx2-20260903T213639.143700Z/run.json
200,5823000000,TX1,ANT1,True,-2.685234815069948,80.45377413279813,16,23.904,11.87004535095026,/srv/bulk/samteway/lab-data/tracking-fast-timing-20260903-v6/captures/fast-200us-5823000000-tx1-20260903T213653.990338Z/run.json
200,5823000000,TX1,ANT2,True,3.435747517609364,153.68350625113163,16,23.904,6.011703990484103,/srv/bulk/samteway/lab-data/tracking-fast-timing-20260903-v6/captures/fast-200us-5823000000-tx1-20260903T213653.990338Z/run.json
200,5823000000,TX1,ANT4,True,-2.427237783828776,78.29759200534318,16,23.904,11.314019258430232,/srv/bulk/samteway/lab-data/tracking-fast-timing-20260903-v6/captures/fast-200us-5823000000-tx1-20260903T213653.990338Z/run.json
200,5823000000,TX1,ANT8,True,-2.445140194563455,77.56839517690815,16,23.904,13.61763490427518,/srv/bulk/samteway/lab-data/tracking-fast-timing-20260903-v6/captures/fast-200us-5823000000-tx1-20260903T213653.990338Z/run.json
200,5823000000,TX1,ANT7,True,2.5194518377766912,137.1546054027062,16,23.904,6.677158553021612,/srv/bulk/samteway/lab-data/tracking-fast-timing-20260903-v6/captures/fast-200us-5823000000-tx1-20260903T213653.990338Z/run.json
200,5823000000,TX1,ANT5,True,-7.007033557171814,42.500364485300516,16,23.904,24.775956427290076,/srv/bulk/samteway/lab-data/tracking-fast-timing-20260903-v6/captures/fast-200us-5823000000-tx1-20260903T213653.990338Z/run.json
200,5823000000,TX2,ANT1,True,10.97584381183349,342.00295019518796,1,1.494,11.601182071984429,/srv/bulk/samteway/lab-data/tracking-fast-timing-20260903-v6/captures/fast-200us-5823000000-tx2-20260903T213707.478205Z/run.json
200,5823000000,TX2,ANT2,False,-3.0029147377867633,64.98438974721664,1,1.494,65.06672048634204,/srv/bulk/samteway/lab-data/tracking-fast-timing-20260903-v6/captures/fast-200us-5823000000-tx2-20260903T213707.478205Z/run.json
200,5823000000,TX2,ANT4,False,-14.52570732201976,17.341453155502496,1,1.494,92.39560190124604,/srv/bulk/samteway/lab-data/tracking-fast-timing-20260903-v6/captures/fast-200us-5823000000-tx2-20260903T213707.478205Z/run.json
200,5823000000,TX2,ANT8,True,17.651533766910752,741.7062918201708,1,1.494,5.1651109769348365,/srv/bulk/samteway/lab-data/tracking-fast-timing-20260903-v6/captures/fast-200us-5823000000-tx2-20260903T213707.478205Z/run.json
200,5823000000,TX2,ANT7,True,12.848401474836342,411.5480816440625,1,1.494,9.198778269162542,/srv/bulk/samteway/lab-data/tracking-fast-timing-20260903-v6/captures/fast-200us-5823000000-tx2-20260903T213707.478205Z/run.json
200,5823000000,TX2,ANT5,True,11.131831881817988,341.6164824447075,1,1.494,11.699975263759786,/srv/bulk/samteway/lab-data/tracking-fast-timing-20260903-v6/captures/fast-200us-5823000000-tx2-20260903T213707.478205Z/run.json
200,5824000000,TX1,ANT1,True,-2.590648111576546,78.80878791398652,16,23.904,12.18186902007168,/srv/bulk/samteway/lab-data/tracking-fast-timing-20260903-v6/captures/fast-200us-5824000000-tx1-20260903T213721.808280Z/run.json
200,5824000000,TX1,ANT2,True,5.159822486399049,171.04759993918466,16,23.904,4.935321186020515,/srv/bulk/samteway/lab-data/tracking-fast-timing-20260903-v6/captures/fast-200us-5824000000-tx1-20260903T213721.808280Z/run.json
200,5824000000,TX1,ANT4,True,-1.1322964799797335,84.40808275004468,16,23.904,10.351079018809921,/srv/bulk/samteway/lab-data/tracking-fast-timing-20260903-v6/captures/fast-200us-5824000000-tx1-20260903T213721.808280Z/run.json
200,5824000000,TX1,ANT8,True,-1.9021444013859026,76.34620888331666,16,23.904,12.342058650410145,/srv/bulk/samteway/lab-data/tracking-fast-timing-20260903-v6/captures/fast-200us-5824000000-tx1-20260903T213721.808280Z/run.json
200,5824000000,TX1,ANT7,True,4.424744724334235,154.85093590357948,16,23.904,5.404057284446417,/srv/bulk/samteway/lab-data/tracking-fast-timing-20260903-v6/captures/fast-200us-5824000000-tx1-20260903T213721.808280Z/run.json
200,5824000000,TX1,ANT5,True,-7.950426902978984,37.885379833784484,16,23.904,24.90036140602095,/srv/bulk/samteway/lab-data/tracking-fast-timing-20260903-v6/captures/fast-200us-5824000000-tx1-20260903T213721.808280Z/run.json
200,5824000000,TX2,ANT1,True,9.371157947442219,310.36540524087536,2,2.988,9.800275333165896,/srv/bulk/samteway/lab-data/tracking-fast-timing-20260903-v6/captures/fast-200us-5824000000-tx2-20260903T213734.973813Z/run.json
200,5824000000,TX2,ANT2,True,-3.3124344511979924,68.71847856172013,2,2.988,51.721960897110804,/srv/bulk/samteway/lab-data/tracking-fast-timing-20260903-v6/captures/fast-200us-5824000000-tx2-20260903T213734.973813Z/run.json
200,5824000000,TX2,ANT4,False,-19.68338858131738,10.484505224316926,2,2.988,94.50091310557535,/srv/bulk/samteway/lab-data/tracking-fast-timing-20260903-v6/captures/fast-200us-5824000000-tx2-20260903T213734.973813Z/run.json
200,5824000000,TX2,ANT8,True,15.244122680383835,680.5772556176807,2,2.988,4.559848488614102,/srv/bulk/samteway/lab-data/tracking-fast-timing-20260903-v6/captures/fast-200us-5824000000-tx2-20260903T213734.973813Z/run.json
200,5824000000,TX2,ANT7,True,11.08916892916949,379.968351109525,2,2.988,8.668669824690937,/srv/bulk/samteway/lab-data/tracking-fast-timing-20260903-v6/captures/fast-200us-5824000000-tx2-20260903T213734.973813Z/run.json
200,5824000000,TX2,ANT5,True,10.424016999548265,319.1081610670758,2,2.988,8.400374297841163,/srv/bulk/samteway/lab-data/tracking-fast-timing-20260903-v6/captures/fast-200us-5824000000-tx2-20260903T213734.973813Z/run.json
200,5825000000,TX1,ANT1,True,-2.710812535998725,73.61606398896431,16,23.904,11.912418696704291,/srv/bulk/samteway/lab-data/tracking-fast-timing-20260903-v6/captures/fast-200us-5825000000-tx1-20260903T213749.430667Z/run.json
200,5825000000,TX1,ANT2,True,4.8639178422820315,159.03368715504538,16,23.904,5.425915952544147,/srv/bulk/samteway/lab-data/tracking-fast-timing-20260903-v6/captures/fast-200us-5825000000-tx1-20260903T213749.430667Z/run.json
200,5825000000,TX1,ANT4,True,-1.3701746696922799,79.05709383045662,16,23.904,11.798746747766652,/srv/bulk/samteway/lab-data/tracking-fast-timing-20260903-v6/captures/fast-200us-5825000000-tx1-20260903T213749.430667Z/run.json
200,5825000000,TX1,ANT8,True,-2.2122546702518857,71.25944084004618,16,23.904,11.707800053035204,/srv/bulk/samteway/lab-data/tracking-fast-timing-20260903-v6/captures/fast-200us-5825000000-tx1-20260903T213749.430667Z/run.json
200,5825000000,TX1,ANT7,True,3.8843961323083476,145.579873002681,16,23.904,6.000024319503815,/srv/bulk/samteway/lab-data/tracking-fast-timing-20260903-v6/captures/fast-200us-5825000000-tx1-20260903T213749.430667Z/run.json
200,5825000000,TX1,ANT5,True,-7.735185408591949,37.219878526056,16,23.904,25.513939648853793,/srv/bulk/samteway/lab-data/tracking-fast-timing-20260903-v6/captures/fast-200us-5825000000-tx1-20260903T213749.430667Z/run.json
200,5825000000,TX2,ANT1,True,9.89603287002212,326.5619451064125,2,2.988,9.188054224188328,/srv/bulk/samteway/lab-data/tracking-fast-timing-20260903-v6/captures/fast-200us-5825000000-tx2-20260903T213802.440696Z/run.json
200,5825000000,TX2,ANT2,True,-1.8732905506693762,76.5089037690537,2,2.988,45.21379274455365,/srv/bulk/samteway/lab-data/tracking-fast-timing-20260903-v6/captures/fast-200us-5825000000-tx2-20260903T213802.440696Z/run.json
200,5825000000,TX2,ANT4,False,-17.03144971883671,14.408693283482448,2,2.988,91.76990058709933,/srv/bulk/samteway/lab-data/tracking-fast-timing-20260903-v6/captures/fast-200us-5825000000-tx2-20260903T213802.440696Z/run.json
200,5825000000,TX2,ANT8,True,14.749687099895418,700.7278707021907,2,2.988,4.607800235276922,/srv/bulk/samteway/lab-data/tracking-fast-timing-20260903-v6/captures/fast-200us-5825000000-tx2-20260903T213802.440696Z/run.json
200,5825000000,TX2,ANT7,True,12.010585791484697,396.5393415900224,2,2.988,7.292939999353308,/srv/bulk/samteway/lab-data/tracking-fast-timing-20260903-v6/captures/fast-200us-5825000000-tx2-20260903T213802.440696Z/run.json
200,5825000000,TX2,ANT5,True,10.690621030064591,320.3802366491908,2,2.988,8.101522355756511,/srv/bulk/samteway/lab-data/tracking-fast-timing-20260903-v6/captures/fast-200us-5825000000-tx2-20260903T213802.440696Z/run.json
200,5826000000,TX1,ANT1,True,-2.640307697443145,74.12918663474657,16,23.904,11.54088573822097,/srv/bulk/samteway/lab-data/tracking-fast-timing-20260903-v6/captures/fast-200us-5826000000-tx1-20260903T213816.307139Z/run.json
200,5826000000,TX1,ANT2,True,5.2876741534451845,167.30004219395911,16,23.904,4.7322848289589885,/srv/bulk/samteway/lab-data/tracking-fast-timing-20260903-v6/captures/fast-200us-5826000000-tx1-20260903T213816.307139Z/run.json
200,5826000000,TX1,ANT4,True,-1.4729025346936597,77.26795802895055,16,23.904,11.41662935113407,/srv/bulk/samteway/lab-data/tracking-fast-timing-20260903-v6/captures/fast-200us-5826000000-tx1-20260903T213816.307139Z/run.json
200,5826000000,TX1,ANT8,True,-1.8494030239373325,74.8501845051998,16,23.904,11.445751702269561,/srv/bulk/samteway/lab-data/tracking-fast-timing-20260903-v6/captures/fast-200us-5826000000-tx1-20260903T213816.307139Z/run.json
200,5826000000,TX1,ANT7,True,4.294527734744873,150.7302847941614,16,23.904,5.6953148312947635,/srv/bulk/samteway/lab-data/tracking-fast-timing-20260903-v6/captures/fast-200us-5826000000-tx1-20260903T213816.307139Z/run.json
200,5826000000,TX1,ANT5,True,-7.286323529386901,39.909864346938406,16,23.904,20.563192562180593,/srv/bulk/samteway/lab-data/tracking-fast-timing-20260903-v6/captures/fast-200us-5826000000-tx1-20260903T213816.307139Z/run.json
200,5826000000,TX2,ANT1,True,11.334873383648997,356.0974633299288,1,1.494,10.991655199603986,/srv/bulk/samteway/lab-data/tracking-fast-timing-20260903-v6/captures/fast-200us-5826000000-tx2-20260903T213828.802178Z/run.json
200,5826000000,TX2,ANT2,True,-0.4831584530515488,88.55499558434069,1,1.494,52.50605635403884,/srv/bulk/samteway/lab-data/tracking-fast-timing-20260903-v6/captures/fast-200us-5826000000-tx2-20260903T213828.802178Z/run.json
200,5826000000,TX2,ANT4,False,-12.347664839315362,23.014074144127363,1,1.494,89.96741186174252,/srv/bulk/samteway/lab-data/tracking-fast-timing-20260903-v6/captures/fast-200us-5826000000-tx2-20260903T213828.802178Z/run.json
200,5826000000,TX2,ANT8,True,17.491113598122226,766.6754209751779,1,1.494,5.0597993668030465,/srv/bulk/samteway/lab-data/tracking-fast-timing-20260903-v6/captures/fast-200us-5826000000-tx2-20260903T213828.802178Z/run.json
200,5826000000,TX2,ANT7,True,13.036964286263302,422.2031740505967,1,1.494,9.137452414600405,/srv/bulk/samteway/lab-data/tracking-fast-timing-20260903-v6/captures/fast-200us-5826000000-tx2-20260903T213828.802178Z/run.json
200,5826000000,TX2,ANT5,True,11.343190710028136,346.4412575649161,1,1.494,11.042366875488346,/srv/bulk/samteway/lab-data/tracking-fast-timing-20260903-v6/captures/fast-200us-5826000000-tx2-20260903T213828.802178Z/run.json
200,5827000000,TX1,ANT1,True,-2.9358730993112996,71.15632127594961,16,23.904,11.942098281044826,/srv/bulk/samteway/lab-data/tracking-fast-timing-20260903-v6/captures/fast-200us-5827000000-tx1-20260903T213842.873301Z/run.json
200,5827000000,TX1,ANT2,True,4.94125005783442,166.15631987636053,16,23.904,5.423145534138336,/srv/bulk/samteway/lab-data/tracking-fast-timing-20260903-v6/captures/fast-200us-5827000000-tx1-20260903T213842.873301Z/run.json
200,5827000000,TX1,ANT4,True,-1.9877746066808646,75.59707898257699,16,23.904,11.350826541560782,/srv/bulk/samteway/lab-data/tracking-fast-timing-20260903-v6/captures/fast-200us-5827000000-tx1-20260903T213842.873301Z/run.json
200,5827000000,TX1,ANT8,True,-1.9842970420718382,74.20862615906923,16,23.904,12.374298404877234,/srv/bulk/samteway/lab-data/tracking-fast-timing-20260903-v6/captures/fast-200us-5827000000-tx1-20260903T213842.873301Z/run.json
200,5827000000,TX1,ANT7,True,4.054757550297138,148.0691257926712,16,23.904,5.450960144733076,/srv/bulk/samteway/lab-data/tracking-fast-timing-20260903-v6/captures/fast-200us-5827000000-tx1-20260903T213842.873301Z/run.json
200,5827000000,TX1,ANT5,True,-7.815813234760977,38.47716603820801,16,23.904,23.964549412162913,/srv/bulk/samteway/lab-data/tracking-fast-timing-20260903-v6/captures/fast-200us-5827000000-tx1-20260903T213842.873301Z/run.json
200,5827000000,TX2,ANT1,True,9.781042303609484,319.01882264557497,2,2.988,9.014606604597718,/srv/bulk/samteway/lab-data/tracking-fast-timing-20260903-v6/captures/fast-200us-5827000000-tx2-20260903T213855.556107Z/run.json
200,5827000000,TX2,ANT2,True,-0.3789094357046751,94.79043525626653,2,2.988,36.47715236352647,/srv/bulk/samteway/lab-data/tracking-fast-timing-20260903-v6/captures/fast-200us-5827000000-tx2-20260903T213855.556107Z/run.json
200,5827000000,TX2,ANT4,False,-14.151770861766494,19.489231640736413,2,2.988,87.18708619814936,/srv/bulk/samteway/lab-data/tracking-fast-timing-20260903-v6/captures/fast-200us-5827000000-tx2-20260903T213855.556107Z/run.json
200,5827000000,TX2,ANT8,True,15.609299234582078,689.9061883269721,2,2.988,4.391212099696438,/srv/bulk/samteway/lab-data/tracking-fast-timing-20260903-v6/captures/fast-200us-5827000000-tx2-20260903T213855.556107Z/run.json
200,5827000000,TX2,ANT7,True,10.456854718620205,383.5949238405777,2,2.988,10.755697544913307,/srv/bulk/samteway/lab-data/tracking-fast-timing-20260903-v6/captures/fast-200us-5827000000-tx2-20260903T213855.556107Z/run.json
200,5827000000,TX2,ANT5,True,10.933705436447848,328.0517534279709,2,2.988,8.954745728345692,/srv/bulk/samteway/lab-data/tracking-fast-timing-20260903-v6/captures/fast-200us-5827000000-tx2-20260903T213855.556107Z/run.json
200,5828000000,TX1,ANT1,True,-4.030238755169582,64.93404172192825,16,23.904,13.107463578146744,/srv/bulk/samteway/lab-data/tracking-fast-timing-20260903-v6/captures/fast-200us-5828000000-tx1-20260903T213909.607608Z/run.json
200,5828000000,TX1,ANT2,True,4.112134277105271,153.081836233395,16,23.904,5.860205892504007,/srv/bulk/samteway/lab-data/tracking-fast-timing-20260903-v6/captures/fast-200us-5828000000-tx1-20260903T213909.607608Z/run.json
200,5828000000,TX1,ANT4,True,-3.628706444755151,63.33744536882287,16,23.904,15.432210069864166,/srv/bulk/samteway/lab-data/tracking-fast-timing-20260903-v6/captures/fast-200us-5828000000-tx1-20260903T213909.607608Z/run.json
200,5828000000,TX1,ANT8,True,-2.1609643179288796,71.62025137648298,16,23.904,11.381570843455103,/srv/bulk/samteway/lab-data/tracking-fast-timing-20260903-v6/captures/fast-200us-5828000000-tx1-20260903T213909.607608Z/run.json
200,5828000000,TX1,ANT7,True,3.3125292767288994,135.60874558986504,16,23.904,6.189415091641921,/srv/bulk/samteway/lab-data/tracking-fast-timing-20260903-v6/captures/fast-200us-5828000000-tx1-20260903T213909.607608Z/run.json
200,5828000000,TX1,ANT5,True,-6.788552487475022,41.27819254308434,16,23.904,20.653444486881895,/srv/bulk/samteway/lab-data/tracking-fast-timing-20260903-v6/captures/fast-200us-5828000000-tx1-20260903T213909.607608Z/run.json
200,5828000000,TX2,ANT1,True,10.502375999690008,329.24766036171644,2,2.988,8.698468566018605,/srv/bulk/samteway/lab-data/tracking-fast-timing-20260903-v6/captures/fast-200us-5828000000-tx2-20260903T213922.194445Z/run.json
200,5828000000,TX2,ANT2,True,0.5561364634362207,100.72619768073561,2,2.988,32.4171450024257,/srv/bulk/samteway/lab-data/tracking-fast-timing-20260903-v6/captures/fast-200us-5828000000-tx2-20260903T213922.194445Z/run.json
200,5828000000,TX2,ANT4,False,-14.254610848140103,19.613970993729588,2,2.988,83.32715202075488,/srv/bulk/samteway/lab-data/tracking-fast-timing-20260903-v6/captures/fast-200us-5828000000-tx2-20260903T213922.194445Z/run.json
200,5828000000,TX2,ANT8,True,15.575919277121141,699.9352203871774,2,2.988,4.682287627998585,/srv/bulk/samteway/lab-data/tracking-fast-timing-20260903-v6/captures/fast-200us-5828000000-tx2-20260903T213922.194445Z/run.json
200,5828000000,TX2,ANT7,True,11.988083138943518,396.5303344685665,2,2.988,7.869894270896889,/srv/bulk/samteway/lab-data/tracking-fast-timing-20260903-v6/captures/fast-200us-5828000000-tx2-20260903T213922.194445Z/run.json
200,5828000000,TX2,ANT5,True,11.082377630215179,328.2004405606122,2,2.988,7.996643524419316,/srv/bulk/samteway/lab-data/tracking-fast-timing-20260903-v6/captures/fast-200us-5828000000-tx2-20260903T213922.194445Z/run.json
200,5829000000,TX1,ANT1,True,-4.294031976587263,63.81568187651626,16,23.904,12.926785988539777,/srv/bulk/samteway/lab-data/tracking-fast-timing-20260903-v6/captures/fast-200us-5829000000-tx1-20260903T213936.357162Z/run.json
200,5829000000,TX1,ANT2,True,4.153655628104077,157.6164153135355,16,23.904,4.8937450510553315,/srv/bulk/samteway/lab-data/tracking-fast-timing-20260903-v6/captures/fast-200us-5829000000-tx1-20260903T213936.357162Z/run.json
200,5829000000,TX1,ANT4,True,-3.560650231603372,64.1413158764474,16,23.904,13.355736929565339,/srv/bulk/samteway/lab-data/tracking-fast-timing-20260903-v6/captures/fast-200us-5829000000-tx1-20260903T213936.357162Z/run.json
200,5829000000,TX1,ANT8,True,-2.0083898242485536,76.09363886034869,16,23.904,11.35712039786618,/srv/bulk/samteway/lab-data/tracking-fast-timing-20260903-v6/captures/fast-200us-5829000000-tx1-20260903T213936.357162Z/run.json
200,5829000000,TX1,ANT7,True,3.13987217345715,137.90242358203838,16,23.904,6.150762265076576,/srv/bulk/samteway/lab-data/tracking-fast-timing-20260903-v6/captures/fast-200us-5829000000-tx1-20260903T213936.357162Z/run.json
200,5829000000,TX1,ANT5,True,-7.283493407519836,39.70434814740272,16,23.904,24.19849756899018,/srv/bulk/samteway/lab-data/tracking-fast-timing-20260903-v6/captures/fast-200us-5829000000-tx1-20260903T213936.357162Z/run.json
200,5829000000,TX2,ANT1,True,11.195681832387647,352.1209103094069,1,1.494,10.997902417070543,/srv/bulk/samteway/lab-data/tracking-fast-timing-20260903-v6/captures/fast-200us-5829000000-tx2-20260903T213949.268412Z/run.json
200,5829000000,TX2,ANT2,True,1.5655788889548463,112.50934765937401,1,1.494,42.72183173163386,/srv/bulk/samteway/lab-data/tracking-fast-timing-20260903-v6/captures/fast-200us-5829000000-tx2-20260903T213949.268412Z/run.json
200,5829000000,TX2,ANT4,False,-10.25136627996498,29.222792540567518,1,1.494,85.86228511110546,/srv/bulk/samteway/lab-data/tracking-fast-timing-20260903-v6/captures/fast-200us-5829000000-tx2-20260903T213949.268412Z/run.json
200,5829000000,TX2,ANT8,True,16.80204104356725,744.7912477431965,1,1.494,5.233842550904137,/srv/bulk/samteway/lab-data/tracking-fast-timing-20260903-v6/captures/fast-200us-5829000000-tx2-20260903T213949.268412Z/run.json
200,5829000000,TX2,ANT7,True,12.67448471602467,425.29677150777184,1,1.494,9.461210864642597,/srv/bulk/samteway/lab-data/tracking-fast-timing-20260903-v6/captures/fast-200us-5829000000-tx2-20260903T213949.268412Z/run.json
200,5829000000,TX2,ANT5,True,11.577523219260646,346.79982980767016,1,1.494,10.714802328637948,/srv/bulk/samteway/lab-data/tracking-fast-timing-20260903-v6/captures/fast-200us-5829000000-tx2-20260903T213949.268412Z/run.json
200,5830000000,TX1,ANT1,True,-5.5892016840935,54.702459675037886,16,23.904,16.550447185999953,/srv/bulk/samteway/lab-data/tracking-fast-timing-20260903-v6/captures/fast-200us-5830000000-tx1-20260903T214003.676440Z/run.json
200,5830000000,TX1,ANT2,True,5.0531541809541745,157.59049949849947,16,23.904,5.566676522135816,/srv/bulk/samteway/lab-data/tracking-fast-timing-20260903-v6/captures/fast-200us-5830000000-tx1-20260903T214003.676440Z/run.json
200,5830000000,TX1,ANT4,True,-3.5772497451148815,59.79341143200066,16,23.904,13.634346713730222,/srv/bulk/samteway/lab-data/tracking-fast-timing-20260903-v6/captures/fast-200us-5830000000-tx1-20260903T214003.676440Z/run.json
200,5830000000,TX1,ANT8,True,-1.1560755960552995,78.34703092292204,16,23.904,10.312387894692536,/srv/bulk/samteway/lab-data/tracking-fast-timing-20260903-v6/captures/fast-200us-5830000000-tx1-20260903T214003.676440Z/run.json
200,5830000000,TX1,ANT7,True,3.55173105045135,134.88169633463258,16,23.904,6.24405742420918,/srv/bulk/samteway/lab-data/tracking-fast-timing-20260903-v6/captures/fast-200us-5830000000-tx1-20260903T214003.676440Z/run.json
200,5830000000,TX1,ANT5,True,-7.037833398023359,40.320615767704986,16,23.904,25.08252971354976,/srv/bulk/samteway/lab-data/tracking-fast-timing-20260903-v6/captures/fast-200us-5830000000-tx1-20260903T214003.676440Z/run.json
200,5830000000,TX2,ANT1,True,11.508052463970182,374.57748133460933,1,1.494,10.799474720059518,/srv/bulk/samteway/lab-data/tracking-fast-timing-20260903-v6/captures/fast-200us-5830000000-tx2-20260903T214016.537520Z/run.json
200,5830000000,TX2,ANT2,True,2.4167186525855326,122.50524773406059,1,1.494,38.138804108552705,/srv/bulk/samteway/lab-data/tracking-fast-timing-20260903-v6/captures/fast-200us-5830000000-tx2-20260903T214016.537520Z/run.json
200,5830000000,TX2,ANT4,False,-9.50035312654989,32.30214961543411,1,1.494,84.1948380549274,/srv/bulk/samteway/lab-data/tracking-fast-timing-20260903-v6/captures/fast-200us-5830000000-tx2-20260903T214016.537520Z/run.json
200,5830000000,TX2,ANT8,True,16.774721898256544,784.364010038896,1,1.494,5.056637814978846,/srv/bulk/samteway/lab-data/tracking-fast-timing-20260903-v6/captures/fast-200us-5830000000-tx2-20260903T214016.537520Z/run.json
200,5830000000,TX2,ANT7,True,13.37220091301668,450.4479966943923,1,1.494,8.886661768880783,/srv/bulk/samteway/lab-data/tracking-fast-timing-20260903-v6/captures/fast-200us-5830000000-tx2-20260903T214016.537520Z/run.json
200,5830000000,TX2,ANT5,True,11.987780988818093,361.5503731358385,1,1.494,10.287411028193382,/srv/bulk/samteway/lab-data/tracking-fast-timing-20260903-v6/captures/fast-200us-5830000000-tx2-20260903T214016.537520Z/run.json
200,5831000000,TX1,ANT1,True,-5.250099322874221,56.344083234792976,16,23.904,17.294816732579015,/srv/bulk/samteway/lab-data/tracking-fast-timing-20260903-v6/captures/fast-200us-5831000000-tx1-20260903T214030.636259Z/run.json
200,5831000000,TX1,ANT2,True,3.788496023384113,150.0579337401971,16,23.904,6.448335644696415,/srv/bulk/samteway/lab-data/tracking-fast-timing-20260903-v6/captures/fast-200us-5831000000-tx1-20260903T214030.636259Z/run.json
200,5831000000,TX1,ANT4,True,-4.755143661981786,55.206036844863895,16,23.904,16.50718755247506,/srv/bulk/samteway/lab-data/tracking-fast-timing-20260903-v6/captures/fast-200us-5831000000-tx1-20260903T214030.636259Z/run.json
200,5831000000,TX1,ANT8,True,-1.423351150765326,82.29461341401183,16,23.904,12.117097414080748,/srv/bulk/samteway/lab-data/tracking-fast-timing-20260903-v6/captures/fast-200us-5831000000-tx1-20260903T214030.636259Z/run.json
200,5831000000,TX1,ANT7,True,2.1637477782302166,124.56650659113423,16,23.904,6.60536342252734,/srv/bulk/samteway/lab-data/tracking-fast-timing-20260903-v6/captures/fast-200us-5831000000-tx1-20260903T214030.636259Z/run.json
200,5831000000,TX1,ANT5,True,-6.777517682225637,42.17863553548528,16,23.904,20.643726983588564,/srv/bulk/samteway/lab-data/tracking-fast-timing-20260903-v6/captures/fast-200us-5831000000-tx1-20260903T214030.636259Z/run.json
200,5831000000,TX2,ANT1,True,12.275692555419688,389.0920832954165,1,1.494,9.835781200520156,/srv/bulk/samteway/lab-data/tracking-fast-timing-20260903-v6/captures/fast-200us-5831000000-tx2-20260903T214043.549630Z/run.json
200,5831000000,TX2,ANT2,True,3.5005351765269888,137.01881482982554,1,1.494,33.071442140301755,/srv/bulk/samteway/lab-data/tracking-fast-timing-20260903-v6/captures/fast-200us-5831000000-tx2-20260903T214043.549630Z/run.json
200,5831000000,TX2,ANT4,False,-6.839667873711854,41.98308289621939,1,1.494,78.12972244994397,/srv/bulk/samteway/lab-data/tracking-fast-timing-20260903-v6/captures/fast-200us-5831000000-tx2-20260903T214043.549630Z/run.json
200,5831000000,TX2,ANT8,True,18.48687413726111,816.1363763996924,1,1.494,4.4533504471154615,/srv/bulk/samteway/lab-data/tracking-fast-timing-20260903-v6/captures/fast-200us-5831000000-tx2-20260903T214043.549630Z/run.json
200,5831000000,TX2,ANT7,True,14.280132751388228,470.25775469625484,1,1.494,7.798203726298174,/srv/bulk/samteway/lab-data/tracking-fast-timing-20260903-v6/captures/fast-200us-5831000000-tx2-20260903T214043.549630Z/run.json
200,5831000000,TX2,ANT5,True,12.36545256686246,375.8396399749331,1,1.494,9.951642418076734,/srv/bulk/samteway/lab-data/tracking-fast-timing-20260903-v6/captures/fast-200us-5831000000-tx2-20260903T214043.549630Z/run.json
200,5832000000,TX1,ANT1,True,-5.757992261104814,52.269790160200714,32,47.808,12.435440487818177,/srv/bulk/samteway/lab-data/tracking-fast-timing-20260903-v6/captures/fast-200us-5832000000-tx1-20260903T214058.107116Z/run.json
200,5832000000,TX1,ANT2,True,3.8944149622854374,150.09620665724827,32,47.808,4.433220280694725,/srv/bulk/samteway/lab-data/tracking-fast-timing-20260903-v6/captures/fast-200us-5832000000-tx1-20260903T214058.107116Z/run.json
200,5832000000,TX1,ANT4,True,-4.930386092665376,53.360164924265035,32,47.808,18.66941909391241,/srv/bulk/samteway/lab-data/tracking-fast-timing-20260903-v6/captures/fast-200us-5832000000-tx1-20260903T214058.107116Z/run.json
200,5832000000,TX1,ANT8,True,-1.366663353555899,81.36478691741668,32,47.808,9.296527121976562,/srv/bulk/samteway/lab-data/tracking-fast-timing-20260903-v6/captures/fast-200us-5832000000-tx1-20260903T214058.107116Z/run.json
200,5832000000,TX1,ANT7,True,2.276914015922272,123.45272043544949,32,47.808,5.5437678125915895,/srv/bulk/samteway/lab-data/tracking-fast-timing-20260903-v6/captures/fast-200us-5832000000-tx1-20260903T214058.107116Z/run.json
200,5832000000,TX1,ANT5,True,-6.663529963043951,42.34664786728476,32,47.808,17.820317053422794,/srv/bulk/samteway/lab-data/tracking-fast-timing-20260903-v6/captures/fast-200us-5832000000-tx1-20260903T214058.107116Z/run.json
200,5832000000,TX2,ANT1,True,12.425074139559747,391.3917009524275,1,1.494,9.520151387352321,/srv/bulk/samteway/lab-data/tracking-fast-timing-20260903-v6/captures/fast-200us-5832000000-tx2-20260903T214111.389579Z/run.json
200,5832000000,TX2,ANT2,True,4.050970532657498,144.53501072111607,1,1.494,30.34497748254865,/srv/bulk/samteway/lab-data/tracking-fast-timing-20260903-v6/captures/fast-200us-5832000000-tx2-20260903T214111.389579Z/run.json
200,5832000000,TX2,ANT4,False,-6.179991640577583,44.440349301556466,1,1.494,75.95961007079924,/srv/bulk/samteway/lab-data/tracking-fast-timing-20260903-v6/captures/fast-200us-5832000000-tx2-20260903T214111.389579Z/run.json
200,5832000000,TX2,ANT8,True,18.289710070270424,819.8704048715999,1,1.494,4.5406716890881,/srv/bulk/samteway/lab-data/tracking-fast-timing-20260903-v6/captures/fast-200us-5832000000-tx2-20260903T214111.389579Z/run.json
200,5832000000,TX2,ANT7,True,14.303126988031597,482.0354900532158,1,1.494,7.753589022278615,/srv/bulk/samteway/lab-data/tracking-fast-timing-20260903-v6/captures/fast-200us-5832000000-tx2-20260903T214111.389579Z/run.json
200,5832000000,TX2,ANT5,True,12.55764279111909,382.1816839158109,1,1.494,9.609575253817903,/srv/bulk/samteway/lab-data/tracking-fast-timing-20260903-v6/captures/fast-200us-5832000000-tx2-20260903T214111.389579Z/run.json
200,5833000000,TX1,ANT1,True,-6.696694354891313,45.51929400775138,16,23.904,20.705213552371614,/srv/bulk/samteway/lab-data/tracking-fast-timing-20260903-v6/captures/fast-200us-5833000000-tx1-20260903T214125.530565Z/run.json
200,5833000000,TX1,ANT2,True,5.307656087953626,161.3238032669085,16,23.904,5.237978796011774,/srv/bulk/samteway/lab-data/tracking-fast-timing-20260903-v6/captures/fast-200us-5833000000-tx1-20260903T214125.530565Z/run.json
200,5833000000,TX1,ANT4,True,-4.48885814608974,52.41720781654799,16,23.904,15.757775762110855,/srv/bulk/samteway/lab-data/tracking-fast-timing-20260903-v6/captures/fast-200us-5833000000-tx1-20260903T214125.530565Z/run.json
200,5833000000,TX1,ANT8,True,0.007769892218644456,88.92166243329811,16,23.904,10.006992353612247,/srv/bulk/samteway/lab-data/tracking-fast-timing-20260903-v6/captures/fast-200us-5833000000-tx1-20260903T214125.530565Z/run.json
200,5833000000,TX1,ANT7,True,2.982342309997076,122.4764867173894,16,23.904,7.091164289527676,/srv/bulk/samteway/lab-data/tracking-fast-timing-20260903-v6/captures/fast-200us-5833000000-tx1-20260903T214125.530565Z/run.json
200,5833000000,TX1,ANT5,True,-5.742314236910762,45.426440433510194,16,23.904,19.156604697518283,/srv/bulk/samteway/lab-data/tracking-fast-timing-20260903-v6/captures/fast-200us-5833000000-tx1-20260903T214125.530565Z/run.json
200,5833000000,TX2,ANT1,True,11.795404966911613,380.66297274725474,1,1.494,10.140151673284889,/srv/bulk/samteway/lab-data/tracking-fast-timing-20260903-v6/captures/fast-200us-5833000000-tx2-20260903T214139.426658Z/run.json
200,5833000000,TX2,ANT2,True,4.384028764581661,151.99117618295858,1,1.494,28.524978968763534,/srv/bulk/samteway/lab-data/tracking-fast-timing-20260903-v6/captures/fast-200us-5833000000-tx2-20260903T214139.426658Z/run.json
200,5833000000,TX2,ANT4,False,-7.221159808341904,40.807971170462615,1,1.494,78.764609768916,/srv/bulk/samteway/lab-data/tracking-fast-timing-20260903-v6/captures/fast-200us-5833000000-tx2-20260903T214139.426658Z/run.json
200,5833000000,TX2,ANT8,True,16.78270101870332,789.4167848503197,1,1.494,4.955306509716692,/srv/bulk/samteway/lab-data/tracking-fast-timing-20260903-v6/captures/fast-200us-5833000000-tx2-20260903T214139.426658Z/run.json
200,5833000000,TX2,ANT7,True,13.593317536663577,475.49574091221,1,1.494,8.389474861721771,/srv/bulk/samteway/lab-data/tracking-fast-timing-20260903-v6/captures/fast-200us-5833000000-tx2-20260903T214139.426658Z/run.json
200,5833000000,TX2,ANT5,True,12.362150408092296,376.7893565205942,1,1.494,9.798667986021165,/srv/bulk/samteway/lab-data/tracking-fast-timing-20260903-v6/captures/fast-200us-5833000000-tx2-20260903T214139.426658Z/run.json
200,5834000000,TX1,ANT1,True,-7.258920212151123,42.68252101076529,32,47.808,18.133611153924925,/srv/bulk/samteway/lab-data/tracking-fast-timing-20260903-v6/captures/fast-200us-5834000000-tx1-20260903T214153.945372Z/run.json
200,5834000000,TX1,ANT2,True,4.721210148967458,155.31252908710115,32,47.808,3.4316417449726955,/srv/bulk/samteway/lab-data/tracking-fast-timing-20260903-v6/captures/fast-200us-5834000000-tx1-20260903T214153.945372Z/run.json
200,5834000000,TX1,ANT4,True,-5.8826513599144405,46.854222154179595,32,47.808,18.906927881733306,/srv/bulk/samteway/lab-data/tracking-fast-timing-20260903-v6/captures/fast-200us-5834000000-tx1-20260903T214153.945372Z/run.json
200,5834000000,TX1,ANT8,True,-0.11470815766465386,89.29109289011855,32,47.808,7.245700944392998,/srv/bulk/samteway/lab-data/tracking-fast-timing-20260903-v6/captures/fast-200us-5834000000-tx1-20260903T214153.945372Z/run.json
200,5834000000,TX1,ANT7,True,2.606248405277806,120.00489174689618,32,47.808,4.993113414617546,/srv/bulk/samteway/lab-data/tracking-fast-timing-20260903-v6/captures/fast-200us-5834000000-tx1-20260903T214153.945372Z/run.json
200,5834000000,TX1,ANT5,True,-5.978249128596205,45.17635958857196,32,47.808,14.0692014942147,/srv/bulk/samteway/lab-data/tracking-fast-timing-20260903-v6/captures/fast-200us-5834000000-tx1-20260903T214153.945372Z/run.json
200,5834000000,TX2,ANT1,True,12.944741132447549,407.1987562505697,1,1.494,9.031549057486833,/srv/bulk/samteway/lab-data/tracking-fast-timing-20260903-v6/captures/fast-200us-5834000000-tx2-20260903T214206.742198Z/run.json
200,5834000000,TX2,ANT2,True,6.131783228614129,171.6776108349808,1,1.494,22.308258756277155,/srv/bulk/samteway/lab-data/tracking-fast-timing-20260903-v6/captures/fast-200us-5834000000-tx2-20260903T214206.742198Z/run.json
200,5834000000,TX2,ANT4,False,-4.5992145283988375,50.92357095636904,1,1.494,70.50705803865196,/srv/bulk/samteway/lab-data/tracking-fast-timing-20260903-v6/captures/fast-200us-5834000000-tx2-20260903T214206.742198Z/run.json
200,5834000000,TX2,ANT8,True,19.056292717656017,850.1194160872848,1,1.494,4.054406375308357,/srv/bulk/samteway/lab-data/tracking-fast-timing-20260903-v6/captures/fast-200us-5834000000-tx2-20260903T214206.742198Z/run.json
200,5834000000,TX2,ANT7,True,15.194415112003998,510.48482548337944,1,1.494,6.918843742689084,/srv/bulk/samteway/lab-data/tracking-fast-timing-20260903-v6/captures/fast-200us-5834000000-tx2-20260903T214206.742198Z/run.json
200,5834000000,TX2,ANT5,True,13.079591791742711,402.7785846614718,1,1.494,8.854226525970278,/srv/bulk/samteway/lab-data/tracking-fast-timing-20260903-v6/captures/fast-200us-5834000000-tx2-20260903T214206.742198Z/run.json
200,5835000000,TX1,ANT1,True,-7.585194562240698,40.596682828646884,32,47.808,16.940971581849077,/srv/bulk/samteway/lab-data/tracking-fast-timing-20260903-v6/captures/fast-200us-5835000000-tx1-20260903T214221.082973Z/run.json
200,5835000000,TX1,ANT2,True,4.149704465077004,147.02218715109183,32,47.808,4.354976171881454,/srv/bulk/samteway/lab-data/tracking-fast-timing-20260903-v6/captures/fast-200us-5835000000-tx1-20260903T214221.082973Z/run.json
200,5835000000,TX1,ANT4,True,-6.080989536487383,44.68110291640443,32,47.808,16.029297881489093,/srv/bulk/samteway/lab-data/tracking-fast-timing-20260903-v6/captures/fast-200us-5835000000-tx1-20260903T214221.082973Z/run.json
200,5835000000,TX1,ANT8,True,-0.1692616319969369,88.1418840254938,32,47.808,7.053455938564118,/srv/bulk/samteway/lab-data/tracking-fast-timing-20260903-v6/captures/fast-200us-5835000000-tx1-20260903T214221.082973Z/run.json
200,5835000000,TX1,ANT7,True,1.6584039816321687,108.91335690491422,32,47.808,5.944251995812961,/srv/bulk/samteway/lab-data/tracking-fast-timing-20260903-v6/captures/fast-200us-5835000000-tx1-20260903T214221.082973Z/run.json
200,5835000000,TX1,ANT5,True,-5.262517433139485,47.50886477697986,32,47.808,12.03132554157223,/srv/bulk/samteway/lab-data/tracking-fast-timing-20260903-v6/captures/fast-200us-5835000000-tx1-20260903T214221.082973Z/run.json
200,5835000000,TX2,ANT1,True,13.708253754938116,412.793877664813,1,1.494,8.444169091311942,/srv/bulk/samteway/lab-data/tracking-fast-timing-20260903-v6/captures/fast-200us-5835000000-tx2-20260903T214234.069989Z/run.json
200,5835000000,TX2,ANT2,True,6.8912776078014275,186.0851458612517,1,1.494,19.95748785723441,/srv/bulk/samteway/lab-data/tracking-fast-timing-20260903-v6/captures/fast-200us-5835000000-tx2-20260903T214234.069989Z/run.json
200,5835000000,TX2,ANT4,False,-4.109245758355682,54.091591317764404,1,1.494,68.27531165704926,/srv/bulk/samteway/lab-data/tracking-fast-timing-20260903-v6/captures/fast-200us-5835000000-tx2-20260903T214234.069989Z/run.json
200,5835000000,TX2,ANT8,True,19.748485975766425,862.7351775369605,1,1.494,3.9166814889353665,/srv/bulk/samteway/lab-data/tracking-fast-timing-20260903-v6/captures/fast-200us-5835000000-tx2-20260903T214234.069989Z/run.json
200,5835000000,TX2,ANT7,True,15.835578894464021,525.9898853310309,1,1.494,6.475798727568016,/srv/bulk/samteway/lab-data/tracking-fast-timing-20260903-v6/captures/fast-200us-5835000000-tx2-20260903T214234.069989Z/run.json
200,5835000000,TX2,ANT5,True,13.518739041603961,408.82364265732247,1,1.494,8.561208461021382,/srv/bulk/samteway/lab-data/tracking-fast-timing-20260903-v6/captures/fast-200us-5835000000-tx2-20260903T214234.069989Z/run.json
200,5836000000,TX1,ANT1,True,-8.700874555660702,36.38947983470917,32,47.84,18.245790682759925,/srv/bulk/samteway/lab-data/tracking-fast-timing-20260903-v6/captures/fast-200us-5836000000-tx1-20260903T214254.423720Z/run.json
200,5836000000,TX1,ANT2,True,3.7834872353853877,145.81532844441952,32,47.84,4.102430463472036,/srv/bulk/samteway/lab-data/tracking-fast-timing-20260903-v6/captures/fast-200us-5836000000-tx1-20260903T214254.423720Z/run.json
200,5836000000,TX1,ANT4,True,-6.958029406344034,41.93149725561765,32,47.84,16.889220659766124,/srv/bulk/samteway/lab-data/tracking-fast-timing-20260903-v6/captures/fast-200us-5836000000-tx1-20260903T214254.423720Z/run.json
200,5836000000,TX1,ANT8,True,-0.09101786909898012,90.30673078239299,32,47.84,7.979460708860201,/srv/bulk/samteway/lab-data/tracking-fast-timing-20260903-v6/captures/fast-200us-5836000000-tx1-20260903T214254.423720Z/run.json
200,5836000000,TX1,ANT7,True,1.115214354784074,104.1297613660288,32,47.84,5.83764761483614,/srv/bulk/samteway/lab-data/tracking-fast-timing-20260903-v6/captures/fast-200us-5836000000-tx1-20260903T214254.423720Z/run.json
200,5836000000,TX1,ANT5,True,-5.234286132522541,47.9176837003204,32,47.84,11.198053445094807,/srv/bulk/samteway/lab-data/tracking-fast-timing-20260903-v6/captures/fast-200us-5836000000-tx1-20260903T214254.423720Z/run.json
200,5836000000,TX2,ANT1,True,12.488695629626692,404.8100936528188,1,1.494,9.435373324147864,/srv/bulk/samteway/lab-data/tracking-fast-timing-20260903-v6/captures/fast-200us-5836000000-tx2-20260903T214306.777863Z/run.json
200,5836000000,TX2,ANT2,True,6.334540614348693,192.13259031282743,1,1.494,22.213000639879027,/srv/bulk/samteway/lab-data/tracking-fast-timing-20260903-v6/captures/fast-200us-5836000000-tx2-20260903T214306.777863Z/run.json
200,5836000000,TX2,ANT4,False,-6.270250447021477,45.99032804942749,1,1.494,74.03912971989519,/srv/bulk/samteway/lab-data/tracking-fast-timing-20260903-v6/captures/fast-200us-5836000000-tx2-20260903T214306.777863Z/run.json
200,5836000000,TX2,ANT8,True,16.77383235702883,837.4841789251897,1,1.494,4.7688787388415,/srv/bulk/samteway/lab-data/tracking-fast-timing-20260903-v6/captures/fast-200us-5836000000-tx2-20260903T214306.777863Z/run.json
200,5836000000,TX2,ANT7,True,14.745416798376418,532.0677683711774,1,1.494,7.422821582669767,/srv/bulk/samteway/lab-data/tracking-fast-timing-20260903-v6/captures/fast-200us-5836000000-tx2-20260903T214306.777863Z/run.json
200,5836000000,TX2,ANT5,True,13.225001131303447,415.31992736922933,1,1.494,8.758590946014227,/srv/bulk/samteway/lab-data/tracking-fast-timing-20260903-v6/captures/fast-200us-5836000000-tx2-20260903T214306.777863Z/run.json
200,5837000000,TX1,ANT1,True,-9.012273780354876,33.183437922065906,32,47.84,19.426181872305634,/srv/bulk/samteway/lab-data/tracking-fast-timing-20260903-v6/captures/fast-200us-5837000000-tx1-20260903T214321.039522Z/run.json
200,5837000000,TX1,ANT2,True,4.2491212502185,143.97311220666163,32,47.84,4.445652091603756,/srv/bulk/samteway/lab-data/tracking-fast-timing-20260903-v6/captures/fast-200us-5837000000-tx1-20260903T214321.039522Z/run.json
200,5837000000,TX1,ANT4,True,-6.931264203513923,40.328955389577644,32,47.84,20.782863935357963,/srv/bulk/samteway/lab-data/tracking-fast-timing-20260903-v6/captures/fast-200us-5837000000-tx1-20260903T214321.039522Z/run.json
200,5837000000,TX1,ANT8,True,0.6493805339914077,94.99849093459338,32,47.84,5.918656318031131,/srv/bulk/samteway/lab-data/tracking-fast-timing-20260903-v6/captures/fast-200us-5837000000-tx1-20260903T214321.039522Z/run.json
200,5837000000,TX1,ANT7,True,1.2630586452572867,102.27167215321683,32,47.84,5.412948518245955,/srv/bulk/samteway/lab-data/tracking-fast-timing-20260903-v6/captures/fast-200us-5837000000-tx1-20260903T214321.039522Z/run.json
200,5837000000,TX1,ANT5,True,-4.833788072132596,50.122144163460945,32,47.84,13.490032519674362,/srv/bulk/samteway/lab-data/tracking-fast-timing-20260903-v6/captures/fast-200us-5837000000-tx1-20260903T214321.039522Z/run.json
200,5837000000,TX2,ANT1,True,12.200403515347183,388.93287459917246,1,1.494,9.554546499126307,/srv/bulk/samteway/lab-data/tracking-fast-timing-20260903-v6/captures/fast-200us-5837000000-tx2-20260903T214334.106005Z/run.json
200,5837000000,TX2,ANT2,True,7.171894138316144,200.550549467523,1,1.494,18.727099844991955,/srv/bulk/samteway/lab-data/tracking-fast-timing-20260903-v6/captures/fast-200us-5837000000-tx2-20260903T214334.106005Z/run.json
200,5837000000,TX2,ANT4,False,-3.1329651159862637,59.2331501988489,1,1.494,64.78242527600686,/srv/bulk/samteway/lab-data/tracking-fast-timing-20260903-v6/captures/fast-200us-5837000000-tx2-20260903T214334.106005Z/run.json
200,5837000000,TX2,ANT8,True,17.498512210169768,818.8559471020897,1,1.494,4.296904208467217,/srv/bulk/samteway/lab-data/tracking-fast-timing-20260903-v6/captures/fast-200us-5837000000-tx2-20260903T214334.106005Z/run.json
200,5837000000,TX2,ANT7,True,13.933206044483434,519.7590012247321,1,1.494,8.029006863329558,/srv/bulk/samteway/lab-data/tracking-fast-timing-20260903-v6/captures/fast-200us-5837000000-tx2-20260903T214334.106005Z/run.json
200,5837000000,TX2,ANT5,True,13.250631353653432,413.5517420295988,1,1.494,8.9896927314415,/srv/bulk/samteway/lab-data/tracking-fast-timing-20260903-v6/captures/fast-200us-5837000000-tx2-20260903T214334.106005Z/run.json
200,5838000000,TX1,ANT1,True,-9.603812502905546,31.653186043926958,16,23.904,28.74360120162653,/srv/bulk/samteway/lab-data/tracking-fast-timing-20260903-v6/captures/fast-200us-5838000000-tx1-20260903T214347.935280Z/run.json
200,5838000000,TX1,ANT2,True,4.95288780617009,150.98481436649175,16,23.904,4.771339586261294,/srv/bulk/samteway/lab-data/tracking-fast-timing-20260903-v6/captures/fast-200us-5838000000-tx1-20260903T214347.935280Z/run.json
200,5838000000,TX1,ANT4,True,-6.66203283577164,41.1623709659387,16,23.904,20.727268137483556,/srv/bulk/samteway/lab-data/tracking-fast-timing-20260903-v6/captures/fast-200us-5838000000-tx1-20260903T214347.935280Z/run.json
200,5838000000,TX1,ANT8,True,1.5441172973520947,102.8765871539924,16,23.904,7.715892540046598,/srv/bulk/samteway/lab-data/tracking-fast-timing-20260903-v6/captures/fast-200us-5838000000-tx1-20260903T214347.935280Z/run.json
200,5838000000,TX1,ANT7,True,1.2114858240146409,100.34694852154367,16,23.904,8.254764835594694,/srv/bulk/samteway/lab-data/tracking-fast-timing-20260903-v6/captures/fast-200us-5838000000-tx1-20260903T214347.935280Z/run.json
200,5838000000,TX1,ANT5,True,-4.732383483501779,51.339396275163736,16,23.904,16.45988046237458,/srv/bulk/samteway/lab-data/tracking-fast-timing-20260903-v6/captures/fast-200us-5838000000-tx1-20260903T214347.935280Z/run.json
200,5838000000,TX2,ANT1,True,13.595130959495407,434.2982299404502,1,1.495,8.632788241976925,/srv/bulk/samteway/lab-data/tracking-fast-timing-20260903-v6/captures/fast-200us-5838000000-tx2-20260903T214400.489137Z/run.json
200,5838000000,TX2,ANT2,True,8.38240211785064,227.6619292963704,1,1.495,16.112850458843255,/srv/bulk/samteway/lab-data/tracking-fast-timing-20260903-v6/captures/fast-200us-5838000000-tx2-20260903T214400.489137Z/run.json
200,5838000000,TX2,ANT4,False,-3.0051211102067708,62.63262731861278,1,1.495,63.2888340754607,/srv/bulk/samteway/lab-data/tracking-fast-timing-20260903-v6/captures/fast-200us-5838000000-tx2-20260903T214400.489137Z/run.json
200,5838000000,TX2,ANT8,True,20.07280229149396,912.6171921280804,1,1.495,3.8366068576958194,/srv/bulk/samteway/lab-data/tracking-fast-timing-20260903-v6/captures/fast-200us-5838000000-tx2-20260903T214400.489137Z/run.json
200,5838000000,TX2,ANT7,True,16.456610074632994,587.6163949751705,1,1.495,6.034422441688342,/srv/bulk/samteway/lab-data/tracking-fast-timing-20260903-v6/captures/fast-200us-5838000000-tx2-20260903T214400.489137Z/run.json
200,5838000000,TX2,ANT5,True,14.353560279848486,456.69681839478983,1,1.495,7.6740105744296025,/srv/bulk/samteway/lab-data/tracking-fast-timing-20260903-v6/captures/fast-200us-5838000000-tx2-20260903T214400.489137Z/run.json
200,5839000000,TX1,ANT1,True,-10.60248636401913,28.14390301041401,32,47.808,24.293697179707685,/srv/bulk/samteway/lab-data/tracking-fast-timing-20260903-v6/captures/fast-200us-5839000000-tx1-20260903T214414.790999Z/run.json
200,5839000000,TX1,ANT2,True,4.718236662725007,150.96828697283797,32,47.808,3.7892597346960626,/srv/bulk/samteway/lab-data/tracking-fast-timing-20260903-v6/captures/fast-200us-5839000000-tx1-20260903T214414.790999Z/run.json
200,5839000000,TX1,ANT4,True,-6.665304126523353,42.31952915541883,32,47.808,14.36549493474415,/srv/bulk/samteway/lab-data/tracking-fast-timing-20260903-v6/captures/fast-200us-5839000000-tx1-20260903T214414.790999Z/run.json
200,5839000000,TX1,ANT8,True,1.315154096579382,104.27423623623756,32,47.808,5.771450011759625,/srv/bulk/samteway/lab-data/tracking-fast-timing-20260903-v6/captures/fast-200us-5839000000-tx1-20260903T214414.790999Z/run.json
200,5839000000,TX1,ANT7,True,-8.706692760156468,100.21205928767888,32,47.808,6.640860249740589,/srv/bulk/samteway/lab-data/tracking-fast-timing-20260903-v6/captures/fast-200us-5839000000-tx1-20260903T214414.790999Z/run.json
200,5839000000,TX1,ANT5,True,-4.83596308375468,50.5495017112639,32,47.808,11.006540416795007,/srv/bulk/samteway/lab-data/tracking-fast-timing-20260903-v6/captures/fast-200us-5839000000-tx1-20260903T214414.790999Z/run.json
200,5839000000,TX2,ANT1,True,13.014731437007079,420.2850256105038,1,1.494,8.796151869603298,/srv/bulk/samteway/lab-data/tracking-fast-timing-20260903-v6/captures/fast-200us-5839000000-tx2-20260903T214427.720052Z/run.json
200,5839000000,TX2,ANT2,True,8.222463133194772,226.00001033394983,1,1.494,16.13012401909911,/srv/bulk/samteway/lab-data/tracking-fast-timing-20260903-v6/captures/fast-200us-5839000000-tx2-20260903T214427.720052Z/run.json
200,5839000000,TX2,ANT4,False,-2.7200387095952983,62.74728111218987,1,1.494,62.034760324160075,/srv/bulk/samteway/lab-data/tracking-fast-timing-20260903-v6/captures/fast-200us-5839000000-tx2-20260903T214427.720052Z/run.json
200,5839000000,TX2,ANT8,True,17.948685532351924,869.4922636151756,1,1.494,4.148840702691199,/srv/bulk/samteway/lab-data/tracking-fast-timing-20260903-v6/captures/fast-200us-5839000000-tx2-20260903T214427.720052Z/run.json
200,5839000000,TX2,ANT7,True,15.861033819966348,575.9633043464804,1,1.494,6.14567398628918,/srv/bulk/samteway/lab-data/tracking-fast-timing-20260903-v6/captures/fast-200us-5839000000-tx2-20260903T214427.720052Z/run.json
200,5839000000,TX2,ANT5,True,14.023667234483652,447.25215513667007,1,1.494,7.879062675777353,/srv/bulk/samteway/lab-data/tracking-fast-timing-20260903-v6/captures/fast-200us-5839000000-tx2-20260903T214427.720052Z/run.json
200,5840000000,TX1,ANT1,True,-10.368503288223485,29.424667931313966,32,47.808,20.350062402909064,/srv/bulk/samteway/lab-data/tracking-fast-timing-20260903-v6/captures/fast-200us-5840000000-tx1-20260903T214442.036705Z/run.json
200,5840000000,TX1,ANT2,True,4.562663335724703,149.19381636943567,32,47.808,4.088011067896521,/srv/bulk/samteway/lab-data/tracking-fast-timing-20260903-v6/captures/fast-200us-5840000000-tx1-20260903T214442.036705Z/run.json
200,5840000000,TX1,ANT4,True,-6.518881627118576,42.46163833273142,32,47.808,16.303909132012993,/srv/bulk/samteway/lab-data/tracking-fast-timing-20260903-v6/captures/fast-200us-5840000000-tx1-20260903T214442.036705Z/run.json
200,5840000000,TX1,ANT8,True,1.2815215322029032,105.12976414904988,32,47.808,4.967804343916334,/srv/bulk/samteway/lab-data/tracking-fast-timing-20260903-v6/captures/fast-200us-5840000000-tx1-20260903T214442.036705Z/run.json
200,5840000000,TX1,ANT7,True,0.2820567749881788,90.65690682803785,32,47.808,6.451883179121517,/srv/bulk/samteway/lab-data/tracking-fast-timing-20260903-v6/captures/fast-200us-5840000000-tx1-20260903T214442.036705Z/run.json
200,5840000000,TX1,ANT5,True,-4.214275057045743,53.743791235449685,32,47.808,10.444178196230302,/srv/bulk/samteway/lab-data/tracking-fast-timing-20260903-v6/captures/fast-200us-5840000000-tx1-20260903T214442.036705Z/run.json
200,5840000000,TX2,ANT1,True,13.94337755974445,439.2855731042579,1,1.494,8.13637793132174,/srv/bulk/samteway/lab-data/tracking-fast-timing-20260903-v6/captures/fast-200us-5840000000-tx2-20260903T214454.871587Z/run.json
200,5840000000,TX2,ANT2,True,9.382765295544544,246.95819891273356,1,1.494,14.16718517224611,/srv/bulk/samteway/lab-data/tracking-fast-timing-20260903-v6/captures/fast-200us-5840000000-tx2-20260903T214454.871587Z/run.json
200,5840000000,TX2,ANT4,False,-1.4095256282243405,71.60615643995871,1,1.494,57.341981178658976,/srv/bulk/samteway/lab-data/tracking-fast-timing-20260903-v6/captures/fast-200us-5840000000-tx2-20260903T214454.871587Z/run.json
200,5840000000,TX2,ANT8,True,19.98013026106856,909.1081986183336,1,1.494,3.781339631327541,/srv/bulk/samteway/lab-data/tracking-fast-timing-20260903-v6/captures/fast-200us-5840000000-tx2-20260903T214454.871587Z/run.json
200,5840000000,TX2,ANT7,True,16.980893926785964,603.6672704640118,1,1.494,5.755178952678206,/srv/bulk/samteway/lab-data/tracking-fast-timing-20260903-v6/captures/fast-200us-5840000000-tx2-20260903T214454.871587Z/run.json
200,5840000000,TX2,ANT5,True,14.94169352719708,474.05795877625485,1,1.494,7.368339092780721,/srv/bulk/samteway/lab-data/tracking-fast-timing-20260903-v6/captures/fast-200us-5840000000-tx2-20260903T214454.871587Z/run.json
200,5841000000,TX1,ANT1,True,-11.654575151671281,24.924536706320513,16,23.904,40.87627355422515,/srv/bulk/samteway/lab-data/tracking-fast-timing-20260903-v6/captures/fast-200us-5841000000-tx1-20260903T214508.909669Z/run.json
200,5841000000,TX1,ANT2,True,5.03716455334982,149.94777298084145,16,23.904,5.235679555226327,/srv/bulk/samteway/lab-data/tracking-fast-timing-20260903-v6/captures/fast-200us-5841000000-tx1-20260903T214508.909669Z/run.json
200,5841000000,TX1,ANT4,True,-6.203139765374329,41.674539004210125,16,23.904,21.125715397188415,/srv/bulk/samteway/lab-data/tracking-fast-timing-20260903-v6/captures/fast-200us-5841000000-tx1-20260903T214508.909669Z/run.json
200,5841000000,TX1,ANT8,True,2.302361673416546,111.24482203832976,16,23.904,7.318499658821243,/srv/bulk/samteway/lab-data/tracking-fast-timing-20260903-v6/captures/fast-200us-5841000000-tx1-20260903T214508.909669Z/run.json
200,5841000000,TX1,ANT7,True,0.5560150027005736,89.75538616050602,16,23.904,9.81438508987516,/srv/bulk/samteway/lab-data/tracking-fast-timing-20260903-v6/captures/fast-200us-5841000000-tx1-20260903T214508.909669Z/run.json
200,5841000000,TX1,ANT5,True,-3.727338632890382,56.14773503534267,16,23.904,14.97737615918253,/srv/bulk/samteway/lab-data/tracking-fast-timing-20260903-v6/captures/fast-200us-5841000000-tx1-20260903T214508.909669Z/run.json
200,5841000000,TX2,ANT1,True,12.280646395601249,405.1352911782871,1,1.495,9.507430916294018,/srv/bulk/samteway/lab-data/tracking-fast-timing-20260903-v6/captures/fast-200us-5841000000-tx2-20260903T214521.345867Z/run.json
200,5841000000,TX2,ANT2,True,8.218038271645753,241.59181555616928,1,1.495,16.35539680741114,/srv/bulk/samteway/lab-data/tracking-fast-timing-20260903-v6/captures/fast-200us-5841000000-tx2-20260903T214521.345867Z/run.json
200,5841000000,TX2,ANT4,False,-6.360658839024763,53.94926701065701,1,1.495,70.55552652326715,/srv/bulk/samteway/lab-data/tracking-fast-timing-20260903-v6/captures/fast-200us-5841000000-tx2-20260903T214521.345867Z/run.json
200,5841000000,TX2,ANT8,True,14.871766614688822,810.6037147422547,1,1.495,6.113065945926135,/srv/bulk/samteway/lab-data/tracking-fast-timing-20260903-v6/captures/fast-200us-5841000000-tx2-20260903T214521.345867Z/run.json
200,5841000000,TX2,ANT7,True,13.471854407093637,559.6000604771142,1,1.495,8.85828940170782,/srv/bulk/samteway/lab-data/tracking-fast-timing-20260903-v6/captures/fast-200us-5841000000-tx2-20260903T214521.345867Z/run.json
200,5841000000,TX2,ANT5,True,13.330775692819191,452.3507666400787,1,1.495,8.603480860677085,/srv/bulk/samteway/lab-data/tracking-fast-timing-20260903-v6/captures/fast-200us-5841000000-tx2-20260903T214521.345867Z/run.json
200,5842000000,TX1,ANT1,True,-11.834177843972,24.54032881255365,16,23.904,45.33756924853949,/srv/bulk/samteway/lab-data/tracking-fast-timing-20260903-v6/captures/fast-200us-5842000000-tx1-20260903T214545.593205Z/run.json
200,5842000000,TX1,ANT2,True,4.616348404015687,147.19661424086436,16,23.904,5.2433574711943995,/srv/bulk/samteway/lab-data/tracking-fast-timing-20260903-v6/captures/fast-200us-5842000000-tx1-20260903T214545.593205Z/run.json
200,5842000000,TX1,ANT4,True,-6.503409159518457,41.75634235353399,16,23.904,20.128692561450954,/srv/bulk/samteway/lab-data/tracking-fast-timing-20260903-v6/captures/fast-200us-5842000000-tx1-20260903T214545.593205Z/run.json
200,5842000000,TX1,ANT8,True,2.0089887291646362,112.31971717543115,16,23.904,7.61450991470562,/srv/bulk/samteway/lab-data/tracking-fast-timing-20260903-v6/captures/fast-200us-5842000000-tx1-20260903T214545.593205Z/run.json
200,5842000000,TX1,ANT7,True,-0.2871031802777257,84.59551661770256,16,23.904,9.746304891212937,/srv/bulk/samteway/lab-data/tracking-fast-timing-20260903-v6/captures/fast-200us-5842000000-tx1-20260903T214545.593205Z/run.json
200,5842000000,TX1,ANT5,True,-3.7297282305403128,57.956178740671795,16,23.904,14.711279150310228,/srv/bulk/samteway/lab-data/tracking-fast-timing-20260903-v6/captures/fast-200us-5842000000-tx1-20260903T214545.593205Z/run.json
200,5842000000,TX2,ANT1,True,13.688543957120597,438.1736928066616,1,1.494,8.190960666274878,/srv/bulk/samteway/lab-data/tracking-fast-timing-20260903-v6/captures/fast-200us-5842000000-tx2-20260903T214558.239040Z/run.json
200,5842000000,TX2,ANT2,True,9.416674931099209,264.7985942170158,1,1.494,14.22400995957873,/srv/bulk/samteway/lab-data/tracking-fast-timing-20260903-v6/captures/fast-200us-5842000000-tx2-20260903T214558.239040Z/run.json
200,5842000000,TX2,ANT4,False,-0.86245707050266,79.9459942555269,1,1.494,53.99017876834416,/srv/bulk/samteway/lab-data/tracking-fast-timing-20260903-v6/captures/fast-200us-5842000000-tx2-20260903T214558.239040Z/run.json
200,5842000000,TX2,ANT8,True,18.865200117182642,893.4614962731825,1,1.494,4.072425682125308,/srv/bulk/samteway/lab-data/tracking-fast-timing-20260903-v6/captures/fast-200us-5842000000-tx2-20260903T214558.239040Z/run.json
200,5842000000,TX2,ANT7,True,16.402234269272398,609.0696660259829,1,1.494,5.971579247853758,/srv/bulk/samteway/lab-data/tracking-fast-timing-20260903-v6/captures/fast-200us-5842000000-tx2-20260903T214558.239040Z/run.json
200,5842000000,TX2,ANT5,True,14.819084531549908,487.4345708276443,1,1.494,7.206807790633039,/srv/bulk/samteway/lab-data/tracking-fast-timing-20260903-v6/captures/fast-200us-5842000000-tx2-20260903T214558.239040Z/run.json
200,5843000000,TX1,ANT1,True,-11.411840212250768,26.15459866480668,32,47.84,31.296343527759387,/srv/bulk/samteway/lab-data/tracking-fast-timing-20260903-v6/captures/fast-200us-5843000000-tx1-20260903T214612.990767Z/run.json
200,5843000000,TX1,ANT2,True,2.6964269210512155,126.57914379359036,32,47.84,4.403292340774448,/srv/bulk/samteway/lab-data/tracking-fast-timing-20260903-v6/captures/fast-200us-5843000000-tx1-20260903T214612.990767Z/run.json
200,5843000000,TX1,ANT4,True,-8.605525763139863,34.0601185723171,32,47.84,29.92915071274181,/srv/bulk/samteway/lab-data/tracking-fast-timing-20260903-v6/captures/fast-200us-5843000000-tx1-20260903T214612.990767Z/run.json
200,5843000000,TX1,ANT8,True,0.8140450160142683,103.52591860853013,32,47.84,6.123272812961585,/srv/bulk/samteway/lab-data/tracking-fast-timing-20260903-v6/captures/fast-200us-5843000000-tx1-20260903T214612.990767Z/run.json
200,5843000000,TX1,ANT7,True,-2.032017596600502,73.66334579340973,32,47.84,10.692775086090618,/srv/bulk/samteway/lab-data/tracking-fast-timing-20260903-v6/captures/fast-200us-5843000000-tx1-20260903T214612.990767Z/run.json
200,5843000000,TX1,ANT5,True,-4.1214844423547135,55.6373386212256,32,47.84,12.70392113447092,/srv/bulk/samteway/lab-data/tracking-fast-timing-20260903-v6/captures/fast-200us-5843000000-tx1-20260903T214612.990767Z/run.json
200,5843000000,TX2,ANT1,True,8.335365967509404,356.82659400271615,,,,/srv/bulk/samteway/lab-data/tracking-fast-timing-20260903-v6/captures/fast-200us-5843000000-tx2-20260903T214625.814996Z/run.json
200,5843000000,TX2,ANT2,True,8.06764190565677,264.3226398231647,,,,/srv/bulk/samteway/lab-data/tracking-fast-timing-20260903-v6/captures/fast-200us-5843000000-tx2-20260903T214625.814996Z/run.json
200,5843000000,TX2,ANT4,False,-5.98234670358945,60.26321899818695,,,,/srv/bulk/samteway/lab-data/tracking-fast-timing-20260903-v6/captures/fast-200us-5843000000-tx2-20260903T214625.814996Z/run.json
200,5843000000,TX2,ANT8,True,10.290622064881168,688.3743164620413,,,,/srv/bulk/samteway/lab-data/tracking-fast-timing-20260903-v6/captures/fast-200us-5843000000-tx2-20260903T214625.814996Z/run.json
200,5843000000,TX2,ANT7,True,4.896618008729569,462.5080188624951,,,,/srv/bulk/samteway/lab-data/tracking-fast-timing-20260903-v6/captures/fast-200us-5843000000-tx2-20260903T214625.814996Z/run.json
200,5843000000,TX2,ANT5,True,9.034165178302185,433.8726673327217,,,,/srv/bulk/samteway/lab-data/tracking-fast-timing-20260903-v6/captures/fast-200us-5843000000-tx2-20260903T214625.814996Z/run.json
200,5844000000,TX1,ANT1,True,-12.54055649978075,24.41645082662774,32,47.808,29.2012393400411,/srv/bulk/samteway/lab-data/tracking-fast-timing-20260903-v6/captures/fast-200us-5844000000-tx1-20260903T214640.219914Z/run.json
200,5844000000,TX1,ANT2,True,3.5294879726089534,130.4200377933246,32,47.808,4.12795846130105,/srv/bulk/samteway/lab-data/tracking-fast-timing-20260903-v6/captures/fast-200us-5844000000-tx1-20260903T214640.219914Z/run.json
200,5844000000,TX1,ANT4,True,-6.628678371875427,40.35007013064833,32,47.808,15.789195718914476,/srv/bulk/samteway/lab-data/tracking-fast-timing-20260903-v6/captures/fast-200us-5844000000-tx1-20260903T214640.219914Z/run.json
200,5844000000,TX1,ANT8,True,2.234433924056094,112.77099417051916,32,47.808,4.829636157241593,/srv/bulk/samteway/lab-data/tracking-fast-timing-20260903-v6/captures/fast-200us-5844000000-tx1-20260903T214640.219914Z/run.json
200,5844000000,TX1,ANT7,True,-1.5343011427925843,72.24007396073043,32,47.808,6.995643256524337,/srv/bulk/samteway/lab-data/tracking-fast-timing-20260903-v6/captures/fast-200us-5844000000-tx1-20260903T214640.219914Z/run.json
200,5844000000,TX1,ANT5,True,-3.247793906437483,59.127146291195665,32,47.808,9.227604334543154,/srv/bulk/samteway/lab-data/tracking-fast-timing-20260903-v6/captures/fast-200us-5844000000-tx1-20260903T214640.219914Z/run.json
200,5844000000,TX2,ANT1,True,9.908670501172063,395.46004016213067,128,191.232,5.341056134504326,/srv/bulk/samteway/lab-data/tracking-fast-timing-20260903-v6/captures/fast-200us-5844000000-tx2-20260903T214652.693470Z/run.json
200,5844000000,TX2,ANT2,True,10.130177834501167,294.553243945253,128,191.232,3.4584945671318685,/srv/bulk/samteway/lab-data/tracking-fast-timing-20260903-v6/captures/fast-200us-5844000000-tx2-20260903T214652.693470Z/run.json
200,5844000000,TX2,ANT4,True,-0.7786692734866842,86.63265223847529,128,191.232,18.07209772919561,/srv/bulk/samteway/lab-data/tracking-fast-timing-20260903-v6/captures/fast-200us-5844000000-tx2-20260903T214652.693470Z/run.json
200,5844000000,TX2,ANT8,True,12.222339371726969,799.315496042923,128,191.232,1.086541551714342,/srv/bulk/samteway/lab-data/tracking-fast-timing-20260903-v6/captures/fast-200us-5844000000-tx2-20260903T214652.693470Z/run.json
200,5844000000,TX2,ANT7,True,7.934347747673867,531.5236437657557,128,191.232,18.585593332413865,/srv/bulk/samteway/lab-data/tracking-fast-timing-20260903-v6/captures/fast-200us-5844000000-tx2-20260903T214652.693470Z/run.json
200,5844000000,TX2,ANT5,True,10.656708904162858,472.5254743783235,128,191.232,11.944835002027324,/srv/bulk/samteway/lab-data/tracking-fast-timing-20260903-v6/captures/fast-200us-5844000000-tx2-20260903T214652.693470Z/run.json
200,5845000000,TX1,ANT1,True,-11.464425566769382,26.38572275977702,32,47.808,24.981732960982168,/srv/bulk/samteway/lab-data/tracking-fast-timing-20260903-v6/captures/fast-200us-5845000000-tx1-20260903T214707.515234Z/run.json
200,5845000000,TX1,ANT2,True,1.8797751405607068,117.63244416023879,32,47.808,5.490212514753625,/srv/bulk/samteway/lab-data/tracking-fast-timing-20260903-v6/captures/fast-200us-5845000000-tx1-20260903T214707.515234Z/run.json
200,5845000000,TX1,ANT4,True,-15.865044166685413,36.301031041114896,32,47.808,23.92347171665606,/srv/bulk/samteway/lab-data/tracking-fast-timing-20260903-v6/captures/fast-200us-5845000000-tx1-20260903T214707.515234Z/run.json
200,5845000000,TX1,ANT8,True,1.6072090582120193,113.05877159944066,32,47.808,5.753366270327264,/srv/bulk/samteway/lab-data/tracking-fast-timing-20260903-v6/captures/fast-200us-5845000000-tx1-20260903T214707.515234Z/run.json
200,5845000000,TX1,ANT7,True,-3.2297370739708233,64.9184566137489,32,47.808,9.810546611720152,/srv/bulk/samteway/lab-data/tracking-fast-timing-20260903-v6/captures/fast-200us-5845000000-tx1-20260903T214707.515234Z/run.json
200,5845000000,TX1,ANT5,True,-3.257080882205878,60.970271516161205,32,47.808,9.17466188428844,/srv/bulk/samteway/lab-data/tracking-fast-timing-20260903-v6/captures/fast-200us-5845000000-tx1-20260903T214707.515234Z/run.json
200,5845000000,TX2,ANT1,True,5.363547283423722,175.97742055391635,1,1.494,24.448037896015027,/srv/bulk/samteway/lab-data/tracking-fast-timing-20260903-v6/captures/fast-200us-5845000000-tx2-20260903T214720.159390Z/run.json
200,5845000000,TX2,ANT2,True,12.247841478546114,432.2707012013682,1,1.494,9.546303624061862,/srv/bulk/samteway/lab-data/tracking-fast-timing-20260903-v6/captures/fast-200us-5845000000-tx2-20260903T214720.159390Z/run.json
200,5845000000,TX2,ANT4,True,9.804379476044748,290.9894219827615,1,1.494,13.360676875754905,/srv/bulk/samteway/lab-data/tracking-fast-timing-20260903-v6/captures/fast-200us-5845000000-tx2-20260903T214720.159390Z/run.json
200,5845000000,TX2,ANT8,False,-3.3808073737522486,71.32738580515924,1,1.494,65.20695706362218,/srv/bulk/samteway/lab-data/tracking-fast-timing-20260903-v6/captures/fast-200us-5845000000-tx2-20260903T214720.159390Z/run.json
200,5845000000,TX2,ANT7,True,14.785680784716302,857.3006323915199,1,1.494,5.298144812936499,/srv/bulk/samteway/lab-data/tracking-fast-timing-20260903-v6/captures/fast-200us-5845000000-tx2-20260903T214720.159390Z/run.json
200,5845000000,TX2,ANT5,True,12.697453910945054,593.8207428143363,1,1.494,10.843400934648423,/srv/bulk/samteway/lab-data/tracking-fast-timing-20260903-v6/captures/fast-200us-5845000000-tx2-20260903T214720.159390Z/run.json
200,5846000000,TX1,ANT1,True,-11.575410019026735,26.308072403893924,32,47.808,24.6897367867137,/srv/bulk/samteway/lab-data/tracking-fast-timing-20260903-v6/captures/fast-200us-5846000000-tx1-20260903T214734.050479Z/run.json
200,5846000000,TX1,ANT2,True,1.8299903828108934,112.07630896863932,32,47.808,5.3282377741578335,/srv/bulk/samteway/lab-data/tracking-fast-timing-20260903-v6/captures/fast-200us-5846000000-tx1-20260903T214734.050479Z/run.json
200,5846000000,TX1,ANT4,True,-7.846932237383546,37.27747494095177,32,47.808,17.07728456228614,/srv/bulk/samteway/lab-data/tracking-fast-timing-20260903-v6/captures/fast-200us-5846000000-tx1-20260903T214734.050479Z/run.json
200,5846000000,TX1,ANT8,True,1.9673441735670392,117.19434730245617,32,47.808,5.128130278883766,/srv/bulk/samteway/lab-data/tracking-fast-timing-20260903-v6/captures/fast-200us-5846000000-tx1-20260903T214734.050479Z/run.json
200,5846000000,TX1,ANT7,True,-3.279716873291218,62.71946047948924,32,47.808,10.888724874205453,/srv/bulk/samteway/lab-data/tracking-fast-timing-20260903-v6/captures/fast-200us-5846000000-tx1-20260903T214734.050479Z/run.json
200,5846000000,TX1,ANT5,True,-3.466028125193415,58.85658075730465,32,47.808,10.61735136043671,/srv/bulk/samteway/lab-data/tracking-fast-timing-20260903-v6/captures/fast-200us-5846000000-tx1-20260903T214734.050479Z/run.json
200,5846000000,TX2,ANT1,True,12.468793540076085,413.70456678504553,1,1.494,9.293503734956614,/srv/bulk/samteway/lab-data/tracking-fast-timing-20260903-v6/captures/fast-200us-5846000000-tx2-20260903T214746.901718Z/run.json
200,5846000000,TX2,ANT2,True,9.749474758035499,289.0609794692165,1,1.494,13.12465662950746,/srv/bulk/samteway/lab-data/tracking-fast-timing-20260903-v6/captures/fast-200us-5846000000-tx2-20260903T214746.901718Z/run.json
200,5846000000,TX2,ANT4,False,-2.6524647951208906,75.34376804747352,1,1.494,61.30457132740305,/srv/bulk/samteway/lab-data/tracking-fast-timing-20260903-v6/captures/fast-200us-5846000000-tx2-20260903T214746.901718Z/run.json
200,5846000000,TX2,ANT8,True,15.736355574437425,822.6801779547592,1,1.494,5.375701061288682,/srv/bulk/samteway/lab-data/tracking-fast-timing-20260903-v6/captures/fast-200us-5846000000-tx2-20260903T214746.901718Z/run.json
200,5846000000,TX2,ANT7,True,13.62808444227349,577.245652636459,1,1.494,8.900517163434381,/srv/bulk/samteway/lab-data/tracking-fast-timing-20260903-v6/captures/fast-200us-5846000000-tx2-20260903T214746.901718Z/run.json
200,5846000000,TX2,ANT5,True,14.042694953426713,488.9774759950225,1,1.494,8.09569435120427,/srv/bulk/samteway/lab-data/tracking-fast-timing-20260903-v6/captures/fast-200us-5846000000-tx2-20260903T214746.901718Z/run.json
200,5847000000,TX1,ANT1,True,-11.096348057086914,28.23860377970444,,,,/srv/bulk/samteway/lab-data/tracking-fast-timing-20260903-v6/captures/fast-200us-5847000000-tx1-20260903T214801.876174Z/run.json
200,5847000000,TX1,ANT2,True,0.2044619330137777,96.14190998801922,,,,/srv/bulk/samteway/lab-data/tracking-fast-timing-20260903-v6/captures/fast-200us-5847000000-tx1-20260903T214801.876174Z/run.json
200,5847000000,TX1,ANT4,True,-9.414870227560035,31.185589534649022,,,,/srv/bulk/samteway/lab-data/tracking-fast-timing-20260903-v6/captures/fast-200us-5847000000-tx1-20260903T214801.876174Z/run.json
200,5847000000,TX1,ANT8,True,1.5883016634991918,110.70127595989157,,,,/srv/bulk/samteway/lab-data/tracking-fast-timing-20260903-v6/captures/fast-200us-5847000000-tx1-20260903T214801.876174Z/run.json
200,5847000000,TX1,ANT7,True,-4.822092726987349,52.81324883134727,,,,/srv/bulk/samteway/lab-data/tracking-fast-timing-20260903-v6/captures/fast-200us-5847000000-tx1-20260903T214801.876174Z/run.json
200,5847000000,TX1,ANT5,True,-4.025146247937195,56.13298877131207,,,,/srv/bulk/samteway/lab-data/tracking-fast-timing-20260903-v6/captures/fast-200us-5847000000-tx1-20260903T214801.876174Z/run.json
200,5847000000,TX2,ANT1,True,13.114876810206283,435.40000708865585,1,1.495,8.893015510057495,/srv/bulk/samteway/lab-data/tracking-fast-timing-20260903-v6/captures/fast-200us-5847000000-tx2-20260903T214814.510961Z/run.json
200,5847000000,TX2,ANT2,True,10.21334944341003,303.9925259522855,1,1.495,12.70418951615583,/srv/bulk/samteway/lab-data/tracking-fast-timing-20260903-v6/captures/fast-200us-5847000000-tx2-20260903T214814.510961Z/run.json
200,5847000000,TX2,ANT4,False,-1.6029834060864565,80.99684989806015,1,1.495,59.30855185493791,/srv/bulk/samteway/lab-data/tracking-fast-timing-20260903-v6/captures/fast-200us-5847000000-tx2-20260903T214814.510961Z/run.json
200,5847000000,TX2,ANT8,True,17.14777149180702,883.0843564646586,1,1.495,4.711997208680682,/srv/bulk/samteway/lab-data/tracking-fast-timing-20260903-v6/captures/fast-200us-5847000000-tx2-20260903T214814.510961Z/run.json
200,5847000000,TX2,ANT7,True,15.691575287502229,615.890443429592,1,1.495,6.4458804290404315,/srv/bulk/samteway/lab-data/tracking-fast-timing-20260903-v6/captures/fast-200us-5847000000-tx2-20260903T214814.510961Z/run.json
200,5847000000,TX2,ANT5,True,15.008339718774737,513.9555497736657,1,1.495,6.944913256849788,/srv/bulk/samteway/lab-data/tracking-fast-timing-20260903-v6/captures/fast-200us-5847000000-tx2-20260903T214814.510961Z/run.json
200,5848000000,TX1,ANT1,True,-11.933958852936053,24.74542263049044,32,47.808,26.457173252083578,/srv/bulk/samteway/lab-data/tracking-fast-timing-20260903-v6/captures/fast-200us-5848000000-tx1-20260903T214832.159464Z/run.json
200,5848000000,TX1,ANT2,True,2.120618350836478,111.61108836845281,32,47.808,4.407141699274798,/srv/bulk/samteway/lab-data/tracking-fast-timing-20260903-v6/captures/fast-200us-5848000000-tx1-20260903T214832.159464Z/run.json
200,5848000000,TX1,ANT4,True,-6.756316728499039,40.71450117298183,32,47.808,13.339921569465384,/srv/bulk/samteway/lab-data/tracking-fast-timing-20260903-v6/captures/fast-200us-5848000000-tx1-20260903T214832.159464Z/run.json
200,5848000000,TX1,ANT8,True,3.467967694696924,132.28525553912417,32,47.808,4.534891273468457,/srv/bulk/samteway/lab-data/tracking-fast-timing-20260903-v6/captures/fast-200us-5848000000-tx1-20260903T214832.159464Z/run.json
200,5848000000,TX1,ANT7,True,-2.8334984644970067,63.13561522874737,32,47.808,8.921997464558807,/srv/bulk/samteway/lab-data/tracking-fast-timing-20260903-v6/captures/fast-200us-5848000000-tx1-20260903T214832.159464Z/run.json
200,5848000000,TX1,ANT5,True,-2.513703053831286,65.38075473222143,32,47.808,8.350409676801474,/srv/bulk/samteway/lab-data/tracking-fast-timing-20260903-v6/captures/fast-200us-5848000000-tx1-20260903T214832.159464Z/run.json
200,5848000000,TX2,ANT1,True,10.332323739956202,373.85593196445933,64,95.68,4.612809061983588,/srv/bulk/samteway/lab-data/tracking-fast-timing-20260903-v6/captures/fast-200us-5848000000-tx2-20260903T214845.488038Z/run.json
200,5848000000,TX2,ANT2,True,9.56200067142434,296.7478730062113,64,95.68,2.7251893739244832,/srv/bulk/samteway/lab-data/tracking-fast-timing-20260903-v6/captures/fast-200us-5848000000-tx2-20260903T214845.488038Z/run.json
200,5848000000,TX2,ANT4,False,-4.8881713737944,66.46922926355545,64,95.68,55.79564070845566,/srv/bulk/samteway/lab-data/tracking-fast-timing-20260903-v6/captures/fast-200us-5848000000-tx2-20260903T214845.488038Z/run.json
200,5848000000,TX2,ANT8,True,12.789720584360111,747.6099863719954,64,95.68,4.056960106334013,/srv/bulk/samteway/lab-data/tracking-fast-timing-20260903-v6/captures/fast-200us-5848000000-tx2-20260903T214845.488038Z/run.json
200,5848000000,TX2,ANT7,True,8.643156067878131,518.6376160721071,64,95.68,16.98065877873503,/srv/bulk/samteway/lab-data/tracking-fast-timing-20260903-v6/captures/fast-200us-5848000000-tx2-20260903T214845.488038Z/run.json
200,5848000000,TX2,ANT5,True,11.395861777399325,468.8241086834585,64,95.68,9.786414601347271,/srv/bulk/samteway/lab-data/tracking-fast-timing-20260903-v6/captures/fast-200us-5848000000-tx2-20260903T214845.488038Z/run.json
200,5849000000,TX1,ANT1,True,-13.948105691298656,20.215928226625497,32,47.808,35.062356155059874,/srv/bulk/samteway/lab-data/tracking-fast-timing-20260903-v6/captures/fast-200us-5849000000-tx1-20260903T214900.395514Z/run.json
200,5849000000,TX1,ANT2,True,-0.7183655948128344,90.28697895529382,32,47.808,6.922261480704358,/srv/bulk/samteway/lab-data/tracking-fast-timing-20260903-v6/captures/fast-200us-5849000000-tx1-20260903T214900.395514Z/run.json
200,5849000000,TX1,ANT4,True,-7.681427126914693,39.48850895749486,32,47.808,15.77985687185755,/srv/bulk/samteway/lab-data/tracking-fast-timing-20260903-v6/captures/fast-200us-5849000000-tx1-20260903T214900.395514Z/run.json
200,5849000000,TX1,ANT8,True,2.100023555419295,122.25223220703765,32,47.808,5.3564913233757725,/srv/bulk/samteway/lab-data/tracking-fast-timing-20260903-v6/captures/fast-200us-5849000000-tx1-20260903T214900.395514Z/run.json
200,5849000000,TX1,ANT7,True,-5.134661543877891,52.421115021713184,32,47.808,17.6898397524451,/srv/bulk/samteway/lab-data/tracking-fast-timing-20260903-v6/captures/fast-200us-5849000000-tx1-20260903T214900.395514Z/run.json
200,5849000000,TX1,ANT5,True,-2.8380542627254473,64.81427259823023,32,47.808,8.52076248661486,/srv/bulk/samteway/lab-data/tracking-fast-timing-20260903-v6/captures/fast-200us-5849000000-tx1-20260903T214900.395514Z/run.json
200,5849000000,TX2,ANT1,True,13.195341127196201,423.8953117022456,1,1.495,8.720750078164393,/srv/bulk/samteway/lab-data/tracking-fast-timing-20260903-v6/captures/fast-200us-5849000000-tx2-20260903T214913.219801Z/run.json
200,5849000000,TX2,ANT2,True,11.02723407080159,322.71283698149864,1,1.495,11.492899400303976,/srv/bulk/samteway/lab-data/tracking-fast-timing-20260903-v6/captures/fast-200us-5849000000-tx2-20260903T214913.219801Z/run.json
200,5849000000,TX2,ANT4,True,-0.011526864221472902,90.5111578256143,1,1.495,51.44979422326819,/srv/bulk/samteway/lab-data/tracking-fast-timing-20260903-v6/captures/fast-200us-5849000000-tx2-20260903T214913.219801Z/run.json
200,5849000000,TX2,ANT8,True,17.64508231859077,897.1083319379277,1,1.495,4.345833234390141,/srv/bulk/samteway/lab-data/tracking-fast-timing-20260903-v6/captures/fast-200us-5849000000-tx2-20260903T214913.219801Z/run.json
200,5849000000,TX2,ANT7,True,15.845339675881007,614.116692970093,1,1.495,6.2958379911409175,/srv/bulk/samteway/lab-data/tracking-fast-timing-20260903-v6/captures/fast-200us-5849000000-tx2-20260903T214913.219801Z/run.json
200,5849000000,TX2,ANT5,True,15.36661748556818,525.9894979805555,1,1.495,6.7023978008399805,/srv/bulk/samteway/lab-data/tracking-fast-timing-20260903-v6/captures/fast-200us-5849000000-tx2-20260903T214913.219801Z/run.json
200,5850000000,TX1,ANT1,True,-14.274523147577444,18.995412454656503,32,47.808,42.53118788234662,/srv/bulk/samteway/lab-data/tracking-fast-timing-20260903-v6/captures/fast-200us-5850000000-tx1-20260903T214928.934245Z/run.json
200,5850000000,TX1,ANT2,True,-0.2532773057432453,90.87632154717835,32,47.808,6.971352762673826,/srv/bulk/samteway/lab-data/tracking-fast-timing-20260903-v6/captures/fast-200us-5850000000-tx1-20260903T214928.934245Z/run.json
200,5850000000,TX1,ANT4,True,-7.068465355282651,40.61414929739437,32,47.808,18.258051663654307,/srv/bulk/samteway/lab-data/tracking-fast-timing-20260903-v6/captures/fast-200us-5850000000-tx1-20260903T214928.934245Z/run.json
200,5850000000,TX1,ANT8,True,3.201662781597086,132.72473920237286,32,47.808,5.084372175947693,/srv/bulk/samteway/lab-data/tracking-fast-timing-20260903-v6/captures/fast-200us-5850000000-tx1-20260903T214928.934245Z/run.json
200,5850000000,TX1,ANT7,True,-4.174832571961749,56.013825171814545,32,47.808,12.036584021708991,/srv/bulk/samteway/lab-data/tracking-fast-timing-20260903-v6/captures/fast-200us-5850000000-tx1-20260903T214928.934245Z/run.json
200,5850000000,TX1,ANT5,True,-1.9703922061412968,70.17917862433846,32,47.808,8.519785780663254,/srv/bulk/samteway/lab-data/tracking-fast-timing-20260903-v6/captures/fast-200us-5850000000-tx1-20260903T214928.934245Z/run.json
200,5850000000,TX2,ANT1,True,13.021278512121611,415.61493720251707,1,1.495,9.007608811380459,/srv/bulk/samteway/lab-data/tracking-fast-timing-20260903-v6/captures/fast-200us-5850000000-tx2-20260903T214941.523652Z/run.json
200,5850000000,TX2,ANT2,True,11.09263188341427,327.3374973916664,1,1.495,11.382786823890529,/srv/bulk/samteway/lab-data/tracking-fast-timing-20260903-v6/captures/fast-200us-5850000000-tx2-20260903T214941.523652Z/run.json
200,5850000000,TX2,ANT4,True,0.70677298872034,96.17136460259402,1,1.495,47.26619096835681,/srv/bulk/samteway/lab-data/tracking-fast-timing-20260903-v6/captures/fast-200us-5850000000-tx2-20260903T214941.523652Z/run.json
200,5850000000,TX2,ANT8,True,18.508332536483604,897.2481859051735,1,1.495,4.157630197011974,/srv/bulk/samteway/lab-data/tracking-fast-timing-20260903-v6/captures/fast-200us-5850000000-tx2-20260903T214941.523652Z/run.json
200,5850000000,TX2,ANT7,True,16.388081650386344,610.3027326454744,1,1.495,5.923585216719713,/srv/bulk/samteway/lab-data/tracking-fast-timing-20260903-v6/captures/fast-200us-5850000000-tx2-20260903T214941.523652Z/run.json
200,5850000000,TX2,ANT5,True,15.506817410112532,525.4517766016262,1,1.495,6.651013100891741,/srv/bulk/samteway/lab-data/tracking-fast-timing-20260903-v6/captures/fast-200us-5850000000-tx2-20260903T214941.523652Z/run.json
200,5851000000,TX1,ANT1,True,-1.0440091115797772,69.7496420680695,16,23.904,11.178786381935621,/srv/bulk/samteway/lab-data/tracking-fast-timing-20260903-v6/captures/fast-200us-5851000000-tx1-20260903T214955.852524Z/run.json
200,5851000000,TX1,ANT2,True,-14.865872077474316,17.105311445570077,16,23.904,56.54140181442006,/srv/bulk/samteway/lab-data/tracking-fast-timing-20260903-v6/captures/fast-200us-5851000000-tx1-20260903T214955.852524Z/run.json
200,5851000000,TX1,ANT4,True,0.9730860682277326,97.5277925832148,16,23.904,8.589488016411709,/srv/bulk/samteway/lab-data/tracking-fast-timing-20260903-v6/captures/fast-200us-5851000000-tx1-20260903T214955.852524Z/run.json
200,5851000000,TX1,ANT8,True,-5.299951576607564,47.97078588400142,16,23.904,16.731528837833896,/srv/bulk/samteway/lab-data/tracking-fast-timing-20260903-v6/captures/fast-200us-5851000000-tx1-20260903T214955.852524Z/run.json
200,5851000000,TX1,ANT7,True,4.515813136201324,148.41536186541893,16,23.904,4.997062400732635,/srv/bulk/samteway/lab-data/tracking-fast-timing-20260903-v6/captures/fast-200us-5851000000-tx1-20260903T214955.852524Z/run.json
200,5851000000,TX1,ANT5,True,-2.8934328628346533,61.34434229169751,16,23.904,14.428185231266244,/srv/bulk/samteway/lab-data/tracking-fast-timing-20260903-v6/captures/fast-200us-5851000000-tx1-20260903T214955.852524Z/run.json
200,5851000000,TX2,ANT1,True,13.13509795209878,409.91676832411486,1,1.495,8.873312661112022,/srv/bulk/samteway/lab-data/tracking-fast-timing-20260903-v6/captures/fast-200us-5851000000-tx2-20260903T215008.707170Z/run.json
200,5851000000,TX2,ANT2,True,11.633610076750148,342.3189757847593,1,1.495,10.658591057229346,/srv/bulk/samteway/lab-data/tracking-fast-timing-20260903-v6/captures/fast-200us-5851000000-tx2-20260903T215008.707170Z/run.json
200,5851000000,TX2,ANT4,True,1.5276542084105516,101.99416824116581,1,1.495,42.13828469113276,/srv/bulk/samteway/lab-data/tracking-fast-timing-20260903-v6/captures/fast-200us-5851000000-tx2-20260903T215008.707170Z/run.json
200,5851000000,TX2,ANT8,True,19.10549540673533,917.462959783387,1,1.495,3.806752246280124,/srv/bulk/samteway/lab-data/tracking-fast-timing-20260903-v6/captures/fast-200us-5851000000-tx2-20260903T215008.707170Z/run.json
200,5851000000,TX2,ANT7,True,16.575867712574322,611.1396487104441,1,1.495,5.79990772484784,/srv/bulk/samteway/lab-data/tracking-fast-timing-20260903-v6/captures/fast-200us-5851000000-tx2-20260903T215008.707170Z/run.json
200,5851000000,TX2,ANT5,True,15.893123017291224,531.765471597038,1,1.495,6.370960591798482,/srv/bulk/samteway/lab-data/tracking-fast-timing-20260903-v6/captures/fast-200us-5851000000-tx2-20260903T215008.707170Z/run.json
200,5852000000,TX1,ANT1,False,-17.17037129906043,13.359301910646263,32,47.808,54.3206992489062,/srv/bulk/samteway/lab-data/tracking-fast-timing-20260903-v6/captures/fast-200us-5852000000-tx1-20260903T215022.775348Z/run.json
200,5852000000,TX1,ANT2,True,0.26090686294195675,91.28225470468008,32,47.808,6.7697642738694235,/srv/bulk/samteway/lab-data/tracking-fast-timing-20260903-v6/captures/fast-200us-5852000000-tx1-20260903T215022.775348Z/run.json
200,5852000000,TX1,ANT4,True,-4.833568299718128,50.65176855233898,32,47.808,11.743577908383319,/srv/bulk/samteway/lab-data/tracking-fast-timing-20260903-v6/captures/fast-200us-5852000000-tx1-20260903T215022.775348Z/run.json
200,5852000000,TX1,ANT8,True,4.436389999843044,148.5209454939827,32,47.808,4.217827152547408,/srv/bulk/samteway/lab-data/tracking-fast-timing-20260903-v6/captures/fast-200us-5852000000-tx1-20260903T215022.775348Z/run.json
200,5852000000,TX1,ANT7,True,-3.5897574365504403,59.73895967125029,32,47.808,10.645163751955845,/srv/bulk/samteway/lab-data/tracking-fast-timing-20260903-v6/captures/fast-200us-5852000000-tx1-20260903T215022.775348Z/run.json
200,5852000000,TX1,ANT5,True,-0.8088977907925733,80.320060066314,32,47.808,6.1608112618929916,/srv/bulk/samteway/lab-data/tracking-fast-timing-20260903-v6/captures/fast-200us-5852000000-tx1-20260903T215022.775348Z/run.json
200,5852000000,TX2,ANT1,True,13.073888913426801,406.4793240113348,1,1.494,8.913459509597022,/srv/bulk/samteway/lab-data/tracking-fast-timing-20260903-v6/captures/fast-200us-5852000000-tx2-20260903T215035.162174Z/run.json
200,5852000000,TX2,ANT2,True,12.292631473325532,355.2291822411369,1,1.494,9.941768093940306,/srv/bulk/samteway/lab-data/tracking-fast-timing-20260903-v6/captures/fast-200us-5852000000-tx2-20260903T215035.162174Z/run.json
200,5852000000,TX2,ANT4,True,1.437992063939729,99.03852281067418,1,1.494,42.287658480191965,/srv/bulk/samteway/lab-data/tracking-fast-timing-20260903-v6/captures/fast-200us-5852000000-tx2-20260903T215035.162174Z/run.json
200,5852000000,TX2,ANT8,True,19.67024232907972,935.0111675289105,1,1.494,3.653631558278817,/srv/bulk/samteway/lab-data/tracking-fast-timing-20260903-v6/captures/fast-200us-5852000000-tx2-20260903T215035.162174Z/run.json
200,5852000000,TX2,ANT7,True,16.64550693007596,606.126951195239,1,1.494,5.832533545374602,/srv/bulk/samteway/lab-data/tracking-fast-timing-20260903-v6/captures/fast-200us-5852000000-tx2-20260903T215035.162174Z/run.json
200,5852000000,TX2,ANT5,True,15.771922603952486,532.2312202843976,1,1.494,6.668505163694291,/srv/bulk/samteway/lab-data/tracking-fast-timing-20260903-v6/captures/fast-200us-5852000000-tx2-20260903T215035.162174Z/run.json
200,5853000000,TX1,ANT1,False,-19.406661961633272,10.420081193588956,32,47.84,68.86712242873398,/srv/bulk/samteway/lab-data/tracking-fast-timing-20260903-v6/captures/fast-200us-5853000000-tx1-20260903T215049.278840Z/run.json
200,5853000000,TX1,ANT2,True,-0.7183435522616449,82.42640635893807,32,47.84,7.215767475058453,/srv/bulk/samteway/lab-data/tracking-fast-timing-20260903-v6/captures/fast-200us-5853000000-tx1-20260903T215049.278840Z/run.json
200,5853000000,TX1,ANT4,True,-4.857179209762566,51.16306712424728,32,47.84,12.114188751502628,/srv/bulk/samteway/lab-data/tracking-fast-timing-20260903-v6/captures/fast-200us-5853000000-tx1-20260903T215049.278840Z/run.json
200,5853000000,TX1,ANT8,True,3.880227605696127,138.81421281759015,32,47.84,4.124916949569434,/srv/bulk/samteway/lab-data/tracking-fast-timing-20260903-v6/captures/fast-200us-5853000000-tx1-20260903T215049.278840Z/run.json
200,5853000000,TX1,ANT7,True,-4.863837064563415,52.35122454035567,32,47.84,15.563543897034034,/srv/bulk/samteway/lab-data/tracking-fast-timing-20260903-v6/captures/fast-200us-5853000000-tx1-20260903T215049.278840Z/run.json
200,5853000000,TX1,ANT5,True,-1.1374536336689447,78.11468328836732,32,47.84,6.629481589071021,/srv/bulk/samteway/lab-data/tracking-fast-timing-20260903-v6/captures/fast-200us-5853000000-tx1-20260903T215049.278840Z/run.json
200,5853000000,TX2,ANT1,True,11.347961656731995,371.88788926882734,1,1.494,10.951260399393453,/srv/bulk/samteway/lab-data/tracking-fast-timing-20260903-v6/captures/fast-200us-5853000000-tx2-20260903T215102.418401Z/run.json
200,5853000000,TX2,ANT2,True,10.592504215144281,332.29882027833725,1,1.494,11.889840682223697,/srv/bulk/samteway/lab-data/tracking-fast-timing-20260903-v6/captures/fast-200us-5853000000-tx2-20260903T215102.418401Z/run.json
200,5853000000,TX2,ANT4,False,-4.2964336187559455,69.04731098196287,1,1.494,68.16246695902288,/srv/bulk/samteway/lab-data/tracking-fast-timing-20260903-v6/captures/fast-200us-5853000000-tx2-20260903T215102.418401Z/run.json
200,5853000000,TX2,ANT8,True,14.805250259466398,838.6698811330185,1,1.494,5.901558059002574,/srv/bulk/samteway/lab-data/tracking-fast-timing-20260903-v6/captures/fast-200us-5853000000-tx2-20260903T215102.418401Z/run.json
200,5853000000,TX2,ANT7,True,12.450339791537937,545.055328393669,1,1.494,11.053458663428115,/srv/bulk/samteway/lab-data/tracking-fast-timing-20260903-v6/captures/fast-200us-5853000000-tx2-20260903T215102.418401Z/run.json
200,5853000000,TX2,ANT5,True,13.828589392133242,497.63548526413615,1,1.494,8.294379805535666,/srv/bulk/samteway/lab-data/tracking-fast-timing-20260903-v6/captures/fast-200us-5853000000-tx2-20260903T215102.418401Z/run.json
200,5854000000,TX1,ANT1,True,-14.728461576318628,18.056648893729776,32,47.84,43.99090621688201,/srv/bulk/samteway/lab-data/tracking-fast-timing-20260903-v6/captures/fast-200us-5854000000-tx1-20260903T215116.741607Z/run.json
200,5854000000,TX1,ANT2,True,-1.5261182487470104,77.10131710712166,32,47.84,8.003100505240848,/srv/bulk/samteway/lab-data/tracking-fast-timing-20260903-v6/captures/fast-200us-5854000000-tx1-20260903T215116.741607Z/run.json
200,5854000000,TX1,ANT4,True,-3.295570139397867,62.817180170870834,32,47.84,9.667698078598715,/srv/bulk/samteway/lab-data/tracking-fast-timing-20260903-v6/captures/fast-200us-5854000000-tx1-20260903T215116.741607Z/run.json
200,5854000000,TX1,ANT8,True,3.5330599661907893,138.90166539558902,32,47.84,5.620494593031366,/srv/bulk/samteway/lab-data/tracking-fast-timing-20260903-v6/captures/fast-200us-5854000000-tx1-20260903T215116.741607Z/run.json
200,5854000000,TX1,ANT7,True,-5.705347038757219,47.98122150429981,32,47.84,23.106743345463283,/srv/bulk/samteway/lab-data/tracking-fast-timing-20260903-v6/captures/fast-200us-5854000000-tx1-20260903T215116.741607Z/run.json
200,5854000000,TX1,ANT5,True,-0.24240868901295243,84.80859100535697,32,47.84,5.955108748342469,/srv/bulk/samteway/lab-data/tracking-fast-timing-20260903-v6/captures/fast-200us-5854000000-tx1-20260903T215116.741607Z/run.json
200,5854000000,TX2,ANT1,True,12.989972440346303,397.896514989033,1,1.495,9.143661684170475,/srv/bulk/samteway/lab-data/tracking-fast-timing-20260903-v6/captures/fast-200us-5854000000-tx2-20260903T215130.295843Z/run.json
200,5854000000,TX2,ANT2,True,12.684757560128324,372.7073866972159,1,1.495,9.596009852372696,/srv/bulk/samteway/lab-data/tracking-fast-timing-20260903-v6/captures/fast-200us-5854000000-tx2-20260903T215130.295843Z/run.json
200,5854000000,TX2,ANT4,True,1.3757809242938481,99.21954039118961,1,1.495,41.54093885112456,/srv/bulk/samteway/lab-data/tracking-fast-timing-20260903-v6/captures/fast-200us-5854000000-tx2-20260903T215130.295843Z/run.json
200,5854000000,TX2,ANT8,True,20.241162532769255,961.2526602201943,1,1.495,3.64935549464602,/srv/bulk/samteway/lab-data/tracking-fast-timing-20260903-v6/captures/fast-200us-5854000000-tx2-20260903T215130.295843Z/run.json
200,5854000000,TX2,ANT7,True,16.781159930937896,603.675126651506,1,1.495,5.769089597382767,/srv/bulk/samteway/lab-data/tracking-fast-timing-20260903-v6/captures/fast-200us-5854000000-tx2-20260903T215130.295843Z/run.json
200,5854000000,TX2,ANT5,True,16.106098532398597,543.0377037773134,1,1.495,6.344099107883985,/srv/bulk/samteway/lab-data/tracking-fast-timing-20260903-v6/captures/fast-200us-5854000000-tx2-20260903T215130.295843Z/run.json
200,5855000000,TX1,ANT1,True,-14.129204778818236,18.804739377092123,32,47.84,41.80763414722496,/srv/bulk/samteway/lab-data/tracking-fast-timing-20260903-v6/captures/fast-200us-5855000000-tx1-20260903T215144.744990Z/run.json
200,5855000000,TX1,ANT2,True,-0.24875233665369118,85.60837581196445,32,47.84,6.321573202119258,/srv/bulk/samteway/lab-data/tracking-fast-timing-20260903-v6/captures/fast-200us-5855000000-tx1-20260903T215144.744990Z/run.json
200,5855000000,TX1,ANT4,True,-2.155048111674059,69.60767907664616,32,47.84,9.93301908380394,/srv/bulk/samteway/lab-data/tracking-fast-timing-20260903-v6/captures/fast-200us-5855000000-tx1-20260903T215144.744990Z/run.json
200,5855000000,TX1,ANT8,True,4.269647312892181,146.98359416120036,32,47.84,4.267233280450142,/srv/bulk/samteway/lab-data/tracking-fast-timing-20260903-v6/captures/fast-200us-5855000000-tx1-20260903T215144.744990Z/run.json
200,5855000000,TX1,ANT7,True,-3.8973454790482416,55.3217578888956,32,47.84,9.796407590045922,/srv/bulk/samteway/lab-data/tracking-fast-timing-20260903-v6/captures/fast-200us-5855000000-tx1-20260903T215144.744990Z/run.json
200,5855000000,TX1,ANT5,True,-4.351856477314988e-05,86.68328191753372,32,47.84,6.754480505280318,/srv/bulk/samteway/lab-data/tracking-fast-timing-20260903-v6/captures/fast-200us-5855000000-tx1-20260903T215144.744990Z/run.json
200,5855000000,TX2,ANT1,True,4.626116934029801,181.13476908866483,4,5.976,16.951926810245112,/srv/bulk/samteway/lab-data/tracking-fast-timing-20260903-v6/captures/fast-200us-5855000000-tx2-20260903T215157.709696Z/run.json
200,5855000000,TX2,ANT2,True,10.69706689455375,358.6531639462844,4,5.976,6.563686297466019,/srv/bulk/samteway/lab-data/tracking-fast-timing-20260903-v6/captures/fast-200us-5855000000-tx2-20260903T215157.709696Z/run.json
200,5855000000,TX2,ANT4,True,10.298246718752289,343.0085409109154,4,5.976,5.991863571521856,/srv/bulk/samteway/lab-data/tracking-fast-timing-20260903-v6/captures/fast-200us-5855000000-tx2-20260903T215157.709696Z/run.json
200,5855000000,TX2,ANT8,False,-9.928127234802414,43.82491311913877,4,5.976,73.78501893025026,/srv/bulk/samteway/lab-data/tracking-fast-timing-20260903-v6/captures/fast-200us-5855000000-tx2-20260903T215157.709696Z/run.json
200,5855000000,TX2,ANT7,True,12.82419159654189,845.4344183569025,4,5.976,6.0507339851124575,/srv/bulk/samteway/lab-data/tracking-fast-timing-20260903-v6/captures/fast-200us-5855000000-tx2-20260903T215157.709696Z/run.json
200,5855000000,TX2,ANT5,True,10.13243477100329,524.00332844413,4,5.976,14.85082879953819,/srv/bulk/samteway/lab-data/tracking-fast-timing-20260903-v6/captures/fast-200us-5855000000-tx2-20260903T215157.709696Z/run.json
200,5856000000,TX1,ANT1,True,-11.768101110703517,24.994741941581545,32,47.84,25.72481531384239,/srv/bulk/samteway/lab-data/tracking-fast-timing-20260903-v6/captures/fast-200us-5856000000-tx1-20260903T215212.012470Z/run.json
200,5856000000,TX1,ANT2,True,-1.0884452432272456,79.07215330621274,32,47.84,7.598865995163421,/srv/bulk/samteway/lab-data/tracking-fast-timing-20260903-v6/captures/fast-200us-5856000000-tx1-20260903T215212.012470Z/run.json
200,5856000000,TX1,ANT4,True,-1.6419588093551778,74.97886268913284,32,47.84,8.15853741868461,/srv/bulk/samteway/lab-data/tracking-fast-timing-20260903-v6/captures/fast-200us-5856000000-tx1-20260903T215212.012470Z/run.json
200,5856000000,TX1,ANT8,True,3.5595055575858496,138.60475368162594,32,47.84,4.342950756595247,/srv/bulk/samteway/lab-data/tracking-fast-timing-20260903-v6/captures/fast-200us-5856000000-tx1-20260903T215212.012470Z/run.json
200,5856000000,TX1,ANT7,True,-4.816369185237241,51.18807399364494,32,47.84,13.61131362469043,/srv/bulk/samteway/lab-data/tracking-fast-timing-20260903-v6/captures/fast-200us-5856000000-tx1-20260903T215212.012470Z/run.json
200,5856000000,TX1,ANT5,True,-0.1666203485336653,85.33619326533096,32,47.84,6.682464148635434,/srv/bulk/samteway/lab-data/tracking-fast-timing-20260903-v6/captures/fast-200us-5856000000-tx1-20260903T215212.012470Z/run.json
200,5856000000,TX2,ANT1,True,5.415549628593222,166.99064920497335,1,1.495,25.950995233148607,/srv/bulk/samteway/lab-data/tracking-fast-timing-20260903-v6/captures/fast-200us-5856000000-tx2-20260903T215224.914625Z/run.json
200,5856000000,TX2,ANT2,True,11.952607262825108,367.5133123185266,1,1.495,10.361849717271665,/srv/bulk/samteway/lab-data/tracking-fast-timing-20260903-v6/captures/fast-200us-5856000000-tx2-20260903T215224.914625Z/run.json
200,5856000000,TX2,ANT4,True,11.329470577277672,361.59513625294477,1,1.495,10.540217002703537,/srv/bulk/samteway/lab-data/tracking-fast-timing-20260903-v6/captures/fast-200us-5856000000-tx2-20260903T215224.914625Z/run.json
200,5856000000,TX2,ANT8,False,-4.851981539018038,63.913410484515445,1,1.495,70.05561861003001,/srv/bulk/samteway/lab-data/tracking-fast-timing-20260903-v6/captures/fast-200us-5856000000-tx2-20260903T215224.914625Z/run.json
200,5856000000,TX2,ANT7,True,15.962236489301889,914.7993986671083,1,1.495,5.268418692755751,/srv/bulk/samteway/lab-data/tracking-fast-timing-20260903-v6/captures/fast-200us-5856000000-tx2-20260903T215224.914625Z/run.json
200,5856000000,TX2,ANT5,True,14.034218761394444,551.2603872945513,1,1.495,8.385733106576495,/srv/bulk/samteway/lab-data/tracking-fast-timing-20260903-v6/captures/fast-200us-5856000000-tx2-20260903T215224.914625Z/run.json
200,5857000000,TX1,ANT1,True,-10.32391992490599,30.058401042912262,32,47.808,25.385151506067174,/srv/bulk/samteway/lab-data/tracking-fast-timing-20260903-v6/captures/fast-200us-5857000000-tx1-20260903T215239.731861Z/run.json
200,5857000000,TX1,ANT2,True,-0.9678574810918343,81.84938902437119,32,47.808,6.605725214698987,/srv/bulk/samteway/lab-data/tracking-fast-timing-20260903-v6/captures/fast-200us-5857000000-tx1-20260903T215239.731861Z/run.json
200,5857000000,TX1,ANT4,True,-0.6341270115327475,84.47221918563355,32,47.808,7.563909762162523,/srv/bulk/samteway/lab-data/tracking-fast-timing-20260903-v6/captures/fast-200us-5857000000-tx1-20260903T215239.731861Z/run.json
200,5857000000,TX1,ANT8,True,3.2266845553556998,135.11926536466132,32,47.808,5.209713999418038,/srv/bulk/samteway/lab-data/tracking-fast-timing-20260903-v6/captures/fast-200us-5857000000-tx1-20260903T215239.731861Z/run.json
200,5857000000,TX1,ANT7,True,-5.119075411625821,50.956751561683035,32,47.808,13.748168628957956,/srv/bulk/samteway/lab-data/tracking-fast-timing-20260903-v6/captures/fast-200us-5857000000-tx1-20260903T215239.731861Z/run.json
200,5857000000,TX1,ANT5,True,-0.0367133880813334,87.44530210510179,32,47.808,5.770104951301801,/srv/bulk/samteway/lab-data/tracking-fast-timing-20260903-v6/captures/fast-200us-5857000000-tx1-20260903T215239.731861Z/run.json
200,5857000000,TX2,ANT1,True,12.155409032470113,365.2792224648515,1,1.495,10.065891166087711,/srv/bulk/samteway/lab-data/tracking-fast-timing-20260903-v6/captures/fast-200us-5857000000-tx2-20260903T215252.985660Z/run.json
200,5857000000,TX2,ANT2,True,13.131701690981393,388.5865177887034,1,1.495,9.070409001277516,/srv/bulk/samteway/lab-data/tracking-fast-timing-20260903-v6/captures/fast-200us-5857000000-tx2-20260903T215252.985660Z/run.json
200,5857000000,TX2,ANT4,False,0.6068566057631661,91.17488047923564,1,1.495,46.538975663996695,/srv/bulk/samteway/lab-data/tracking-fast-timing-20260903-v6/captures/fast-200us-5857000000-tx2-20260903T215252.985660Z/run.json
200,5857000000,TX2,ANT8,True,20.347732195490863,968.0193169354233,1,1.495,3.5988579449954607,/srv/bulk/samteway/lab-data/tracking-fast-timing-20260903-v6/captures/fast-200us-5857000000-tx2-20260903T215252.985660Z/run.json
200,5857000000,TX2,ANT7,True,16.148258565768018,561.7234539166606,1,1.495,6.171852868167934,/srv/bulk/samteway/lab-data/tracking-fast-timing-20260903-v6/captures/fast-200us-5857000000-tx2-20260903T215252.985660Z/run.json
200,5857000000,TX2,ANT5,True,15.870595636637386,535.3141880228137,1,1.495,6.45202368255114,/srv/bulk/samteway/lab-data/tracking-fast-timing-20260903-v6/captures/fast-200us-5857000000-tx2-20260903T215252.985660Z/run.json
200,5858000000,TX1,ANT1,True,-10.845885035244756,28.664113208630212,,,,/srv/bulk/samteway/lab-data/tracking-fast-timing-20260903-v6/captures/fast-200us-5858000000-tx1-20260903T215307.532205Z/run.json
200,5858000000,TX1,ANT2,True,-2.772195280662735,68.39216060434578,,,,/srv/bulk/samteway/lab-data/tracking-fast-timing-20260903-v6/captures/fast-200us-5858000000-tx1-20260903T215307.532205Z/run.json
200,5858000000,TX1,ANT4,True,-1.15267759865145,83.75588645731814,,,,/srv/bulk/samteway/lab-data/tracking-fast-timing-20260903-v6/captures/fast-200us-5858000000-tx1-20260903T215307.532205Z/run.json
200,5858000000,TX1,ANT8,True,1.728888168591406,116.51964338028364,,,,/srv/bulk/samteway/lab-data/tracking-fast-timing-20260903-v6/captures/fast-200us-5858000000-tx1-20260903T215307.532205Z/run.json
200,5858000000,TX1,ANT7,True,-6.550406849316509,44.40707205187275,,,,/srv/bulk/samteway/lab-data/tracking-fast-timing-20260903-v6/captures/fast-200us-5858000000-tx1-20260903T215307.532205Z/run.json
200,5858000000,TX1,ANT5,True,-1.7097338246479878,72.12544200818444,,,,/srv/bulk/samteway/lab-data/tracking-fast-timing-20260903-v6/captures/fast-200us-5858000000-tx1-20260903T215307.532205Z/run.json
200,5858000000,TX2,ANT1,True,11.631012963650157,346.1081411896587,1,1.494,10.495242849911975,/srv/bulk/samteway/lab-data/tracking-fast-timing-20260903-v6/captures/fast-200us-5858000000-tx2-20260903T215321.355719Z/run.json
200,5858000000,TX2,ANT2,True,12.838216670975788,383.7015214827898,1,1.494,9.186508522341569,/srv/bulk/samteway/lab-data/tracking-fast-timing-20260903-v6/captures/fast-200us-5858000000-tx2-20260903T215321.355719Z/run.json
200,5858000000,TX2,ANT4,False,-0.22413025849687984,85.38066267007913,1,1.494,51.48491668894984,/srv/bulk/samteway/lab-data/tracking-fast-timing-20260903-v6/captures/fast-200us-5858000000-tx2-20260903T215321.355719Z/run.json
200,5858000000,TX2,ANT8,True,18.222068638266215,936.3995201482678,1,1.494,3.7930727907737056,/srv/bulk/samteway/lab-data/tracking-fast-timing-20260903-v6/captures/fast-200us-5858000000-tx2-20260903T215321.355719Z/run.json
200,5858000000,TX2,ANT7,True,14.464312308981453,531.7399598166857,1,1.494,8.172380593791946,/srv/bulk/samteway/lab-data/tracking-fast-timing-20260903-v6/captures/fast-200us-5858000000-tx2-20260903T215321.355719Z/run.json
200,5858000000,TX2,ANT5,True,14.98882021924367,520.5877796994305,1,1.494,7.126543959678614,/srv/bulk/samteway/lab-data/tracking-fast-timing-20260903-v6/captures/fast-200us-5858000000-tx2-20260903T215321.355719Z/run.json
200,5859000000,TX1,ANT1,True,-7.331081620565464,40.37857596709147,16,23.904,22.366920715118322,/srv/bulk/samteway/lab-data/tracking-fast-timing-20260903-v6/captures/fast-200us-5859000000-tx1-20260903T215335.224096Z/run.json
200,5859000000,TX1,ANT2,True,0.5270967642806005,89.50106554120934,16,23.904,9.343789882494843,/srv/bulk/samteway/lab-data/tracking-fast-timing-20260903-v6/captures/fast-200us-5859000000-tx1-20260903T215335.224096Z/run.json
200,5859000000,TX1,ANT4,True,1.1857793438099113,99.59678529708651,16,23.904,8.487971842206829,/srv/bulk/samteway/lab-data/tracking-fast-timing-20260903-v6/captures/fast-200us-5859000000-tx1-20260903T215335.224096Z/run.json
200,5859000000,TX1,ANT8,True,3.4015241076806313,124.70821549859016,16,23.904,5.96565198636614,/srv/bulk/samteway/lab-data/tracking-fast-timing-20260903-v6/captures/fast-200us-5859000000-tx1-20260903T215335.224096Z/run.json
200,5859000000,TX1,ANT7,True,-2.9375699061857046,59.88408202714512,16,23.904,13.463432770664255,/srv/bulk/samteway/lab-data/tracking-fast-timing-20260903-v6/captures/fast-200us-5859000000-tx1-20260903T215335.224096Z/run.json
200,5859000000,TX1,ANT5,True,-0.13555672290853482,84.19008036328611,16,23.904,9.441153154280597,/srv/bulk/samteway/lab-data/tracking-fast-timing-20260903-v6/captures/fast-200us-5859000000-tx1-20260903T215335.224096Z/run.json
200,5859000000,TX2,ANT1,True,10.575093758694052,319.7146451852315,1,1.494,12.12664557600658,/srv/bulk/samteway/lab-data/tracking-fast-timing-20260903-v6/captures/fast-200us-5859000000-tx2-20260903T215347.912747Z/run.json
200,5859000000,TX2,ANT2,True,12.512095376891514,375.8763996356769,1,1.494,9.696584716296085,/srv/bulk/samteway/lab-data/tracking-fast-timing-20260903-v6/captures/fast-200us-5859000000-tx2-20260903T215347.912747Z/run.json
200,5859000000,TX2,ANT4,False,-0.8220459608752027,81.84473468709757,1,1.494,52.59475961261999,/srv/bulk/samteway/lab-data/tracking-fast-timing-20260903-v6/captures/fast-200us-5859000000-tx2-20260903T215347.912747Z/run.json
200,5859000000,TX2,ANT8,True,16.54137245226491,887.7039766377839,1,1.494,4.119050082790492,/srv/bulk/samteway/lab-data/tracking-fast-timing-20260903-v6/captures/fast-200us-5859000000-tx2-20260903T215347.912747Z/run.json
200,5859000000,TX2,ANT7,True,12.37862457570113,488.55171088281617,1,1.494,11.292043946003895,/srv/bulk/samteway/lab-data/tracking-fast-timing-20260903-v6/captures/fast-200us-5859000000-tx2-20260903T215347.912747Z/run.json
200,5859000000,TX2,ANT5,True,13.658083764504523,494.0157196576529,1,1.494,8.672701459152933,/srv/bulk/samteway/lab-data/tracking-fast-timing-20260903-v6/captures/fast-200us-5859000000-tx2-20260903T215347.912747Z/run.json
200,5860000000,TX1,ANT1,True,-6.218937032459612,45.15666627352746,16,23.92,20.039024188377656,/srv/bulk/samteway/lab-data/tracking-fast-timing-20260903-v6/captures/fast-200us-5860000000-tx1-20260903T215401.919164Z/run.json
200,5860000000,TX1,ANT2,True,0.9327446964333617,95.71040098053672,16,23.92,7.817755848786981,/srv/bulk/samteway/lab-data/tracking-fast-timing-20260903-v6/captures/fast-200us-5860000000-tx1-20260903T215401.919164Z/run.json
200,5860000000,TX1,ANT4,True,1.8800767797434361,107.84368959028917,16,23.92,7.178938604118874,/srv/bulk/samteway/lab-data/tracking-fast-timing-20260903-v6/captures/fast-200us-5860000000-tx1-20260903T215401.919164Z/run.json
200,5860000000,TX1,ANT8,True,2.9191977601944834,118.48310983374849,16,23.92,6.568262475181277,/srv/bulk/samteway/lab-data/tracking-fast-timing-20260903-v6/captures/fast-200us-5860000000-tx1-20260903T215401.919164Z/run.json
200,5860000000,TX1,ANT7,True,-2.970168431098603,60.63494553650205,16,23.92,13.287524358478663,/srv/bulk/samteway/lab-data/tracking-fast-timing-20260903-v6/captures/fast-200us-5860000000-tx1-20260903T215401.919164Z/run.json
200,5860000000,TX1,ANT5,True,-0.3678002126930766,80.79955614234109,16,23.92,8.861089798361107,/srv/bulk/samteway/lab-data/tracking-fast-timing-20260903-v6/captures/fast-200us-5860000000-tx1-20260903T215401.919164Z/run.json
200,5860000000,TX2,ANT1,True,11.219819034246928,325.41251558951365,1,1.494,11.300859723728607,/srv/bulk/samteway/lab-data/tracking-fast-timing-20260903-v6/captures/fast-200us-5860000000-tx2-20260903T215415.076126Z/run.json
200,5860000000,TX2,ANT2,True,12.912635761158967,386.94748041175063,1,1.494,9.27792646296882,/srv/bulk/samteway/lab-data/tracking-fast-timing-20260903-v6/captures/fast-200us-5860000000-tx2-20260903T215415.076126Z/run.json
200,5860000000,TX2,ANT4,False,-0.013210244755813153,83.82165066006839,1,1.494,49.78631179370022,/srv/bulk/samteway/lab-data/tracking-fast-timing-20260903-v6/captures/fast-200us-5860000000-tx2-20260903T215415.076126Z/run.json
200,5860000000,TX2,ANT8,True,18.85381874711243,925.0532552843771,1,1.494,3.7578051594309545,/srv/bulk/samteway/lab-data/tracking-fast-timing-20260903-v6/captures/fast-200us-5860000000-tx2-20260903T215415.076126Z/run.json
200,5860000000,TX2,ANT7,True,14.489671463267083,494.475489121514,1,1.494,7.77663756155229,/srv/bulk/samteway/lab-data/tracking-fast-timing-20260903-v6/captures/fast-200us-5860000000-tx2-20260903T215415.076126Z/run.json
200,5860000000,TX2,ANT5,True,15.122799370774917,509.390847601425,1,1.494,7.154388073919828,/srv/bulk/samteway/lab-data/tracking-fast-timing-20260903-v6/captures/fast-200us-5860000000-tx2-20260903T215415.076126Z/run.json
200,5861000000,TX1,ANT1,True,-6.942338732116484,43.7495290971479,32,47.84,13.980457853928655,/srv/bulk/samteway/lab-data/tracking-fast-timing-20260903-v6/captures/fast-200us-5861000000-tx1-20260903T215429.148642Z/run.json
200,5861000000,TX1,ANT2,True,-0.1566942780346883,90.43262436665735,32,47.84,7.09303469273164,/srv/bulk/samteway/lab-data/tracking-fast-timing-20260903-v6/captures/fast-200us-5861000000-tx1-20260903T215429.148642Z/run.json
200,5861000000,TX1,ANT4,True,1.53362948717202,108.29756318885215,32,47.84,5.657042952379113,/srv/bulk/samteway/lab-data/tracking-fast-timing-20260903-v6/captures/fast-200us-5861000000-tx1-20260903T215429.148642Z/run.json
200,5861000000,TX1,ANT8,True,0.8859308024819941,102.75328303573508,32,47.84,5.400001415310414,/srv/bulk/samteway/lab-data/tracking-fast-timing-20260903-v6/captures/fast-200us-5861000000-tx1-20260903T215429.148642Z/run.json
200,5861000000,TX1,ANT7,True,-4.149958153164903,56.77631131024359,32,47.84,10.564094485323617,/srv/bulk/samteway/lab-data/tracking-fast-timing-20260903-v6/captures/fast-200us-5861000000-tx1-20260903T215429.148642Z/run.json
200,5861000000,TX1,ANT5,True,-1.8104353493476857,70.20318953284641,32,47.84,8.097757169125117,/srv/bulk/samteway/lab-data/tracking-fast-timing-20260903-v6/captures/fast-200us-5861000000-tx1-20260903T215429.148642Z/run.json
200,5861000000,TX2,ANT1,True,9.994041888066501,301.37160963883986,1,1.495,13.157532757358055,/srv/bulk/samteway/lab-data/tracking-fast-timing-20260903-v6/captures/fast-200us-5861000000-tx2-20260903T215441.845692Z/run.json
200,5861000000,TX2,ANT2,True,11.974650896505112,369.6299778110284,1,1.495,10.06329894065513,/srv/bulk/samteway/lab-data/tracking-fast-timing-20260903-v6/captures/fast-200us-5861000000-tx2-20260903T215441.845692Z/run.json
200,5861000000,TX2,ANT4,False,-4.432834111310547,59.703542049648014,1,1.495,69.71159279547597,/srv/bulk/samteway/lab-data/tracking-fast-timing-20260903-v6/captures/fast-200us-5861000000-tx2-20260903T215441.845692Z/run.json
200,5861000000,TX2,ANT8,True,16.040623758520248,858.2955946464689,1,1.495,4.644333387896227,/srv/bulk/samteway/lab-data/tracking-fast-timing-20260903-v6/captures/fast-200us-5861000000-tx2-20260903T215441.845692Z/run.json
200,5861000000,TX2,ANT7,True,11.13387883078746,445.86516321749366,1,1.495,13.335570707325317,/srv/bulk/samteway/lab-data/tracking-fast-timing-20260903-v6/captures/fast-200us-5861000000-tx2-20260903T215441.845692Z/run.json
200,5861000000,TX2,ANT5,True,13.51559431468511,476.7738077780106,1,1.495,8.758767459406316,/srv/bulk/samteway/lab-data/tracking-fast-timing-20260903-v6/captures/fast-200us-5861000000-tx2-20260903T215441.845692Z/run.json
200,5862000000,TX1,ANT1,True,-5.3226728056298525,49.5618172218445,16,23.904,18.503386627459506,/srv/bulk/samteway/lab-data/tracking-fast-timing-20260903-v6/captures/fast-200us-5862000000-tx1-20260903T215455.881441Z/run.json
200,5862000000,TX1,ANT2,True,1.6417931692232677,102.77211262570563,16,23.904,7.803532618964457,/srv/bulk/samteway/lab-data/tracking-fast-timing-20260903-v6/captures/fast-200us-5862000000-tx1-20260903T215455.881441Z/run.json
200,5862000000,TX1,ANT4,True,2.6020462828892077,116.5404066148664,16,23.904,6.948185337678756,/srv/bulk/samteway/lab-data/tracking-fast-timing-20260903-v6/captures/fast-200us-5862000000-tx1-20260903T215455.881441Z/run.json
200,5862000000,TX1,ANT8,True,1.2281399598231448,100.71044787536884,16,23.904,8.01053360648902,/srv/bulk/samteway/lab-data/tracking-fast-timing-20260903-v6/captures/fast-200us-5862000000-tx1-20260903T215455.881441Z/run.json
200,5862000000,TX1,ANT7,True,-2.3954771717541448,64.13562440097684,16,23.904,12.822018757653883,/srv/bulk/samteway/lab-data/tracking-fast-timing-20260903-v6/captures/fast-200us-5862000000-tx1-20260903T215455.881441Z/run.json
200,5862000000,TX1,ANT5,True,-2.0033132477473385,66.81913060225538,16,23.904,11.95447381779882,/srv/bulk/samteway/lab-data/tracking-fast-timing-20260903-v6/captures/fast-200us-5862000000-tx1-20260903T215455.881441Z/run.json
200,5862000000,TX2,ANT1,True,11.07156714119062,323.9156491475882,1,1.494,11.578480153505227,/srv/bulk/samteway/lab-data/tracking-fast-timing-20260903-v6/captures/fast-200us-5862000000-tx2-20260903T215508.291157Z/run.json
200,5862000000,TX2,ANT2,True,13.145199311352577,403.64638569225013,1,1.494,8.816561776414328,/srv/bulk/samteway/lab-data/tracking-fast-timing-20260903-v6/captures/fast-200us-5862000000-tx2-20260903T215508.291157Z/run.json
200,5862000000,TX2,ANT4,False,-0.9321286684257823,76.67961871208236,1,1.494,55.75626240905566,/srv/bulk/samteway/lab-data/tracking-fast-timing-20260903-v6/captures/fast-200us-5862000000-tx2-20260903T215508.291157Z/run.json
200,5862000000,TX2,ANT8,True,18.991694432605676,953.2822778472499,1,1.494,3.758928958207142,/srv/bulk/samteway/lab-data/tracking-fast-timing-20260903-v6/captures/fast-200us-5862000000-tx2-20260903T215508.291157Z/run.json
200,5862000000,TX2,ANT7,True,14.515525664721405,479.62960110904095,1,1.494,7.584414897156986,/srv/bulk/samteway/lab-data/tracking-fast-timing-20260903-v6/captures/fast-200us-5862000000-tx2-20260903T215508.291157Z/run.json
200,5862000000,TX2,ANT5,True,15.429512756194574,515.0350302540239,1,1.494,6.60405318063384,/srv/bulk/samteway/lab-data/tracking-fast-timing-20260903-v6/captures/fast-200us-5862000000-tx2-20260903T215508.291157Z/run.json
200,5863000000,TX1,ANT1,True,-4.449499429286289,54.35533367183496,16,23.904,16.579053839044306,/srv/bulk/samteway/lab-data/tracking-fast-timing-20260903-v6/captures/fast-200us-5863000000-tx1-20260903T215522.242536Z/run.json
200,5863000000,TX1,ANT2,True,2.4479477634076616,111.36960653179061,16,23.904,6.805213631180157,/srv/bulk/samteway/lab-data/tracking-fast-timing-20260903-v6/captures/fast-200us-5863000000-tx1-20260903T215522.242536Z/run.json
200,5863000000,TX1,ANT4,True,3.3308157768561886,123.19418431658633,16,23.904,6.172981478577674,/srv/bulk/samteway/lab-data/tracking-fast-timing-20260903-v6/captures/fast-200us-5863000000-tx1-20260903T215522.242536Z/run.json
200,5863000000,TX1,ANT8,True,0.7622360406890709,93.7924661460536,16,23.904,8.018863202311094,/srv/bulk/samteway/lab-data/tracking-fast-timing-20260903-v6/captures/fast-200us-5863000000-tx1-20260903T215522.242536Z/run.json
200,5863000000,TX1,ANT7,True,-2.3177148186235685,63.83799956388016,16,23.904,13.303232732940257,/srv/bulk/samteway/lab-data/tracking-fast-timing-20260903-v6/captures/fast-200us-5863000000-tx1-20260903T215522.242536Z/run.json
200,5863000000,TX1,ANT5,True,-2.865647351328046,60.203605252235555,16,23.904,12.478375480338784,/srv/bulk/samteway/lab-data/tracking-fast-timing-20260903-v6/captures/fast-200us-5863000000-tx1-20260903T215522.242536Z/run.json
200,5863000000,TX2,ANT1,True,10.769056613986477,308.9227002800267,1,1.494,12.034561164029732,/srv/bulk/samteway/lab-data/tracking-fast-timing-20260903-v6/captures/fast-200us-5863000000-tx2-20260903T215534.862389Z/run.json
200,5863000000,TX2,ANT2,True,12.047987921837295,379.07691653744365,1,1.494,9.634308476782993,/srv/bulk/samteway/lab-data/tracking-fast-timing-20260903-v6/captures/fast-200us-5863000000-tx2-20260903T215534.862389Z/run.json
200,5863000000,TX2,ANT4,False,-7.311195867615144,46.298605295491484,1,1.494,77.13663899358428,/srv/bulk/samteway/lab-data/tracking-fast-timing-20260903-v6/captures/fast-200us-5863000000-tx2-20260903T215534.862389Z/run.json
200,5863000000,TX2,ANT8,True,16.73884193399555,886.8854369760577,1,1.494,4.809835020583806,/srv/bulk/samteway/lab-data/tracking-fast-timing-20260903-v6/captures/fast-200us-5863000000-tx2-20260903T215534.862389Z/run.json
200,5863000000,TX2,ANT7,True,12.568221745726875,434.58505214590554,1,1.494,10.115368814161187,/srv/bulk/samteway/lab-data/tracking-fast-timing-20260903-v6/captures/fast-200us-5863000000-tx2-20260903T215534.862389Z/run.json
200,5863000000,TX2,ANT5,True,14.810022628071945,485.19568455787413,1,1.494,6.847827221340675,/srv/bulk/samteway/lab-data/tracking-fast-timing-20260903-v6/captures/fast-200us-5863000000-tx2-20260903T215534.862389Z/run.json
200,5864000000,TX1,ANT1,True,-5.246525428638754,50.52122224699619,16,23.904,17.350246510647622,/srv/bulk/samteway/lab-data/tracking-fast-timing-20260903-v6/captures/fast-200us-5864000000-tx1-20260903T215549.192512Z/run.json
200,5864000000,TX1,ANT2,True,2.125126491413475,108.84935974575419,16,23.904,6.545020388655256,/srv/bulk/samteway/lab-data/tracking-fast-timing-20260903-v6/captures/fast-200us-5864000000-tx1-20260903T215549.192512Z/run.json
200,5864000000,TX1,ANT4,True,2.919486934430558,119.57139757657062,16,23.904,6.739535075222646,/srv/bulk/samteway/lab-data/tracking-fast-timing-20260903-v6/captures/fast-200us-5864000000-tx1-20260903T215549.192512Z/run.json
200,5864000000,TX1,ANT8,True,-0.3447560235306003,82.1264850564233,16,23.904,9.940107709837275,/srv/bulk/samteway/lab-data/tracking-fast-timing-20260903-v6/captures/fast-200us-5864000000-tx1-20260903T215549.192512Z/run.json
200,5864000000,TX1,ANT7,True,-2.4825999420495712,63.25546662734606,16,23.904,14.083328868956627,/srv/bulk/samteway/lab-data/tracking-fast-timing-20260903-v6/captures/fast-200us-5864000000-tx1-20260903T215549.192512Z/run.json
200,5864000000,TX1,ANT5,True,-4.235954566847414,51.56526748900356,16,23.904,16.382716793980514,/srv/bulk/samteway/lab-data/tracking-fast-timing-20260903-v6/captures/fast-200us-5864000000-tx1-20260903T215549.192512Z/run.json
200,5864000000,TX2,ANT1,True,10.490267650254932,299.20611021961344,1,1.494,12.324237771737382,/srv/bulk/samteway/lab-data/tracking-fast-timing-20260903-v6/captures/fast-200us-5864000000-tx2-20260903T215601.897061Z/run.json
200,5864000000,TX2,ANT2,True,12.362733715473958,385.93070175410486,1,1.494,9.612280045606768,/srv/bulk/samteway/lab-data/tracking-fast-timing-20260903-v6/captures/fast-200us-5864000000-tx2-20260903T215601.897061Z/run.json
200,5864000000,TX2,ANT4,False,-4.798942002560969,57.67985636332249,1,1.494,68.38050594974031,/srv/bulk/samteway/lab-data/tracking-fast-timing-20260903-v6/captures/fast-200us-5864000000-tx2-20260903T215601.897061Z/run.json
200,5864000000,TX2,ANT8,True,17.44415011230783,881.9288930632849,1,1.494,4.339816032037349,/srv/bulk/samteway/lab-data/tracking-fast-timing-20260903-v6/captures/fast-200us-5864000000-tx2-20260903T215601.897061Z/run.json
200,5864000000,TX2,ANT7,True,12.757529607131035,418.9626773578131,1,1.494,9.883146489973255,/srv/bulk/samteway/lab-data/tracking-fast-timing-20260903-v6/captures/fast-200us-5864000000-tx2-20260903T215601.897061Z/run.json
200,5864000000,TX2,ANT5,True,14.629120481031443,480.5134107149027,1,1.494,7.195638176374711,/srv/bulk/samteway/lab-data/tracking-fast-timing-20260903-v6/captures/fast-200us-5864000000-tx2-20260903T215601.897061Z/run.json
200,5865000000,TX1,ANT1,True,-4.558098009196715,55.58972880917674,16,23.904,15.549811047642242,/srv/bulk/samteway/lab-data/tracking-fast-timing-20260903-v6/captures/fast-200us-5865000000-tx1-20260903T215616.294835Z/run.json
200,5865000000,TX1,ANT2,True,2.407400989747985,115.45383649986542,16,23.904,7.605734721682528,/srv/bulk/samteway/lab-data/tracking-fast-timing-20260903-v6/captures/fast-200us-5865000000-tx1-20260903T215616.294835Z/run.json
200,5865000000,TX1,ANT4,True,3.07535901225912,124.14416270253075,16,23.904,6.713600302562056,/srv/bulk/samteway/lab-data/tracking-fast-timing-20260903-v6/captures/fast-200us-5865000000-tx1-20260903T215616.294835Z/run.json
200,5865000000,TX1,ANT8,True,-1.0693794783486978,76.52989478061674,16,23.904,10.157548985885303,/srv/bulk/samteway/lab-data/tracking-fast-timing-20260903-v6/captures/fast-200us-5865000000-tx1-20260903T215616.294835Z/run.json
200,5865000000,TX1,ANT7,True,-2.308688508278262,66.27531739167932,16,23.904,10.75461533814543,/srv/bulk/samteway/lab-data/tracking-fast-timing-20260903-v6/captures/fast-200us-5865000000-tx1-20260903T215616.294835Z/run.json
200,5865000000,TX1,ANT5,True,-5.535608767565703,44.996822994304175,16,23.904,19.01461794477051,/srv/bulk/samteway/lab-data/tracking-fast-timing-20260903-v6/captures/fast-200us-5865000000-tx1-20260903T215616.294835Z/run.json
200,5865000000,TX2,ANT1,True,10.531922284569003,294.97778700496553,1,1.494,12.247758758255994,/srv/bulk/samteway/lab-data/tracking-fast-timing-20260903-v6/captures/fast-200us-5865000000-tx2-20260903T215629.138003Z/run.json
200,5865000000,TX2,ANT2,True,13.334594850226244,396.3114471796751,1,1.494,8.661859324835605,/srv/bulk/samteway/lab-data/tracking-fast-timing-20260903-v6/captures/fast-200us-5865000000-tx2-20260903T215629.138003Z/run.json
200,5865000000,TX2,ANT4,False,-1.0800654207301834,73.67741114881733,1,1.494,53.92973506881843,/srv/bulk/samteway/lab-data/tracking-fast-timing-20260903-v6/captures/fast-200us-5865000000-tx2-20260903T215629.138003Z/run.json
200,5865000000,TX2,ANT8,True,18.622402361894864,897.2939830098452,1,1.494,3.857934074245015,/srv/bulk/samteway/lab-data/tracking-fast-timing-20260903-v6/captures/fast-200us-5865000000-tx2-20260903T215629.138003Z/run.json
200,5865000000,TX2,ANT7,True,13.588944629647376,412.32857831197356,1,1.494,8.631782523280771,/srv/bulk/samteway/lab-data/tracking-fast-timing-20260903-v6/captures/fast-200us-5865000000-tx2-20260903T215629.138003Z/run.json
200,5865000000,TX2,ANT5,True,14.989283653985268,479.1000251198918,1,1.494,7.095122595594848,/srv/bulk/samteway/lab-data/tracking-fast-timing-20260903-v6/captures/fast-200us-5865000000-tx2-20260903T215629.138003Z/run.json
200,5866000000,TX1,ANT1,True,-4.272464215261295,55.188534216192004,16,23.904,15.856545604516777,/srv/bulk/samteway/lab-data/tracking-fast-timing-20260903-v6/captures/fast-200us-5866000000-tx1-20260903T215643.278035Z/run.json
200,5866000000,TX1,ANT2,True,3.25386873733727,119.26886957548952,16,23.904,6.875073485771726,/srv/bulk/samteway/lab-data/tracking-fast-timing-20260903-v6/captures/fast-200us-5866000000-tx1-20260903T215643.278035Z/run.json
200,5866000000,TX1,ANT4,True,3.713335316839805,127.04038773319039,16,23.904,6.007133848447818,/srv/bulk/samteway/lab-data/tracking-fast-timing-20260903-v6/captures/fast-200us-5866000000-tx1-20260903T215643.278035Z/run.json
200,5866000000,TX1,ANT8,True,-1.407909752172242,72.33848236101294,16,23.904,10.5014030388318,/srv/bulk/samteway/lab-data/tracking-fast-timing-20260903-v6/captures/fast-200us-5866000000-tx1-20260903T215643.278035Z/run.json
200,5866000000,TX1,ANT7,True,-1.9665048980420314,66.71383903498219,16,23.904,12.002855005858441,/srv/bulk/samteway/lab-data/tracking-fast-timing-20260903-v6/captures/fast-200us-5866000000-tx1-20260903T215643.278035Z/run.json
200,5866000000,TX1,ANT5,True,-6.361400768125528,39.546739080309365,16,23.904,21.89936706620073,/srv/bulk/samteway/lab-data/tracking-fast-timing-20260903-v6/captures/fast-200us-5866000000-tx1-20260903T215643.278035Z/run.json
200,5866000000,TX2,ANT1,True,11.163778500353054,303.7720935194929,1,1.494,11.54767377891785,/srv/bulk/samteway/lab-data/tracking-fast-timing-20260903-v6/captures/fast-200us-5866000000-tx2-20260903T215655.806899Z/run.json
200,5866000000,TX2,ANT2,True,13.92089187967752,412.89847243927017,1,1.494,8.233958291349506,/srv/bulk/samteway/lab-data/tracking-fast-timing-20260903-v6/captures/fast-200us-5866000000-tx2-20260903T215655.806899Z/run.json
200,5866000000,TX2,ANT4,False,-1.1948069893083904,70.99628148809995,1,1.494,55.23595041378183,/srv/bulk/samteway/lab-data/tracking-fast-timing-20260903-v6/captures/fast-200us-5866000000-tx2-20260903T215655.806899Z/run.json
200,5866000000,TX2,ANT8,True,20.24937383484119,928.8959475472781,1,1.494,3.6352519278198354,/srv/bulk/samteway/lab-data/tracking-fast-timing-20260903-v6/captures/fast-200us-5866000000-tx2-20260903T215655.806899Z/run.json
200,5866000000,TX2,ANT7,True,14.046191640497195,409.50896598274335,1,1.494,8.128916779174062,/srv/bulk/samteway/lab-data/tracking-fast-timing-20260903-v6/captures/fast-200us-5866000000-tx2-20260903T215655.806899Z/run.json
200,5866000000,TX2,ANT5,True,15.387615145206494,487.9239128677353,1,1.494,6.852175695431322,/srv/bulk/samteway/lab-data/tracking-fast-timing-20260903-v6/captures/fast-200us-5866000000-tx2-20260903T215655.806899Z/run.json
200,5867000000,TX1,ANT1,True,-4.385919104035747,53.54641151986999,16,23.904,15.773330405037267,/srv/bulk/samteway/lab-data/tracking-fast-timing-20260903-v6/captures/fast-200us-5867000000-tx1-20260903T215709.732807Z/run.json
200,5867000000,TX1,ANT2,True,3.010177815834543,116.29778652096907,16,23.904,6.90696256546611,/srv/bulk/samteway/lab-data/tracking-fast-timing-20260903-v6/captures/fast-200us-5867000000-tx1-20260903T215709.732807Z/run.json
200,5867000000,TX1,ANT4,True,3.4773364719101787,126.28754986563565,16,23.904,5.88445876112859,/srv/bulk/samteway/lab-data/tracking-fast-timing-20260903-v6/captures/fast-200us-5867000000-tx1-20260903T215709.732807Z/run.json
200,5867000000,TX1,ANT8,True,-1.0072248473552439,74.90890506649401,16,23.904,10.407721564471679,/srv/bulk/samteway/lab-data/tracking-fast-timing-20260903-v6/captures/fast-200us-5867000000-tx1-20260903T215709.732807Z/run.json
200,5867000000,TX1,ANT7,True,-1.862781290248857,66.40304081809067,16,23.904,11.86532458275765,/srv/bulk/samteway/lab-data/tracking-fast-timing-20260903-v6/captures/fast-200us-5867000000-tx1-20260903T215709.732807Z/run.json
200,5867000000,TX1,ANT5,True,-7.746978057065678,33.697360758975734,16,23.904,25.637572115373796,/srv/bulk/samteway/lab-data/tracking-fast-timing-20260903-v6/captures/fast-200us-5867000000-tx1-20260903T215709.732807Z/run.json
200,5867000000,TX2,ANT1,True,10.18022180429426,276.7217166771712,1,1.494,12.953451594922472,/srv/bulk/samteway/lab-data/tracking-fast-timing-20260903-v6/captures/fast-200us-5867000000-tx2-20260903T215722.027654Z/run.json
200,5867000000,TX2,ANT2,True,13.104315607632298,392.2199506118423,1,1.494,8.757932284644708,/srv/bulk/samteway/lab-data/tracking-fast-timing-20260903-v6/captures/fast-200us-5867000000-tx2-20260903T215722.027654Z/run.json
200,5867000000,TX2,ANT4,False,-2.0948134549319737,66.06378076203649,1,1.494,60.43427832171488,/srv/bulk/samteway/lab-data/tracking-fast-timing-20260903-v6/captures/fast-200us-5867000000-tx2-20260903T215722.027654Z/run.json
200,5867000000,TX2,ANT8,True,18.074818460911345,857.324057831909,1,1.494,4.093985228083458,/srv/bulk/samteway/lab-data/tracking-fast-timing-20260903-v6/captures/fast-200us-5867000000-tx2-20260903T215722.027654Z/run.json
200,5867000000,TX2,ANT7,True,12.2743397671731,371.4589811569117,1,1.494,10.308661346673079,/srv/bulk/samteway/lab-data/tracking-fast-timing-20260903-v6/captures/fast-200us-5867000000-tx2-20260903T215722.027654Z/run.json
200,5867000000,TX2,ANT5,True,14.208748576891763,448.99373859174796,1,1.494,7.7568015812699045,/srv/bulk/samteway/lab-data/tracking-fast-timing-20260903-v6/captures/fast-200us-5867000000-tx2-20260903T215722.027654Z/run.json
200,5868000000,TX1,ANT1,True,-2.4755385764714943,56.280530099211234,16,23.904,14.260879792077457,/srv/bulk/samteway/lab-data/tracking-fast-timing-20260903-v6/captures/fast-200us-5868000000-tx1-20260903T215735.859105Z/run.json
200,5868000000,TX1,ANT2,True,-3.7782445007793717,58.65889011657464,16,23.904,12.869180304516414,/srv/bulk/samteway/lab-data/tracking-fast-timing-20260903-v6/captures/fast-200us-5868000000-tx1-20260903T215735.859105Z/run.json
200,5868000000,TX1,ANT4,True,3.5033314421728354,121.85033812700465,16,23.904,6.354149351767423,/srv/bulk/samteway/lab-data/tracking-fast-timing-20260903-v6/captures/fast-200us-5868000000-tx1-20260903T215735.859105Z/run.json
200,5868000000,TX1,ANT8,True,3.6347145049375236,124.0399585643372,16,23.904,5.390938960830842,/srv/bulk/samteway/lab-data/tracking-fast-timing-20260903-v6/captures/fast-200us-5868000000-tx1-20260903T215735.859105Z/run.json
200,5868000000,TX1,ANT7,True,-0.6434528924398049,76.11835666476229,16,23.904,10.402424827315206,/srv/bulk/samteway/lab-data/tracking-fast-timing-20260903-v6/captures/fast-200us-5868000000-tx1-20260903T215735.859105Z/run.json
200,5868000000,TX1,ANT5,True,-1.9818803155280715,64.93854757302083,16,23.904,11.06692241001964,/srv/bulk/samteway/lab-data/tracking-fast-timing-20260903-v6/captures/fast-200us-5868000000-tx1-20260903T215735.859105Z/run.json
200,5868000000,TX2,ANT1,True,9.479993611761056,269.98757645389804,1,1.494,14.206071630854215,/srv/bulk/samteway/lab-data/tracking-fast-timing-20260903-v6/captures/fast-200us-5868000000-tx2-20260903T215748.716093Z/run.json
200,5868000000,TX2,ANT2,True,13.332976393938507,393.5621983714904,1,1.494,8.559760913961744,/srv/bulk/samteway/lab-data/tracking-fast-timing-20260903-v6/captures/fast-200us-5868000000-tx2-20260903T215748.716093Z/run.json
200,5868000000,TX2,ANT4,False,-2.6045356714365626,64.92400533565156,1,1.494,59.178783081660825,/srv/bulk/samteway/lab-data/tracking-fast-timing-20260903-v6/captures/fast-200us-5868000000-tx2-20260903T215748.716093Z/run.json
200,5868000000,TX2,ANT8,True,15.279236294082402,835.1129145607821,1,1.494,4.295157796683698,/srv/bulk/samteway/lab-data/tracking-fast-timing-20260903-v6/captures/fast-200us-5868000000-tx2-20260903T215748.716093Z/run.json
200,5868000000,TX2,ANT7,True,9.204180334400334,349.46073936178396,1,1.494,17.09208247697372,/srv/bulk/samteway/lab-data/tracking-fast-timing-20260903-v6/captures/fast-200us-5868000000-tx2-20260903T215748.716093Z/run.json
200,5868000000,TX2,ANT5,True,12.560557367946966,430.7481650374823,1,1.494,10.156427255497263,/srv/bulk/samteway/lab-data/tracking-fast-timing-20260903-v6/captures/fast-200us-5868000000-tx2-20260903T215748.716093Z/run.json
200,5869000000,TX1,ANT1,True,-3.107233198564426,63.21090649267217,16,23.904,12.118844744846143,/srv/bulk/samteway/lab-data/tracking-fast-timing-20260903-v6/captures/fast-200us-5869000000-tx1-20260903T215802.746747Z/run.json
200,5869000000,TX1,ANT2,True,4.000289024879286,127.40436720718232,16,23.904,5.62928538506791,/srv/bulk/samteway/lab-data/tracking-fast-timing-20260903-v6/captures/fast-200us-5869000000-tx1-20260903T215802.746747Z/run.json
200,5869000000,TX1,ANT4,True,3.515005438980332,121.65103174957052,16,23.904,6.213968639970448,/srv/bulk/samteway/lab-data/tracking-fast-timing-20260903-v6/captures/fast-200us-5869000000-tx1-20260903T215802.746747Z/run.json
200,5869000000,TX1,ANT8,True,0.13532200320848078,82.24880520929513,16,23.904,8.84765194314799,/srv/bulk/samteway/lab-data/tracking-fast-timing-20260903-v6/captures/fast-200us-5869000000-tx1-20260903T215802.746747Z/run.json
200,5869000000,TX1,ANT7,True,-1.5824251858690417,66.09533292842981,16,23.904,10.584036255112732,/srv/bulk/samteway/lab-data/tracking-fast-timing-20260903-v6/captures/fast-200us-5869000000-tx1-20260903T215802.746747Z/run.json
200,5869000000,TX1,ANT5,True,-9.072794863565818,27.784617726070916,16,23.904,29.993969371638713,/srv/bulk/samteway/lab-data/tracking-fast-timing-20260903-v6/captures/fast-200us-5869000000-tx1-20260903T215802.746747Z/run.json
200,5869000000,TX2,ANT1,True,10.666257729239561,281.6638624579774,1,1.494,12.152122715004392,/srv/bulk/samteway/lab-data/tracking-fast-timing-20260903-v6/captures/fast-200us-5869000000-tx2-20260903T215815.458677Z/run.json
200,5869000000,TX2,ANT2,True,13.9561945603912,399.1838054345472,1,1.494,8.045957284522679,/srv/bulk/samteway/lab-data/tracking-fast-timing-20260903-v6/captures/fast-200us-5869000000-tx2-20260903T215815.458677Z/run.json
200,5869000000,TX2,ANT4,False,-1.7653431978805212,64.73608098262429,1,1.494,58.256559439420776,/srv/bulk/samteway/lab-data/tracking-fast-timing-20260903-v6/captures/fast-200us-5869000000-tx2-20260903T215815.458677Z/run.json
200,5869000000,TX2,ANT8,True,19.48064381550481,869.1231879160464,1,1.494,3.75958256576076,/srv/bulk/samteway/lab-data/tracking-fast-timing-20260903-v6/captures/fast-200us-5869000000-tx2-20260903T215815.458677Z/run.json
200,5869000000,TX2,ANT7,True,12.936460113160047,352.5166471439159,1,1.494,9.15853048870834,/srv/bulk/samteway/lab-data/tracking-fast-timing-20260903-v6/captures/fast-200us-5869000000-tx2-20260903T215815.458677Z/run.json
200,5869000000,TX2,ANT5,True,14.919081245235937,438.09560555624887,1,1.494,7.30743342216742,/srv/bulk/samteway/lab-data/tracking-fast-timing-20260903-v6/captures/fast-200us-5869000000-tx2-20260903T215815.458677Z/run.json
200,5870000000,TX1,ANT1,True,-3.162827110530771,52.871667744001726,16,23.904,13.973912438855697,/srv/bulk/samteway/lab-data/tracking-fast-timing-20260903-v6/captures/fast-200us-5870000000-tx1-20260903T215829.758161Z/run.json
200,5870000000,TX1,ANT2,True,-2.881049030483951,63.50616251103974,16,23.904,12.951289996027509,/srv/bulk/samteway/lab-data/tracking-fast-timing-20260903-v6/captures/fast-200us-5870000000-tx1-20260903T215829.758161Z/run.json
200,5870000000,TX1,ANT4,True,3.7925886624228102,126.81832932391083,16,23.904,6.77615440644148,/srv/bulk/samteway/lab-data/tracking-fast-timing-20260903-v6/captures/fast-200us-5870000000-tx1-20260903T215829.758161Z/run.json
200,5870000000,TX1,ANT8,True,3.125795993830154,118.66324849391899,16,23.904,6.5676228826245335,/srv/bulk/samteway/lab-data/tracking-fast-timing-20260903-v6/captures/fast-200us-5870000000-tx1-20260903T215829.758161Z/run.json
200,5870000000,TX1,ANT7,True,0.03129540375037176,84.07326107664453,16,23.904,8.500268740421532,/srv/bulk/samteway/lab-data/tracking-fast-timing-20260903-v6/captures/fast-200us-5870000000-tx1-20260903T215829.758161Z/run.json
200,5870000000,TX1,ANT5,True,-1.7153119263846612,66.78649171651304,16,23.904,11.026986224272571,/srv/bulk/samteway/lab-data/tracking-fast-timing-20260903-v6/captures/fast-200us-5870000000-tx1-20260903T215829.758161Z/run.json
200,5870000000,TX2,ANT1,True,2.615767432158483,128.23743291996038,2,2.988,26.065729490573,/srv/bulk/samteway/lab-data/tracking-fast-timing-20260903-v6/captures/fast-200us-5870000000-tx2-20260903T215842.683163Z/run.json
200,5870000000,TX2,ANT2,True,8.86635513418345,253.32373080729064,2,2.988,10.541999266474367,/srv/bulk/samteway/lab-data/tracking-fast-timing-20260903-v6/captures/fast-200us-5870000000-tx2-20260903T215842.683163Z/run.json
200,5870000000,TX2,ANT4,True,12.579384504596584,368.15561421099903,2,2.988,6.453402155403288,/srv/bulk/samteway/lab-data/tracking-fast-timing-20260903-v6/captures/fast-200us-5870000000-tx2-20260903T215842.683163Z/run.json
200,5870000000,TX2,ANT8,False,-7.982824793085648,37.7243550901903,2,2.988,74.69324960329305,/srv/bulk/samteway/lab-data/tracking-fast-timing-20260903-v6/captures/fast-200us-5870000000-tx2-20260903T215842.683163Z/run.json
200,5870000000,TX2,ANT7,True,15.690345288528622,764.7202653607485,2,2.988,3.319698293393159,/srv/bulk/samteway/lab-data/tracking-fast-timing-20260903-v6/captures/fast-200us-5870000000-tx2-20260903T215842.683163Z/run.json
200,5870000000,TX2,ANT5,True,8.488038752604925,300.8313532282087,2,2.988,16.481992379448435,/srv/bulk/samteway/lab-data/tracking-fast-timing-20260903-v6/captures/fast-200us-5870000000-tx2-20260903T215842.683163Z/run.json
200,5871000000,TX1,ANT1,True,-2.2237591087782667,66.24337824136963,16,23.904,12.375274842114463,/srv/bulk/samteway/lab-data/tracking-fast-timing-20260903-v6/captures/fast-200us-5871000000-tx1-20260903T215856.985882Z/run.json
200,5871000000,TX1,ANT2,True,4.451677143651672,133.78277655016723,16,23.904,5.395028675386056,/srv/bulk/samteway/lab-data/tracking-fast-timing-20260903-v6/captures/fast-200us-5871000000-tx1-20260903T215856.985882Z/run.json
200,5871000000,TX1,ANT4,True,3.797939709842723,120.29478561411311,16,23.904,6.067969470895612,/srv/bulk/samteway/lab-data/tracking-fast-timing-20260903-v6/captures/fast-200us-5871000000-tx1-20260903T215856.985882Z/run.json
200,5871000000,TX1,ANT8,True,1.1148141119936046,91.11215991149832,16,23.904,8.185245894876745,/srv/bulk/samteway/lab-data/tracking-fast-timing-20260903-v6/captures/fast-200us-5871000000-tx1-20260903T215856.985882Z/run.json
200,5871000000,TX1,ANT7,True,-1.4558466177180613,66.80593313145319,16,23.904,11.545090792930973,/srv/bulk/samteway/lab-data/tracking-fast-timing-20260903-v6/captures/fast-200us-5871000000-tx1-20260903T215856.985882Z/run.json
200,5871000000,TX1,ANT5,True,-8.929611123818828,28.284665014837874,16,23.904,30.601229821046424,/srv/bulk/samteway/lab-data/tracking-fast-timing-20260903-v6/captures/fast-200us-5871000000-tx1-20260903T215856.985882Z/run.json
200,5871000000,TX2,ANT1,True,10.399492605478414,270.6436230264769,1,1.494,12.640489855133026,/srv/bulk/samteway/lab-data/tracking-fast-timing-20260903-v6/captures/fast-200us-5871000000-tx2-20260903T215909.955690Z/run.json
200,5871000000,TX2,ANT2,True,14.08586810823255,399.9226572672417,1,1.494,8.034093359143517,/srv/bulk/samteway/lab-data/tracking-fast-timing-20260903-v6/captures/fast-200us-5871000000-tx2-20260903T215909.955690Z/run.json
200,5871000000,TX2,ANT4,False,-2.553154244311637,58.08262744231623,1,1.494,61.62824310252019,/srv/bulk/samteway/lab-data/tracking-fast-timing-20260903-v6/captures/fast-200us-5871000000-tx2-20260903T215909.955690Z/run.json
200,5871000000,TX2,ANT8,True,20.01768695527934,851.8138320568899,1,1.494,3.756432440414792,/srv/bulk/samteway/lab-data/tracking-fast-timing-20260903-v6/captures/fast-200us-5871000000-tx2-20260903T215909.955690Z/run.json
200,5871000000,TX2,ANT7,True,12.443149971250005,326.5503155915544,1,1.494,9.661713027611592,/srv/bulk/samteway/lab-data/tracking-fast-timing-20260903-v6/captures/fast-200us-5871000000-tx2-20260903T215909.955690Z/run.json
200,5871000000,TX2,ANT5,True,14.572668889306012,415.4429800281446,1,1.494,7.656331264034318,/srv/bulk/samteway/lab-data/tracking-fast-timing-20260903-v6/captures/fast-200us-5871000000-tx2-20260903T215909.955690Z/run.json
200,5872000000,TX1,ANT1,True,-2.199883260436291,66.07074127078387,16,23.904,11.088164166944791,/srv/bulk/samteway/lab-data/tracking-fast-timing-20260903-v6/captures/fast-200us-5872000000-tx1-20260903T215923.927465Z/run.json
200,5872000000,TX1,ANT2,True,4.502784573432286,130.77265028767917,16,23.904,5.419975643906756,/srv/bulk/samteway/lab-data/tracking-fast-timing-20260903-v6/captures/fast-200us-5872000000-tx1-20260903T215923.927465Z/run.json
200,5872000000,TX1,ANT4,True,3.2081854158065326,115.47576034889354,16,23.904,6.335771310464157,/srv/bulk/samteway/lab-data/tracking-fast-timing-20260903-v6/captures/fast-200us-5872000000-tx1-20260903T215923.927465Z/run.json
200,5872000000,TX1,ANT8,True,1.376751320797264,93.92647892619333,16,23.904,7.536721914604987,/srv/bulk/samteway/lab-data/tracking-fast-timing-20260903-v6/captures/fast-200us-5872000000-tx1-20260903T215923.927465Z/run.json
200,5872000000,TX1,ANT7,True,-1.846275235834248,64.61416155201215,16,23.904,10.826205337146414,/srv/bulk/samteway/lab-data/tracking-fast-timing-20260903-v6/captures/fast-200us-5872000000-tx1-20260903T215923.927465Z/run.json
200,5872000000,TX1,ANT5,True,-7.232821505392611,33.953288523420696,16,23.904,21.1909298008118,/srv/bulk/samteway/lab-data/tracking-fast-timing-20260903-v6/captures/fast-200us-5872000000-tx1-20260903T215923.927465Z/run.json
200,5872000000,TX2,ANT1,True,3.0969002049687235,104.89865705368881,1,1.494,34.22615833313323,/srv/bulk/samteway/lab-data/tracking-fast-timing-20260903-v6/captures/fast-200us-5872000000-tx2-20260903T215936.445607Z/run.json
200,5872000000,TX2,ANT2,True,10.188598313917447,256.961805698225,1,1.494,12.673378547434863,/srv/bulk/samteway/lab-data/tracking-fast-timing-20260903-v6/captures/fast-200us-5872000000-tx2-20260903T215936.445607Z/run.json
200,5872000000,TX2,ANT4,True,13.579136881447052,381.7665641836925,1,1.494,8.399297825686794,/srv/bulk/samteway/lab-data/tracking-fast-timing-20260903-v6/captures/fast-200us-5872000000-tx2-20260903T215936.445607Z/run.json
200,5872000000,TX2,ANT8,False,-4.260528510564409,48.13999885743368,1,1.494,69.61347450959533,/srv/bulk/samteway/lab-data/tracking-fast-timing-20260903-v6/captures/fast-200us-5872000000-tx2-20260903T215936.445607Z/run.json
200,5872000000,TX2,ANT7,True,18.984438036722757,805.7023248833273,1,1.494,3.867055387427566,/srv/bulk/samteway/lab-data/tracking-fast-timing-20260903-v6/captures/fast-200us-5872000000-tx2-20260903T215936.445607Z/run.json
200,5872000000,TX2,ANT5,True,11.810308123560898,301.69711296162546,1,1.494,10.546578307191085,/srv/bulk/samteway/lab-data/tracking-fast-timing-20260903-v6/captures/fast-200us-5872000000-tx2-20260903T215936.445607Z/run.json
200,5873000000,TX1,ANT1,True,-3.4762399001971254,51.374666332268184,16,23.904,15.05206313860523,/srv/bulk/samteway/lab-data/tracking-fast-timing-20260903-v6/captures/fast-200us-5873000000-tx1-20260903T215950.357841Z/run.json
200,5873000000,TX1,ANT2,True,-2.2081358077835453,68.0419768322757,16,23.904,11.411886078596899,/srv/bulk/samteway/lab-data/tracking-fast-timing-20260903-v6/captures/fast-200us-5873000000-tx1-20260903T215950.357841Z/run.json
200,5873000000,TX1,ANT4,True,3.700461964578202,126.7021069902408,16,23.904,6.386643556047698,/srv/bulk/samteway/lab-data/tracking-fast-timing-20260903-v6/captures/fast-200us-5873000000-tx1-20260903T215950.357841Z/run.json
200,5873000000,TX1,ANT8,True,2.3334826246925697,109.56321297813302,16,23.904,6.799757447876189,/srv/bulk/samteway/lab-data/tracking-fast-timing-20260903-v6/captures/fast-200us-5873000000-tx1-20260903T215950.357841Z/run.json
200,5873000000,TX1,ANT7,True,0.9241921305904488,93.75318894232058,16,23.904,8.231807888634114,/srv/bulk/samteway/lab-data/tracking-fast-timing-20260903-v6/captures/fast-200us-5873000000-tx1-20260903T215950.357841Z/run.json
200,5873000000,TX1,ANT5,True,-2.2251981236154554,64.54023722567078,16,23.904,11.434039738549021,/srv/bulk/samteway/lab-data/tracking-fast-timing-20260903-v6/captures/fast-200us-5873000000-tx1-20260903T215950.357841Z/run.json
200,5873000000,TX2,ANT1,True,2.6857193160862787,98.20758440328026,1,1.494,36.429538210669335,/srv/bulk/samteway/lab-data/tracking-fast-timing-20260903-v6/captures/fast-200us-5873000000-tx2-20260903T220002.805791Z/run.json
200,5873000000,TX2,ANT2,True,9.959158432545877,253.06174688489298,1,1.494,13.336496561197695,/srv/bulk/samteway/lab-data/tracking-fast-timing-20260903-v6/captures/fast-200us-5873000000-tx2-20260903T220002.805791Z/run.json
200,5873000000,TX2,ANT4,True,13.46837312820438,375.5136617182208,1,1.494,8.235890329523713,/srv/bulk/samteway/lab-data/tracking-fast-timing-20260903-v6/captures/fast-200us-5873000000-tx2-20260903T220002.805791Z/run.json
200,5873000000,TX2,ANT8,False,-5.601272643894256,41.769120565712605,1,1.494,73.0607354086062,/srv/bulk/samteway/lab-data/tracking-fast-timing-20260903-v6/captures/fast-200us-5873000000-tx2-20260903T220002.805791Z/run.json
200,5873000000,TX2,ANT7,True,18.538092328412294,787.3991619979681,1,1.494,4.113150630821256,/srv/bulk/samteway/lab-data/tracking-fast-timing-20260903-v6/captures/fast-200us-5873000000-tx2-20260903T220002.805791Z/run.json
200,5873000000,TX2,ANT5,True,11.206445583114267,287.01460211978844,1,1.494,11.36192729466007,/srv/bulk/samteway/lab-data/tracking-fast-timing-20260903-v6/captures/fast-200us-5873000000-tx2-20260903T220002.805791Z/run.json
200,5874000000,TX1,ANT1,True,-2.5736625773109663,52.03211607243483,16,23.904,14.766385778839872,/srv/bulk/samteway/lab-data/tracking-fast-timing-20260903-v6/captures/fast-200us-5874000000-tx1-20260903T220021.825337Z/run.json
200,5874000000,TX1,ANT2,True,-2.184408294866022,68.73059276931976,16,23.904,10.536894997636185,/srv/bulk/samteway/lab-data/tracking-fast-timing-20260903-v6/captures/fast-200us-5874000000-tx1-20260903T220021.825337Z/run.json
200,5874000000,TX1,ANT4,True,4.122036485555818,125.95919274809242,16,23.904,5.480956592251633,/srv/bulk/samteway/lab-data/tracking-fast-timing-20260903-v6/captures/fast-200us-5874000000-tx1-20260903T220021.825337Z/run.json
200,5874000000,TX1,ANT8,True,2.665958283653313,107.39375119727056,16,23.904,6.561020374877607,/srv/bulk/samteway/lab-data/tracking-fast-timing-20260903-v6/captures/fast-200us-5874000000-tx1-20260903T220021.825337Z/run.json
200,5874000000,TX1,ANT7,True,1.7885448148287293,98.16111562521499,16,23.904,7.22435280998994,/srv/bulk/samteway/lab-data/tracking-fast-timing-20260903-v6/captures/fast-200us-5874000000-tx1-20260903T220021.825337Z/run.json
200,5874000000,TX1,ANT5,True,-1.948692642800851,61.863636786201894,16,23.904,12.88181666226086,/srv/bulk/samteway/lab-data/tracking-fast-timing-20260903-v6/captures/fast-200us-5874000000-tx1-20260903T220021.825337Z/run.json
200,5874000000,TX2,ANT1,True,1.943391398278006,96.4181471693771,1,1.494,41.39393719284254,/srv/bulk/samteway/lab-data/tracking-fast-timing-20260903-v6/captures/fast-200us-5874000000-tx2-20260903T220034.593083Z/run.json
200,5874000000,TX2,ANT2,True,9.180003460293896,234.89543207078952,1,1.494,14.839513234694424,/srv/bulk/samteway/lab-data/tracking-fast-timing-20260903-v6/captures/fast-200us-5874000000-tx2-20260903T220034.593083Z/run.json
200,5874000000,TX2,ANT4,True,12.742713553807741,350.37776881764313,1,1.494,9.111185765683803,/srv/bulk/samteway/lab-data/tracking-fast-timing-20260903-v6/captures/fast-200us-5874000000-tx2-20260903T220034.593083Z/run.json
200,5874000000,TX2,ANT8,False,-8.516714678695184,31.401857796820266,1,1.494,80.88652052343383,/srv/bulk/samteway/lab-data/tracking-fast-timing-20260903-v6/captures/fast-200us-5874000000-tx2-20260903T220034.593083Z/run.json
200,5874000000,TX2,ANT7,True,17.342066721819126,723.2593649883273,1,1.494,4.61859957630073,/srv/bulk/samteway/lab-data/tracking-fast-timing-20260903-v6/captures/fast-200us-5874000000-tx2-20260903T220034.593083Z/run.json
200,5874000000,TX2,ANT5,True,10.07085336895486,259.97549171926426,1,1.494,13.160461209446945,/srv/bulk/samteway/lab-data/tracking-fast-timing-20260903-v6/captures/fast-200us-5874000000-tx2-20260903T220034.593083Z/run.json
