configuration,dwell_us,round,control,method,leading_discard_us,sample_count,phase_pass_ms,weighted_phase_bias_deg,maximum_observable_phase_bias_deg,maximum_gain_error_db,passed,run_json
A,200,1,True,legacy,0,388.0,50.817258832200544,0.9014949789213934,4.871308185330234,1.240856672667895,False,/srv/bulk/samteway/lab-data/tracking-rate-timing-20260908-v2/captures/screen-r1-A-200us-control-20260908T071633.119194Z/run.json
A,200,1,True,legacy,1,386.0,50.817258832200544,0.9081406757842794,4.577501249006671,1.2140248188125147,False,/srv/bulk/samteway/lab-data/tracking-rate-timing-20260908-v2/captures/screen-r1-A-200us-control-20260908T071633.119194Z/run.json
A,200,1,True,legacy,2,384.0,50.817258832200544,0.923643362258685,4.949859559898116,1.1307561008926363,False,/srv/bulk/samteway/lab-data/tracking-rate-timing-20260908-v2/captures/screen-r1-A-200us-control-20260908T071633.119194Z/run.json
A,200,1,True,legacy,5,378.0,50.817258832200544,0.988958721258827,4.924649975625105,0.9716442694582837,True,/srv/bulk/samteway/lab-data/tracking-rate-timing-20260908-v2/captures/screen-r1-A-200us-control-20260908T071633.119194Z/run.json
A,200,1,True,legacy,10,368.0,50.817258832200544,1.0817296519558515,6.516354121390429,0.8371386374809376,True,/srv/bulk/samteway/lab-data/tracking-rate-timing-20260908-v2/captures/screen-r1-A-200us-control-20260908T071633.119194Z/run.json
A,200,1,True,legacy,15,358.0,50.817258832200544,0.9888538742346978,3.5673820327863135,0.894010245086188,True,/srv/bulk/samteway/lab-data/tracking-rate-timing-20260908-v2/captures/screen-r1-A-200us-control-20260908T071633.119194Z/run.json
A,200,1,True,legacy,20,348.0,50.817258832200544,0.9481673928024743,4.97226761547362,1.046095717040435,False,/srv/bulk/samteway/lab-data/tracking-rate-timing-20260908-v2/captures/screen-r1-A-200us-control-20260908T071633.119194Z/run.json
A,200,1,True,legacy,30,328.0,50.817258832200544,0.9587075607517803,2.3786874571072336,1.1621620868390568,False,/srv/bulk/samteway/lab-data/tracking-rate-timing-20260908-v2/captures/screen-r1-A-200us-control-20260908T071633.119194Z/run.json
A,200,1,True,native_refined,0,388.0,50.817258832200544,0.8720903515276616,5.00534040266038,1.1646283311424241,False,/srv/bulk/samteway/lab-data/tracking-rate-timing-20260908-v2/captures/screen-r1-A-200us-control-20260908T071633.119194Z/run.json
A,200,1,True,native_refined,1,386.0,50.817258832200544,0.905238196274939,5.054180497328329,1.1863488549283454,False,/srv/bulk/samteway/lab-data/tracking-rate-timing-20260908-v2/captures/screen-r1-A-200us-control-20260908T071633.119194Z/run.json
A,200,1,True,native_refined,2,384.0,50.817258832200544,0.8973329353229886,4.840223432115711,1.1230059152576735,False,/srv/bulk/samteway/lab-data/tracking-rate-timing-20260908-v2/captures/screen-r1-A-200us-control-20260908T071633.119194Z/run.json
A,200,1,True,native_refined,5,378.0,50.817258832200544,0.9866507106400756,5.178156380268546,0.9913669965925105,True,/srv/bulk/samteway/lab-data/tracking-rate-timing-20260908-v2/captures/screen-r1-A-200us-control-20260908T071633.119194Z/run.json
A,200,1,True,native_refined,10,368.0,50.817258832200544,1.0738308517608537,6.369252009210608,0.7233696335279661,True,/srv/bulk/samteway/lab-data/tracking-rate-timing-20260908-v2/captures/screen-r1-A-200us-control-20260908T071633.119194Z/run.json
A,200,1,True,native_refined,15,358.0,50.817258832200544,0.961856092392097,3.7948534688448126,0.8379340098819121,True,/srv/bulk/samteway/lab-data/tracking-rate-timing-20260908-v2/captures/screen-r1-A-200us-control-20260908T071633.119194Z/run.json
A,200,1,True,native_refined,20,348.0,50.817258832200544,0.9533504384457117,5.0340765553477,0.9315942178206499,True,/srv/bulk/samteway/lab-data/tracking-rate-timing-20260908-v2/captures/screen-r1-A-200us-control-20260908T071633.119194Z/run.json
A,200,1,True,native_refined,30,328.0,50.817258832200544,0.9434631378969756,2.36808643797628,1.1030329453999834,False,/srv/bulk/samteway/lab-data/tracking-rate-timing-20260908-v2/captures/screen-r1-A-200us-control-20260908T071633.119194Z/run.json
A,200,1,False,legacy,0,388.0,20.92334781619069,0.9950605829421781,2.105228330791892,1.1218756262049974,False,/srv/bulk/samteway/lab-data/tracking-rate-timing-20260908-v2/captures/screen-r1-A-200us-20260908T071644.130684Z/run.json
A,200,1,False,legacy,1,386.0,20.92334781619069,1.0041170707861704,2.3165399972096132,1.0113802836642365,False,/srv/bulk/samteway/lab-data/tracking-rate-timing-20260908-v2/captures/screen-r1-A-200us-20260908T071644.130684Z/run.json
A,200,1,False,legacy,2,384.0,20.92334781619069,1.0008385678242655,1.6799646087384787,1.002705514876444,False,/srv/bulk/samteway/lab-data/tracking-rate-timing-20260908-v2/captures/screen-r1-A-200us-20260908T071644.130684Z/run.json
A,200,1,False,legacy,5,378.0,20.92334781619069,1.025055888071701,1.5775633778529201,0.9327730484496262,True,/srv/bulk/samteway/lab-data/tracking-rate-timing-20260908-v2/captures/screen-r1-A-200us-20260908T071644.130684Z/run.json
A,200,1,False,legacy,10,368.0,20.92334781619069,0.9152069452114434,1.441189354187185,1.1244861611906967,False,/srv/bulk/samteway/lab-data/tracking-rate-timing-20260908-v2/captures/screen-r1-A-200us-20260908T071644.130684Z/run.json
A,200,1,False,legacy,15,358.0,20.92334781619069,0.855855125434271,1.3699493482269327,1.2841205709586019,False,/srv/bulk/samteway/lab-data/tracking-rate-timing-20260908-v2/captures/screen-r1-A-200us-20260908T071644.130684Z/run.json
A,200,1,False,legacy,20,348.0,20.92334781619069,0.9005692124067625,1.4172452461932363,1.2435856285619846,False,/srv/bulk/samteway/lab-data/tracking-rate-timing-20260908-v2/captures/screen-r1-A-200us-20260908T071644.130684Z/run.json
A,200,1,False,legacy,30,328.0,50.813844696463114,0.999295692651865,2.8231924807178594,1.0753575063885694,False,/srv/bulk/samteway/lab-data/tracking-rate-timing-20260908-v2/captures/screen-r1-A-200us-20260908T071644.130684Z/run.json
A,200,1,False,native_refined,0,388.0,20.92334781619069,1.0135325141394451,2.163978594650089,0.990475230593134,True,/srv/bulk/samteway/lab-data/tracking-rate-timing-20260908-v2/captures/screen-r1-A-200us-20260908T071644.130684Z/run.json
A,200,1,False,native_refined,1,386.0,20.92334781619069,1.0100295726395754,1.531505169085962,0.9814801692391718,True,/srv/bulk/samteway/lab-data/tracking-rate-timing-20260908-v2/captures/screen-r1-A-200us-20260908T071644.130684Z/run.json
A,200,1,False,native_refined,2,384.0,20.92334781619069,1.0125598832392977,1.5403497098113803,0.9550943248842898,True,/srv/bulk/samteway/lab-data/tracking-rate-timing-20260908-v2/captures/screen-r1-A-200us-20260908T071644.130684Z/run.json
A,200,1,False,native_refined,5,378.0,20.92334781619069,1.0326540917906695,1.5639739387015192,0.950552722533301,True,/srv/bulk/samteway/lab-data/tracking-rate-timing-20260908-v2/captures/screen-r1-A-200us-20260908T071644.130684Z/run.json
A,200,1,False,native_refined,10,368.0,20.92334781619069,0.9140537422852568,1.415613264900538,1.1076325349933205,False,/srv/bulk/samteway/lab-data/tracking-rate-timing-20260908-v2/captures/screen-r1-A-200us-20260908T071644.130684Z/run.json
A,200,1,False,native_refined,15,358.0,20.92334781619069,0.8735542913409711,1.3673219080026844,1.2355845386576045,False,/srv/bulk/samteway/lab-data/tracking-rate-timing-20260908-v2/captures/screen-r1-A-200us-20260908T071644.130684Z/run.json
A,200,1,False,native_refined,20,348.0,20.92334781619069,0.9096028821817331,1.3846266246081593,1.1606709002752909,False,/srv/bulk/samteway/lab-data/tracking-rate-timing-20260908-v2/captures/screen-r1-A-200us-20260908T071644.130684Z/run.json
A,200,1,False,native_refined,30,328.0,50.813844696463114,1.0213353369096436,2.9817770683306697,1.1187782845959053,False,/srv/bulk/samteway/lab-data/tracking-rate-timing-20260908-v2/captures/screen-r1-A-200us-20260908T071644.130684Z/run.json
D,200,1,False,legacy,0,971.0,50.81397630525485,3.271076997114957,29.008372528560354,2.787459971467671,False,/srv/bulk/samteway/lab-data/tracking-rate-timing-20260908-v2/captures/screen-r1-D-200us-20260908T071655.364551Z/run.json
D,200,1,False,legacy,1,966.0,50.81397630525485,3.226811241565444,28.540827778312,2.628410345085945,False,/srv/bulk/samteway/lab-data/tracking-rate-timing-20260908-v2/captures/screen-r1-D-200us-20260908T071655.364551Z/run.json
D,200,1,False,legacy,2,961.0,50.81397630525485,3.2017411649779817,28.36718521413248,2.5730672324294668,False,/srv/bulk/samteway/lab-data/tracking-rate-timing-20260908-v2/captures/screen-r1-D-200us-20260908T071655.364551Z/run.json
D,200,1,False,legacy,5,946.0,50.81397630525485,3.053723355471814,26.596614555752947,2.4721189561049908,False,/srv/bulk/samteway/lab-data/tracking-rate-timing-20260908-v2/captures/screen-r1-D-200us-20260908T071655.364551Z/run.json
D,200,1,False,legacy,10,921.0,50.81397630525485,2.967999473067683,25.13557855654878,2.37722442126614,False,/srv/bulk/samteway/lab-data/tracking-rate-timing-20260908-v2/captures/screen-r1-D-200us-20260908T071655.364551Z/run.json
D,200,1,False,legacy,15,896.0,50.81397630525485,2.9492284801688298,25.578381245409137,2.214777057519362,False,/srv/bulk/samteway/lab-data/tracking-rate-timing-20260908-v2/captures/screen-r1-D-200us-20260908T071655.364551Z/run.json
D,200,1,False,legacy,20,871.0,50.81397630525485,2.907674520243383,23.477913348737953,2.1396889854499657,False,/srv/bulk/samteway/lab-data/tracking-rate-timing-20260908-v2/captures/screen-r1-D-200us-20260908T071655.364551Z/run.json
D,200,1,False,legacy,30,821.0,50.81397630525485,2.857532380426142,22.037307157015174,2.0307952142196553,False,/srv/bulk/samteway/lab-data/tracking-rate-timing-20260908-v2/captures/screen-r1-D-200us-20260908T071655.364551Z/run.json
D,200,1,False,native_refined,0,971.0,50.81397630525485,3.2885400758480188,29.69197569850571,2.6974096148496427,False,/srv/bulk/samteway/lab-data/tracking-rate-timing-20260908-v2/captures/screen-r1-D-200us-20260908T071655.364551Z/run.json
D,200,1,False,native_refined,1,966.0,50.81397630525485,3.25184557845976,29.224509244253,2.59507478305923,False,/srv/bulk/samteway/lab-data/tracking-rate-timing-20260908-v2/captures/screen-r1-D-200us-20260908T071655.364551Z/run.json
D,200,1,False,native_refined,2,961.0,50.81397630525485,3.199854047071289,28.724732774751484,2.5490940950664775,False,/srv/bulk/samteway/lab-data/tracking-rate-timing-20260908-v2/captures/screen-r1-D-200us-20260908T071655.364551Z/run.json
D,200,1,False,native_refined,5,946.0,50.81397630525485,3.0588444941616015,26.99718633649374,2.4591103501807363,False,/srv/bulk/samteway/lab-data/tracking-rate-timing-20260908-v2/captures/screen-r1-D-200us-20260908T071655.364551Z/run.json
D,200,1,False,native_refined,10,921.0,50.81397630525485,3.0023158101041725,26.01879020060447,2.390018819395527,False,/srv/bulk/samteway/lab-data/tracking-rate-timing-20260908-v2/captures/screen-r1-D-200us-20260908T071655.364551Z/run.json
D,200,1,False,native_refined,15,896.0,50.81397630525485,2.958041199711261,26.006761009036413,2.2436525299129597,False,/srv/bulk/samteway/lab-data/tracking-rate-timing-20260908-v2/captures/screen-r1-D-200us-20260908T071655.364551Z/run.json
D,200,1,False,native_refined,20,871.0,50.81397630525485,2.929830203494905,24.071184764612358,2.11836066087061,False,/srv/bulk/samteway/lab-data/tracking-rate-timing-20260908-v2/captures/screen-r1-D-200us-20260908T071655.364551Z/run.json
D,200,1,False,native_refined,30,821.0,50.81397630525485,2.8823357558679072,22.607810968652135,2.095771163257529,False,/srv/bulk/samteway/lab-data/tracking-rate-timing-20260908-v2/captures/screen-r1-D-200us-20260908T071655.364551Z/run.json
B,200,1,False,legacy,0,971.0,50.81426835843133,2.461299582017225,12.197164530260077,1.5221192656772031,False,/srv/bulk/samteway/lab-data/tracking-rate-timing-20260908-v2/captures/screen-r1-B-200us-20260908T071707.720894Z/run.json
B,200,1,False,legacy,1,966.0,50.81426835843133,2.4927512892848074,12.354720347360388,1.54282246817539,False,/srv/bulk/samteway/lab-data/tracking-rate-timing-20260908-v2/captures/screen-r1-B-200us-20260908T071707.720894Z/run.json
B,200,1,False,legacy,2,961.0,50.81426835843133,2.5255717048810364,12.520337076001525,1.4782183057837157,False,/srv/bulk/samteway/lab-data/tracking-rate-timing-20260908-v2/captures/screen-r1-B-200us-20260908T071707.720894Z/run.json
B,200,1,False,legacy,5,946.0,50.81426835843133,2.5805138151546,9.8299680614283,1.2848589911704735,False,/srv/bulk/samteway/lab-data/tracking-rate-timing-20260908-v2/captures/screen-r1-B-200us-20260908T071707.720894Z/run.json
B,200,1,False,legacy,10,921.0,50.81426835843133,2.5798523833181863,10.594917722673541,1.1389309907085277,False,/srv/bulk/samteway/lab-data/tracking-rate-timing-20260908-v2/captures/screen-r1-B-200us-20260908T071707.720894Z/run.json
B,200,1,False,legacy,15,896.0,50.81426835843133,2.5925287210995944,9.460665740230676,1.1324926549969399,False,/srv/bulk/samteway/lab-data/tracking-rate-timing-20260908-v2/captures/screen-r1-B-200us-20260908T071707.720894Z/run.json
B,200,1,False,legacy,20,871.0,50.81426835843133,2.612151957341448,10.22015290489712,1.0998220812572215,False,/srv/bulk/samteway/lab-data/tracking-rate-timing-20260908-v2/captures/screen-r1-B-200us-20260908T071707.720894Z/run.json
B,200,1,False,legacy,30,821.0,50.81426835843133,2.6758573079938146,11.751767364302605,1.1390339324933465,False,/srv/bulk/samteway/lab-data/tracking-rate-timing-20260908-v2/captures/screen-r1-B-200us-20260908T071707.720894Z/run.json
B,200,1,False,native_refined,0,971.0,50.81426835843133,2.5029674388788608,13.415576905272058,1.6585589775119378,False,/srv/bulk/samteway/lab-data/tracking-rate-timing-20260908-v2/captures/screen-r1-B-200us-20260908T071707.720894Z/run.json
B,200,1,False,native_refined,1,966.0,50.81426835843133,2.5353445754468122,13.580363208195612,1.5936563531632806,False,/srv/bulk/samteway/lab-data/tracking-rate-timing-20260908-v2/captures/screen-r1-B-200us-20260908T071707.720894Z/run.json
B,200,1,False,native_refined,2,961.0,50.81426835843133,2.563158606413175,12.384900909149826,1.5553155483151218,False,/srv/bulk/samteway/lab-data/tracking-rate-timing-20260908-v2/captures/screen-r1-B-200us-20260908T071707.720894Z/run.json
B,200,1,False,native_refined,5,946.0,50.81426835843133,2.5715475184638845,10.45103354921992,1.3124384742142938,False,/srv/bulk/samteway/lab-data/tracking-rate-timing-20260908-v2/captures/screen-r1-B-200us-20260908T071707.720894Z/run.json
B,200,1,False,native_refined,10,921.0,50.81426835843133,2.56683201320098,11.170774999157778,1.2837436225476682,False,/srv/bulk/samteway/lab-data/tracking-rate-timing-20260908-v2/captures/screen-r1-B-200us-20260908T071707.720894Z/run.json
B,200,1,False,native_refined,15,896.0,50.81426835843133,2.5516588456326716,10.011863587660185,1.2790569391884592,False,/srv/bulk/samteway/lab-data/tracking-rate-timing-20260908-v2/captures/screen-r1-B-200us-20260908T071707.720894Z/run.json
B,200,1,False,native_refined,20,871.0,50.81426835843133,2.6019374732428355,11.690078311120558,1.218341337533693,False,/srv/bulk/samteway/lab-data/tracking-rate-timing-20260908-v2/captures/screen-r1-B-200us-20260908T071707.720894Z/run.json
B,200,1,False,native_refined,30,821.0,50.81426835843133,2.696569679703251,13.006422731220397,1.2125720393935249,False,/srv/bulk/samteway/lab-data/tracking-rate-timing-20260908-v2/captures/screen-r1-B-200us-20260908T071707.720894Z/run.json
D,100,1,False,legacy,0,473.0,100.44066443548765,4.845241095879692,32.529052362235326,2.8431966954291132,False,/srv/bulk/samteway/lab-data/tracking-rate-timing-20260908-v2/captures/screen-r1-D-100us-20260908T071725.562457Z/run.json
D,100,1,False,legacy,1,468.0,100.44066443548765,4.7050422407159616,30.771900763180813,2.919463983937694,False,/srv/bulk/samteway/lab-data/tracking-rate-timing-20260908-v2/captures/screen-r1-D-100us-20260908T071725.562457Z/run.json
D,100,1,False,legacy,2,463.0,100.44066443548765,4.556670273828146,29.70898538873137,2.906678703372894,False,/srv/bulk/samteway/lab-data/tracking-rate-timing-20260908-v2/captures/screen-r1-D-100us-20260908T071725.562457Z/run.json
D,100,1,False,legacy,5,448.0,100.44066443548765,4.230036636406165,28.776810612034065,3.229029029442475,False,/srv/bulk/samteway/lab-data/tracking-rate-timing-20260908-v2/captures/screen-r1-D-100us-20260908T071725.562457Z/run.json
D,100,1,False,legacy,10,423.0,100.44066443548765,3.9197123441449087,28.118174709970194,3.1702588498992745,False,/srv/bulk/samteway/lab-data/tracking-rate-timing-20260908-v2/captures/screen-r1-D-100us-20260908T071725.562457Z/run.json
D,100,1,False,legacy,15,398.0,100.44066443548765,3.8638423499458923,29.18723426758146,3.369585026067205,False,/srv/bulk/samteway/lab-data/tracking-rate-timing-20260908-v2/captures/screen-r1-D-100us-20260908T071725.562457Z/run.json
D,100,1,False,legacy,20,373.0,100.44066443548765,3.683475309539408,26.572382282174893,3.3736045984389946,False,/srv/bulk/samteway/lab-data/tracking-rate-timing-20260908-v2/captures/screen-r1-D-100us-20260908T071725.562457Z/run.json
D,100,1,False,legacy,30,323.0,100.44066443548765,3.395213609622177,22.641273902298785,3.8713782036227435,False,/srv/bulk/samteway/lab-data/tracking-rate-timing-20260908-v2/captures/screen-r1-D-100us-20260908T071725.562457Z/run.json
D,100,1,False,native_refined,0,473.0,100.44066443548765,4.7140409727208885,31.018523910795103,3.110476215226277,False,/srv/bulk/samteway/lab-data/tracking-rate-timing-20260908-v2/captures/screen-r1-D-100us-20260908T071725.562457Z/run.json
D,100,1,False,native_refined,1,468.0,100.44066443548765,4.554316181061074,29.244244652847186,3.1293838690527007,False,/srv/bulk/samteway/lab-data/tracking-rate-timing-20260908-v2/captures/screen-r1-D-100us-20260908T071725.562457Z/run.json
D,100,1,False,native_refined,2,463.0,100.44066443548765,4.464580977608517,29.55037652804727,3.317282527542048,False,/srv/bulk/samteway/lab-data/tracking-rate-timing-20260908-v2/captures/screen-r1-D-100us-20260908T071725.562457Z/run.json
D,100,1,False,native_refined,5,448.0,100.44066443548765,4.220106132652079,29.964358367427792,3.4369359413683327,False,/srv/bulk/samteway/lab-data/tracking-rate-timing-20260908-v2/captures/screen-r1-D-100us-20260908T071725.562457Z/run.json
D,100,1,False,native_refined,10,423.0,100.44066443548765,4.033938247903116,29.196792270944492,3.4437858893484536,False,/srv/bulk/samteway/lab-data/tracking-rate-timing-20260908-v2/captures/screen-r1-D-100us-20260908T071725.562457Z/run.json
D,100,1,False,native_refined,15,398.0,100.44066443548765,3.9993308429969723,30.228908735382095,3.4699037084609836,False,/srv/bulk/samteway/lab-data/tracking-rate-timing-20260908-v2/captures/screen-r1-D-100us-20260908T071725.562457Z/run.json
D,100,1,False,native_refined,20,373.0,100.44066443548765,3.7265021708463446,26.45811375333011,3.839474386257865,False,/srv/bulk/samteway/lab-data/tracking-rate-timing-20260908-v2/captures/screen-r1-D-100us-20260908T071725.562457Z/run.json
D,100,1,False,native_refined,30,323.0,100.44066443548765,3.516095752176321,22.299653689276262,4.366387123436722,False,/srv/bulk/samteway/lab-data/tracking-rate-timing-20260908-v2/captures/screen-r1-D-100us-20260908T071725.562457Z/run.json
B,100,1,False,legacy,0,473.0,50.21624159690881,3.250163732393241,7.358643182420493,0.7771988929585747,True,/srv/bulk/samteway/lab-data/tracking-rate-timing-20260908-v2/captures/screen-r1-B-100us-20260908T071738.542121Z/run.json
B,100,1,False,legacy,1,468.0,50.21624159690881,3.2210399536919314,6.443542145473367,0.7241280127880532,True,/srv/bulk/samteway/lab-data/tracking-rate-timing-20260908-v2/captures/screen-r1-B-100us-20260908T071738.542121Z/run.json
B,100,1,False,legacy,2,463.0,50.21624159690881,3.158520797089938,6.195735212160445,0.562903136636542,True,/srv/bulk/samteway/lab-data/tracking-rate-timing-20260908-v2/captures/screen-r1-B-100us-20260908T071738.542121Z/run.json
B,100,1,False,legacy,5,448.0,50.21624159690881,3.062599133061065,5.2485126344305915,0.6586823120635048,True,/srv/bulk/samteway/lab-data/tracking-rate-timing-20260908-v2/captures/screen-r1-B-100us-20260908T071738.542121Z/run.json
B,100,1,False,legacy,10,423.0,50.21624159690881,3.12200942638214,5.405724774002552,0.5872201866380891,True,/srv/bulk/samteway/lab-data/tracking-rate-timing-20260908-v2/captures/screen-r1-B-100us-20260908T071738.542121Z/run.json
B,100,1,False,legacy,15,398.0,50.21624159690881,3.100756243191095,5.383282374558332,0.604181448126725,True,/srv/bulk/samteway/lab-data/tracking-rate-timing-20260908-v2/captures/screen-r1-B-100us-20260908T071738.542121Z/run.json
B,100,1,False,legacy,20,373.0,50.21624159690881,3.2521054655603554,6.624286796486677,1.192043080282089,False,/srv/bulk/samteway/lab-data/tracking-rate-timing-20260908-v2/captures/screen-r1-B-100us-20260908T071738.542121Z/run.json
B,100,1,False,legacy,30,323.0,50.21624159690881,3.3905086650323617,8.852977362341697,1.401100931818655,False,/srv/bulk/samteway/lab-data/tracking-rate-timing-20260908-v2/captures/screen-r1-B-100us-20260908T071738.542121Z/run.json
B,100,1,False,native_refined,0,473.0,50.21624159690881,3.2445379709156197,6.579951929040289,0.7472445443983213,True,/srv/bulk/samteway/lab-data/tracking-rate-timing-20260908-v2/captures/screen-r1-B-100us-20260908T071738.542121Z/run.json
B,100,1,False,native_refined,1,468.0,50.21624159690881,3.173882083366966,6.083036065562781,0.6934794002301747,True,/srv/bulk/samteway/lab-data/tracking-rate-timing-20260908-v2/captures/screen-r1-B-100us-20260908T071738.542121Z/run.json
B,100,1,False,native_refined,2,463.0,50.21624159690881,3.1164025587302358,5.970493025339058,0.5941895700665532,True,/srv/bulk/samteway/lab-data/tracking-rate-timing-20260908-v2/captures/screen-r1-B-100us-20260908T071738.542121Z/run.json
B,100,1,False,native_refined,5,448.0,50.21624159690881,3.059863536175577,5.1552665851679125,0.7254761766700352,True,/srv/bulk/samteway/lab-data/tracking-rate-timing-20260908-v2/captures/screen-r1-B-100us-20260908T071738.542121Z/run.json
B,100,1,False,native_refined,10,423.0,50.21624159690881,3.1140235146465467,5.385489530978123,0.6700771288965888,True,/srv/bulk/samteway/lab-data/tracking-rate-timing-20260908-v2/captures/screen-r1-B-100us-20260908T071738.542121Z/run.json
B,100,1,False,native_refined,15,398.0,50.21624159690881,3.108260501362985,5.359312155589499,0.6972037788983743,True,/srv/bulk/samteway/lab-data/tracking-rate-timing-20260908-v2/captures/screen-r1-B-100us-20260908T071738.542121Z/run.json
B,100,1,False,native_refined,20,373.0,50.21624159690881,3.251105483012357,6.182173522189665,1.2458307067228986,False,/srv/bulk/samteway/lab-data/tracking-rate-timing-20260908-v2/captures/screen-r1-B-100us-20260908T071738.542121Z/run.json
B,100,1,False,native_refined,30,323.0,50.21624159690881,3.3296020782606255,8.440113186125139,1.3123835702921636,False,/srv/bulk/samteway/lab-data/tracking-rate-timing-20260908-v2/captures/screen-r1-B-100us-20260908T071738.542121Z/run.json
A,100,1,False,legacy,0,188.0,100.44573820605522,3.141598448863129,28.64949547829337,4.266277117633579,False,/srv/bulk/samteway/lab-data/tracking-rate-timing-20260908-v2/captures/screen-r1-A-100us-20260908T071750.764082Z/run.json
A,100,1,False,legacy,1,186.0,100.44573820605522,3.0703745751146743,28.003768903247305,3.9955421460240763,False,/srv/bulk/samteway/lab-data/tracking-rate-timing-20260908-v2/captures/screen-r1-A-100us-20260908T071750.764082Z/run.json
A,100,1,False,legacy,2,184.0,100.44573820605522,2.9461325087712487,26.906287346831807,4.138193656762612,False,/srv/bulk/samteway/lab-data/tracking-rate-timing-20260908-v2/captures/screen-r1-A-100us-20260908T071750.764082Z/run.json
A,100,1,False,legacy,5,178.0,100.44573820605522,2.7454113440503067,24.63985507783052,3.8752517138979803,False,/srv/bulk/samteway/lab-data/tracking-rate-timing-20260908-v2/captures/screen-r1-A-100us-20260908T071750.764082Z/run.json
A,100,1,False,legacy,10,168.0,100.44573820605522,2.6080245528480903,20.037089473979602,3.741539443512833,False,/srv/bulk/samteway/lab-data/tracking-rate-timing-20260908-v2/captures/screen-r1-A-100us-20260908T071750.764082Z/run.json
A,100,1,False,legacy,15,158.0,100.44573820605522,2.4918183405288903,22.18405920831309,3.673737914743198,False,/srv/bulk/samteway/lab-data/tracking-rate-timing-20260908-v2/captures/screen-r1-A-100us-20260908T071750.764082Z/run.json
A,100,1,False,legacy,20,148.0,200.89147641211045,2.8547097433242867,23.821041142760663,3.4936103619299086,False,/srv/bulk/samteway/lab-data/tracking-rate-timing-20260908-v2/captures/screen-r1-A-100us-20260908T071750.764082Z/run.json
A,100,1,False,legacy,30,128.0,400.88611587595256,3.7637445074491924,38.68968235343349,3.3336333846900508,False,/srv/bulk/samteway/lab-data/tracking-rate-timing-20260908-v2/captures/screen-r1-A-100us-20260908T071750.764082Z/run.json
A,100,1,False,native_refined,0,188.0,100.44573820605522,3.1959307045279117,28.82045462471837,4.106493830387987,False,/srv/bulk/samteway/lab-data/tracking-rate-timing-20260908-v2/captures/screen-r1-A-100us-20260908T071750.764082Z/run.json
A,100,1,False,native_refined,1,186.0,100.44573820605522,3.074955584435638,27.74329355516591,4.253035769088252,False,/srv/bulk/samteway/lab-data/tracking-rate-timing-20260908-v2/captures/screen-r1-A-100us-20260908T071750.764082Z/run.json
A,100,1,False,native_refined,2,184.0,100.44573820605522,2.957161832233777,26.98666923791087,4.242455710127497,False,/srv/bulk/samteway/lab-data/tracking-rate-timing-20260908-v2/captures/screen-r1-A-100us-20260908T071750.764082Z/run.json
A,100,1,False,native_refined,5,178.0,100.44573820605522,2.928640700918388,25.22284890866281,3.8979655542471656,False,/srv/bulk/samteway/lab-data/tracking-rate-timing-20260908-v2/captures/screen-r1-A-100us-20260908T071750.764082Z/run.json
A,100,1,False,native_refined,10,168.0,100.44573820605522,2.7006773258072747,19.22459660746843,3.9222987392955524,False,/srv/bulk/samteway/lab-data/tracking-rate-timing-20260908-v2/captures/screen-r1-A-100us-20260908T071750.764082Z/run.json
A,100,1,False,native_refined,15,158.0,100.44573820605522,2.653125694799474,23.7032070655687,3.775190355677072,False,/srv/bulk/samteway/lab-data/tracking-rate-timing-20260908-v2/captures/screen-r1-A-100us-20260908T071750.764082Z/run.json
A,100,1,False,native_refined,20,148.0,200.89147641211045,3.1346814099653706,26.151827278187035,3.6711431613944114,False,/srv/bulk/samteway/lab-data/tracking-rate-timing-20260908-v2/captures/screen-r1-A-100us-20260908T071750.764082Z/run.json
A,100,1,False,native_refined,30,128.0,400.88611587595256,4.077880132819159,41.266689575287714,3.5207477687091697,False,/srv/bulk/samteway/lab-data/tracking-rate-timing-20260908-v2/captures/screen-r1-A-100us-20260908T071750.764082Z/run.json
B,50,1,False,legacy,0,223.0,100.42252129577821,2.2527004363863696,5.301804518705702,3.337876174719419,False,/srv/bulk/samteway/lab-data/tracking-rate-timing-20260908-v2/captures/screen-r1-B-50us-20260908T071807.658588Z/run.json
B,50,1,False,legacy,1,218.0,100.42252129577821,2.324134805589887,5.159719491372995,3.4899230685109295,False,/srv/bulk/samteway/lab-data/tracking-rate-timing-20260908-v2/captures/screen-r1-B-50us-20260908T071807.658588Z/run.json
B,50,1,False,legacy,2,213.0,100.42252129577821,2.3167399168170193,4.989939868409614,3.260459902316639,False,/srv/bulk/samteway/lab-data/tracking-rate-timing-20260908-v2/captures/screen-r1-B-50us-20260908T071807.658588Z/run.json
B,50,1,False,legacy,5,198.0,100.42252129577821,2.426114381693688,5.1660620632353895,2.8112769780516285,False,/srv/bulk/samteway/lab-data/tracking-rate-timing-20260908-v2/captures/screen-r1-B-50us-20260908T071807.658588Z/run.json
B,50,1,False,legacy,10,173.0,100.42252129577821,2.327229418242016,6.382124445565058,2.034579858012811,False,/srv/bulk/samteway/lab-data/tracking-rate-timing-20260908-v2/captures/screen-r1-B-50us-20260908T071807.658588Z/run.json
B,50,1,False,legacy,15,148.0,100.42252129577821,2.3103074861207085,5.021751121532534,2.277782913446134,False,/srv/bulk/samteway/lab-data/tracking-rate-timing-20260908-v2/captures/screen-r1-B-50us-20260908T071807.658588Z/run.json
B,50,1,False,legacy,20,123.0,100.42252129577821,2.5602164399414407,17.86203353314278,2.328374478198307,False,/srv/bulk/samteway/lab-data/tracking-rate-timing-20260908-v2/captures/screen-r1-B-50us-20260908T071807.658588Z/run.json
B,50,1,False,legacy,30,73.0,400.4945789772107,4.098681623541508,48.70890046372929,1.9185483074576912,False,/srv/bulk/samteway/lab-data/tracking-rate-timing-20260908-v2/captures/screen-r1-B-50us-20260908T071807.658588Z/run.json
B,50,1,False,native_refined,0,223.0,100.42252129577821,2.1882416541656564,5.405235236086129,3.4294338375423465,False,/srv/bulk/samteway/lab-data/tracking-rate-timing-20260908-v2/captures/screen-r1-B-50us-20260908T071807.658588Z/run.json
B,50,1,False,native_refined,1,218.0,100.42252129577821,2.189466608243601,4.801244693793683,3.31800399993059,False,/srv/bulk/samteway/lab-data/tracking-rate-timing-20260908-v2/captures/screen-r1-B-50us-20260908T071807.658588Z/run.json
B,50,1,False,native_refined,2,213.0,100.42252129577821,2.211049448267232,4.769958036348039,2.921821805328122,False,/srv/bulk/samteway/lab-data/tracking-rate-timing-20260908-v2/captures/screen-r1-B-50us-20260908T071807.658588Z/run.json
B,50,1,False,native_refined,5,198.0,100.42252129577821,2.245495403383428,7.018349635854235,2.7631730113928707,False,/srv/bulk/samteway/lab-data/tracking-rate-timing-20260908-v2/captures/screen-r1-B-50us-20260908T071807.658588Z/run.json
B,50,1,False,native_refined,10,173.0,100.42252129577821,2.073134224034355,6.436309733800103,1.8212792864673828,False,/srv/bulk/samteway/lab-data/tracking-rate-timing-20260908-v2/captures/screen-r1-B-50us-20260908T071807.658588Z/run.json
B,50,1,False,native_refined,15,148.0,100.42252129577821,2.3244533574272364,13.076207678558735,3.31506016463361,False,/srv/bulk/samteway/lab-data/tracking-rate-timing-20260908-v2/captures/screen-r1-B-50us-20260908T071807.658588Z/run.json
B,50,1,False,native_refined,20,123.0,200.24728948860536,2.377532684970117,23.158110908650123,2.8079616082850385,False,/srv/bulk/samteway/lab-data/tracking-rate-timing-20260908-v2/captures/screen-r1-B-50us-20260908T071807.658588Z/run.json
B,50,1,False,native_refined,30,73.0,400.4945789772107,4.0822054107560675,46.84392804970971,1.6985420652914822,False,/srv/bulk/samteway/lab-data/tracking-rate-timing-20260908-v2/captures/screen-r1-B-50us-20260908T071807.658588Z/run.json
A,50,1,False,legacy,0,89.0,200.27374568305382,6.765158847779422,65.19376932313263,2.7758313466262403,False,/srv/bulk/samteway/lab-data/tracking-rate-timing-20260908-v2/captures/screen-r1-A-50us-20260908T071820.375542Z/run.json
A,50,1,False,legacy,1,87.0,200.27374568305382,6.609583776466353,63.496630699484406,2.7364430778829982,False,/srv/bulk/samteway/lab-data/tracking-rate-timing-20260908-v2/captures/screen-r1-A-50us-20260908T071820.375542Z/run.json
A,50,1,False,legacy,2,85.0,200.27374568305382,6.532259152817934,62.46027018234603,2.6880028430615424,False,/srv/bulk/samteway/lab-data/tracking-rate-timing-20260908-v2/captures/screen-r1-A-50us-20260908T071820.375542Z/run.json
A,50,1,False,legacy,5,79.0,200.27374568305382,6.104577110237343,59.21143964762898,2.494793585507436,False,/srv/bulk/samteway/lab-data/tracking-rate-timing-20260908-v2/captures/screen-r1-A-50us-20260908T071820.375542Z/run.json
A,50,1,False,legacy,10,69.0,400.54749136610764,5.373360779570309,53.267817094127246,2.2771381054597764,False,/srv/bulk/samteway/lab-data/tracking-rate-timing-20260908-v2/captures/screen-r1-A-50us-20260908T071820.375542Z/run.json
A,50,1,False,legacy,15,59.0,400.54749136610764,5.262004492506845,51.73505805922517,2.1025086602363605,False,/srv/bulk/samteway/lab-data/tracking-rate-timing-20260908-v2/captures/screen-r1-A-50us-20260908T071820.375542Z/run.json
A,50,1,False,legacy,20,49.0,400.54749136610764,6.594724015571274,65.58799616978173,2.2233860074818974,False,/srv/bulk/samteway/lab-data/tracking-rate-timing-20260908-v2/captures/screen-r1-A-50us-20260908T071820.375542Z/run.json
A,50,1,False,legacy,30,29.0,,9.455807140477225,84.78614055610049,2.7436276501247914,False,/srv/bulk/samteway/lab-data/tracking-rate-timing-20260908-v2/captures/screen-r1-A-50us-20260908T071820.375542Z/run.json
A,50,1,False,native_refined,0,89.0,200.27374568305382,6.729433824666245,64.53567010171172,2.727249124794355,False,/srv/bulk/samteway/lab-data/tracking-rate-timing-20260908-v2/captures/screen-r1-A-50us-20260908T071820.375542Z/run.json
A,50,1,False,native_refined,1,87.0,200.27374568305382,6.69352650891822,63.3282682829366,2.694843888515073,False,/srv/bulk/samteway/lab-data/tracking-rate-timing-20260908-v2/captures/screen-r1-A-50us-20260908T071820.375542Z/run.json
A,50,1,False,native_refined,2,85.0,200.27374568305382,6.509882328869873,61.901448915682344,2.6082865596305242,False,/srv/bulk/samteway/lab-data/tracking-rate-timing-20260908-v2/captures/screen-r1-A-50us-20260908T071820.375542Z/run.json
A,50,1,False,native_refined,5,79.0,200.27374568305382,6.158775717133139,60.573624814198986,2.4642343196336323,False,/srv/bulk/samteway/lab-data/tracking-rate-timing-20260908-v2/captures/screen-r1-A-50us-20260908T071820.375542Z/run.json
A,50,1,False,native_refined,10,69.0,400.54749136610764,5.3806418334374495,53.44296761027831,2.2367267475442114,False,/srv/bulk/samteway/lab-data/tracking-rate-timing-20260908-v2/captures/screen-r1-A-50us-20260908T071820.375542Z/run.json
A,50,1,False,native_refined,15,59.0,400.54749136610764,6.0132699240881236,59.34183617018894,2.170490858468001,False,/srv/bulk/samteway/lab-data/tracking-rate-timing-20260908-v2/captures/screen-r1-A-50us-20260908T071820.375542Z/run.json
A,50,1,False,native_refined,20,49.0,,7.377743881805889,70.7532703805585,2.3564063636473747,False,/srv/bulk/samteway/lab-data/tracking-rate-timing-20260908-v2/captures/screen-r1-A-50us-20260908T071820.375542Z/run.json
A,50,1,False,native_refined,30,29.0,,10.069508854654597,84.97038591527762,2.795132393850438,False,/srv/bulk/samteway/lab-data/tracking-rate-timing-20260908-v2/captures/screen-r1-A-50us-20260908T071820.375542Z/run.json
D,50,1,False,legacy,0,223.0,,7.968023439752443,69.4404934246043,3.606715524626652,False,/srv/bulk/samteway/lab-data/tracking-rate-timing-20260908-v2/captures/screen-r1-D-50us-20260908T071831.764098Z/run.json
D,50,1,False,legacy,1,218.0,,7.7956354277944255,68.7947799386723,3.538018026415299,False,/srv/bulk/samteway/lab-data/tracking-rate-timing-20260908-v2/captures/screen-r1-D-50us-20260908T071831.764098Z/run.json
D,50,1,False,legacy,2,213.0,,7.695955544219629,68.7969355489022,3.473131183414619,False,/srv/bulk/samteway/lab-data/tracking-rate-timing-20260908-v2/captures/screen-r1-D-50us-20260908T071831.764098Z/run.json
D,50,1,False,legacy,5,198.0,,7.334612120748518,68.83191908860536,3.4296711024053357,False,/srv/bulk/samteway/lab-data/tracking-rate-timing-20260908-v2/captures/screen-r1-D-50us-20260908T071831.764098Z/run.json
D,50,1,False,legacy,10,173.0,,6.823781101159908,67.57477046143336,3.2241135114577406,False,/srv/bulk/samteway/lab-data/tracking-rate-timing-20260908-v2/captures/screen-r1-D-50us-20260908T071831.764098Z/run.json
D,50,1,False,legacy,15,148.0,,7.332555169119299,70.86827090356556,3.301775533050985,False,/srv/bulk/samteway/lab-data/tracking-rate-timing-20260908-v2/captures/screen-r1-D-50us-20260908T071831.764098Z/run.json
D,50,1,False,legacy,20,123.0,,7.793194113776574,79.33116901345183,3.2959254607805577,False,/srv/bulk/samteway/lab-data/tracking-rate-timing-20260908-v2/captures/screen-r1-D-50us-20260908T071831.764098Z/run.json
D,50,1,False,legacy,30,73.0,,9.21427182236689,81.95400282709333,3.885883305110287,False,/srv/bulk/samteway/lab-data/tracking-rate-timing-20260908-v2/captures/screen-r1-D-50us-20260908T071831.764098Z/run.json
D,50,1,False,native_refined,0,223.0,,7.967132908571728,73.88135926241101,3.4780685693875424,False,/srv/bulk/samteway/lab-data/tracking-rate-timing-20260908-v2/captures/screen-r1-D-50us-20260908T071831.764098Z/run.json
D,50,1,False,native_refined,1,218.0,,7.762751865907286,73.93077635383113,3.439465341840929,False,/srv/bulk/samteway/lab-data/tracking-rate-timing-20260908-v2/captures/screen-r1-D-50us-20260908T071831.764098Z/run.json
D,50,1,False,native_refined,2,213.0,,7.623389075549941,74.21285706082524,3.4144007863796992,False,/srv/bulk/samteway/lab-data/tracking-rate-timing-20260908-v2/captures/screen-r1-D-50us-20260908T071831.764098Z/run.json
D,50,1,False,native_refined,5,198.0,,7.510332487275457,73.68803157395365,3.2831144032225694,False,/srv/bulk/samteway/lab-data/tracking-rate-timing-20260908-v2/captures/screen-r1-D-50us-20260908T071831.764098Z/run.json
D,50,1,False,native_refined,10,173.0,,8.097205835194906,76.58089477677488,3.351304913049425,False,/srv/bulk/samteway/lab-data/tracking-rate-timing-20260908-v2/captures/screen-r1-D-50us-20260908T071831.764098Z/run.json
D,50,1,False,native_refined,15,148.0,,8.674349588827157,83.67667987239025,3.3720266518600575,False,/srv/bulk/samteway/lab-data/tracking-rate-timing-20260908-v2/captures/screen-r1-D-50us-20260908T071831.764098Z/run.json
D,50,1,False,native_refined,20,123.0,,9.339081143811681,82.49102059462554,3.507760255473087,False,/srv/bulk/samteway/lab-data/tracking-rate-timing-20260908-v2/captures/screen-r1-D-50us-20260908T071831.764098Z/run.json
D,50,1,False,native_refined,30,73.0,,11.915766517147896,85.7352795036585,4.891392679365855,False,/srv/bulk/samteway/lab-data/tracking-rate-timing-20260908-v2/captures/screen-r1-D-50us-20260908T071831.764098Z/run.json
B,25,1,False,legacy,0,99.0,400.4328610250478,3.152633019210126,4.787984175681224,2.6175231823196614,False,/srv/bulk/samteway/lab-data/tracking-rate-timing-20260908-v2/captures/screen-r1-B-25us-20260908T071901.745767Z/run.json
B,25,1,False,legacy,1,94.0,200.44063704165328,3.0137241176799128,4.897416422973288,2.488964408778232,False,/srv/bulk/samteway/lab-data/tracking-rate-timing-20260908-v2/captures/screen-r1-B-25us-20260908T071901.745767Z/run.json
B,25,1,False,legacy,2,89.0,400.4328610250478,2.959261358928446,5.3916659733158685,2.282329290345329,False,/srv/bulk/samteway/lab-data/tracking-rate-timing-20260908-v2/captures/screen-r1-B-25us-20260908T071901.745767Z/run.json
B,25,1,False,legacy,5,74.0,400.4328610250478,2.9552118934178226,5.424775033551571,2.0437699759816654,False,/srv/bulk/samteway/lab-data/tracking-rate-timing-20260908-v2/captures/screen-r1-B-25us-20260908T071901.745767Z/run.json
B,25,1,False,legacy,10,49.0,400.4328610250478,3.763093612556076,7.540239658636329,1.745581267763415,False,/srv/bulk/samteway/lab-data/tracking-rate-timing-20260908-v2/captures/screen-r1-B-25us-20260908T071901.745767Z/run.json
B,25,1,False,legacy,15,24.0,,2.9436334114127827,22.3402138086769,3.7915589767803315,False,/srv/bulk/samteway/lab-data/tracking-rate-timing-20260908-v2/captures/screen-r1-B-25us-20260908T071901.745767Z/run.json
B,25,1,False,native_refined,0,99.0,200.44063704165328,3.084253655486342,5.161842699993983,2.300485461990084,False,/srv/bulk/samteway/lab-data/tracking-rate-timing-20260908-v2/captures/screen-r1-B-25us-20260908T071901.745767Z/run.json
B,25,1,False,native_refined,1,94.0,200.44063704165328,3.148160417220357,6.372917586464158,2.1754308662529085,False,/srv/bulk/samteway/lab-data/tracking-rate-timing-20260908-v2/captures/screen-r1-B-25us-20260908T071901.745767Z/run.json
B,25,1,False,native_refined,2,89.0,200.44063704165328,3.1027184501355314,6.184049306246857,2.1081185550309565,False,/srv/bulk/samteway/lab-data/tracking-rate-timing-20260908-v2/captures/screen-r1-B-25us-20260908T071901.745767Z/run.json
B,25,1,False,native_refined,5,74.0,200.44063704165328,3.472874430534668,11.307428815934983,1.991145255265937,False,/srv/bulk/samteway/lab-data/tracking-rate-timing-20260908-v2/captures/screen-r1-B-25us-20260908T071901.745767Z/run.json
B,25,1,False,native_refined,10,49.0,400.4328610250478,3.276777079016387,6.0004906360437635,2.5631669409430025,False,/srv/bulk/samteway/lab-data/tracking-rate-timing-20260908-v2/captures/screen-r1-B-25us-20260908T071901.745767Z/run.json
B,25,1,False,native_refined,15,24.0,,2.405194704228132,9.89064263671255,7.53305897381427,False,/srv/bulk/samteway/lab-data/tracking-rate-timing-20260908-v2/captures/screen-r1-B-25us-20260908T071901.745767Z/run.json
A,25,1,False,legacy,0,39.0,,51.045595408159244,119.51932528244666,14.668741241851626,False,/srv/bulk/samteway/lab-data/tracking-rate-timing-20260908-v2/captures/screen-r1-A-25us-20260908T071914.263010Z/run.json
A,25,1,False,legacy,1,37.0,,51.18909199808848,120.0993845652203,14.476590446078228,False,/srv/bulk/samteway/lab-data/tracking-rate-timing-20260908-v2/captures/screen-r1-A-25us-20260908T071914.263010Z/run.json
A,25,1,False,legacy,2,35.0,,51.02402370568452,118.88738076890833,14.263214242238877,False,/srv/bulk/samteway/lab-data/tracking-rate-timing-20260908-v2/captures/screen-r1-A-25us-20260908T071914.263010Z/run.json
A,25,1,False,legacy,5,29.0,,49.90181922504303,113.39426604470702,13.81369527701259,False,/srv/bulk/samteway/lab-data/tracking-rate-timing-20260908-v2/captures/screen-r1-A-25us-20260908T071914.263010Z/run.json
A,25,1,False,legacy,10,19.0,,47.63170147826858,109.15516343614813,12.793669540818815,False,/srv/bulk/samteway/lab-data/tracking-rate-timing-20260908-v2/captures/screen-r1-A-25us-20260908T071914.263010Z/run.json
A,25,1,False,legacy,15,9.0,,45.374931237626825,109.38215777819447,11.163833008173334,False,/srv/bulk/samteway/lab-data/tracking-rate-timing-20260908-v2/captures/screen-r1-A-25us-20260908T071914.263010Z/run.json
A,25,1,False,native_refined,0,39.0,,51.17690989215454,119.87792803318231,14.89179156807502,False,/srv/bulk/samteway/lab-data/tracking-rate-timing-20260908-v2/captures/screen-r1-A-25us-20260908T071914.263010Z/run.json
A,25,1,False,native_refined,1,37.0,,50.96198248675073,118.99528411811542,14.983315332725208,False,/srv/bulk/samteway/lab-data/tracking-rate-timing-20260908-v2/captures/screen-r1-A-25us-20260908T071914.263010Z/run.json
A,25,1,False,native_refined,2,35.0,,51.11988980088635,119.60353045934657,14.790751774254499,False,/srv/bulk/samteway/lab-data/tracking-rate-timing-20260908-v2/captures/screen-r1-A-25us-20260908T071914.263010Z/run.json
A,25,1,False,native_refined,5,29.0,,49.82931079048371,113.00550179994674,14.25031494673014,False,/srv/bulk/samteway/lab-data/tracking-rate-timing-20260908-v2/captures/screen-r1-A-25us-20260908T071914.263010Z/run.json
A,25,1,False,native_refined,10,19.0,,47.87745779331952,110.09265308606759,13.191222006059146,False,/srv/bulk/samteway/lab-data/tracking-rate-timing-20260908-v2/captures/screen-r1-A-25us-20260908T071914.263010Z/run.json
A,25,1,False,native_refined,15,9.0,,42.89497903847459,95.90298618581761,11.914884539248835,False,/srv/bulk/samteway/lab-data/tracking-rate-timing-20260908-v2/captures/screen-r1-A-25us-20260908T071914.263010Z/run.json
A,200,11,True,legacy,0,388.0,50.81552547488442,1.573253763774141,8.141180625819377,1.5138656378923954,False,/srv/bulk/samteway/lab-data/tracking-rate-timing-20260908-v2/captures/screen-r11-A-200us-control-20260908T071931.388206Z/run.json
A,200,11,True,legacy,1,386.0,50.81552547488442,1.4762901828551884,7.368317607549578,1.586332338309036,False,/srv/bulk/samteway/lab-data/tracking-rate-timing-20260908-v2/captures/screen-r11-A-200us-control-20260908T071931.388206Z/run.json
A,200,11,True,legacy,2,384.0,50.81552547488442,1.3921449120687044,7.547389818472743,1.7022489235947886,False,/srv/bulk/samteway/lab-data/tracking-rate-timing-20260908-v2/captures/screen-r11-A-200us-control-20260908T071931.388206Z/run.json
A,200,11,True,legacy,5,378.0,50.81552547488442,1.165044263197594,8.22208704681926,1.7294683272613698,False,/srv/bulk/samteway/lab-data/tracking-rate-timing-20260908-v2/captures/screen-r11-A-200us-control-20260908T071931.388206Z/run.json
A,200,11,True,legacy,10,368.0,50.81552547488442,0.8821881033604706,7.653444369133708,1.895858637217577,False,/srv/bulk/samteway/lab-data/tracking-rate-timing-20260908-v2/captures/screen-r11-A-200us-control-20260908T071931.388206Z/run.json
A,200,11,True,legacy,15,358.0,50.81552547488442,0.7080934130700745,8.169090050648173,1.9909366231589058,False,/srv/bulk/samteway/lab-data/tracking-rate-timing-20260908-v2/captures/screen-r11-A-200us-control-20260908T071931.388206Z/run.json
A,200,11,True,legacy,20,348.0,50.81552547488442,0.6147569714342748,6.811093078589452,1.8055144261027563,False,/srv/bulk/samteway/lab-data/tracking-rate-timing-20260908-v2/captures/screen-r11-A-200us-control-20260908T071931.388206Z/run.json
A,200,11,True,legacy,30,328.0,50.81552547488442,0.5972872467846577,6.0920621245519015,1.6487402935204845,False,/srv/bulk/samteway/lab-data/tracking-rate-timing-20260908-v2/captures/screen-r11-A-200us-control-20260908T071931.388206Z/run.json
A,200,11,True,native_refined,0,388.0,50.81552547488442,1.5190476685699936,8.370106408441073,1.6970216635392024,False,/srv/bulk/samteway/lab-data/tracking-rate-timing-20260908-v2/captures/screen-r11-A-200us-control-20260908T071931.388206Z/run.json
A,200,11,True,native_refined,1,386.0,50.81552547488442,1.4391862101912354,8.569351403593274,1.8138657126302902,False,/srv/bulk/samteway/lab-data/tracking-rate-timing-20260908-v2/captures/screen-r11-A-200us-control-20260908T071931.388206Z/run.json
A,200,11,True,native_refined,2,384.0,50.81552547488442,1.3365258737596517,8.628378455471756,1.852553829401693,False,/srv/bulk/samteway/lab-data/tracking-rate-timing-20260908-v2/captures/screen-r11-A-200us-control-20260908T071931.388206Z/run.json
A,200,11,True,native_refined,5,378.0,50.81552547488442,1.1522837113722018,9.121928422585682,1.9028908131104552,False,/srv/bulk/samteway/lab-data/tracking-rate-timing-20260908-v2/captures/screen-r11-A-200us-control-20260908T071931.388206Z/run.json
A,200,11,True,native_refined,10,368.0,50.81552547488442,0.9152820959575434,8.889627204909306,2.0413897104749,False,/srv/bulk/samteway/lab-data/tracking-rate-timing-20260908-v2/captures/screen-r11-A-200us-control-20260908T071931.388206Z/run.json
A,200,11,True,native_refined,15,358.0,50.81552547488442,0.7745966268297133,9.353394481793746,2.122059760184799,False,/srv/bulk/samteway/lab-data/tracking-rate-timing-20260908-v2/captures/screen-r11-A-200us-control-20260908T071931.388206Z/run.json
A,200,11,True,native_refined,20,348.0,50.81552547488442,0.7021215817201308,7.602189351563474,1.9313979804972579,False,/srv/bulk/samteway/lab-data/tracking-rate-timing-20260908-v2/captures/screen-r11-A-200us-control-20260908T071931.388206Z/run.json
A,200,11,True,native_refined,30,328.0,50.81552547488442,0.6750100452234566,6.942434442578549,1.7546354447815262,False,/srv/bulk/samteway/lab-data/tracking-rate-timing-20260908-v2/captures/screen-r11-A-200us-control-20260908T071931.388206Z/run.json
A,200,2,True,legacy,0,388.0,50.81783994589898,2.9396422641938518,17.702930765151628,5.483191221207129,False,/srv/bulk/samteway/lab-data/tracking-rate-timing-20260908-v2/captures/screen-r2-A-200us-control-20260908T071943.099066Z/run.json
A,200,2,True,legacy,1,386.0,50.81783994589898,2.834261776850871,16.301054558215682,5.564969718468779,False,/srv/bulk/samteway/lab-data/tracking-rate-timing-20260908-v2/captures/screen-r2-A-200us-control-20260908T071943.099066Z/run.json
A,200,2,True,legacy,2,384.0,50.81783994589898,2.7137123805376144,15.046340245909724,5.599110323524432,False,/srv/bulk/samteway/lab-data/tracking-rate-timing-20260908-v2/captures/screen-r2-A-200us-control-20260908T071943.099066Z/run.json
A,200,2,True,legacy,5,378.0,50.81783994589898,2.47515829493495,13.767279009429016,5.892500667118671,False,/srv/bulk/samteway/lab-data/tracking-rate-timing-20260908-v2/captures/screen-r2-A-200us-control-20260908T071943.099066Z/run.json
A,200,2,True,legacy,10,368.0,50.81783994589898,2.17930302645112,13.589158919328137,5.611945065912617,False,/srv/bulk/samteway/lab-data/tracking-rate-timing-20260908-v2/captures/screen-r2-A-200us-control-20260908T071943.099066Z/run.json
A,200,2,True,legacy,15,358.0,50.81783994589898,1.8800665680902675,10.249796115970874,5.485673036389416,False,/srv/bulk/samteway/lab-data/tracking-rate-timing-20260908-v2/captures/screen-r2-A-200us-control-20260908T071943.099066Z/run.json
A,200,2,True,legacy,20,348.0,50.81783994589898,1.6375769008765086,10.492652181949055,5.200364160827449,False,/srv/bulk/samteway/lab-data/tracking-rate-timing-20260908-v2/captures/screen-r2-A-200us-control-20260908T071943.099066Z/run.json
A,200,2,True,legacy,30,328.0,50.81783994589898,1.0933460266123844,3.852961044603629,5.515069572776206,False,/srv/bulk/samteway/lab-data/tracking-rate-timing-20260908-v2/captures/screen-r2-A-200us-control-20260908T071943.099066Z/run.json
A,200,2,True,native_refined,0,388.0,50.81783994589898,2.8622852135214125,17.09326573440565,5.3043872126273754,False,/srv/bulk/samteway/lab-data/tracking-rate-timing-20260908-v2/captures/screen-r2-A-200us-control-20260908T071943.099066Z/run.json
A,200,2,True,native_refined,1,386.0,50.81783994589898,2.743530137782109,15.963580066601269,5.390245129510186,False,/srv/bulk/samteway/lab-data/tracking-rate-timing-20260908-v2/captures/screen-r2-A-200us-control-20260908T071943.099066Z/run.json
A,200,2,True,native_refined,2,384.0,50.81783994589898,2.660518543220186,15.779642969509599,5.399313231903395,False,/srv/bulk/samteway/lab-data/tracking-rate-timing-20260908-v2/captures/screen-r2-A-200us-control-20260908T071943.099066Z/run.json
A,200,2,True,native_refined,5,378.0,50.81783994589898,2.4835698272976527,15.92638758799068,5.699523034303313,False,/srv/bulk/samteway/lab-data/tracking-rate-timing-20260908-v2/captures/screen-r2-A-200us-control-20260908T071943.099066Z/run.json
A,200,2,True,native_refined,10,368.0,50.81783994589898,2.1724703568375188,13.712805740424807,5.201377010342551,False,/srv/bulk/samteway/lab-data/tracking-rate-timing-20260908-v2/captures/screen-r2-A-200us-control-20260908T071943.099066Z/run.json
A,200,2,True,native_refined,15,358.0,50.81783994589898,1.9026228830675165,11.948557720316176,5.1635487753522185,False,/srv/bulk/samteway/lab-data/tracking-rate-timing-20260908-v2/captures/screen-r2-A-200us-control-20260908T071943.099066Z/run.json
A,200,2,True,native_refined,20,348.0,50.81783994589898,1.668490200312451,11.538976247644666,5.0845934980939065,False,/srv/bulk/samteway/lab-data/tracking-rate-timing-20260908-v2/captures/screen-r2-A-200us-control-20260908T071943.099066Z/run.json
A,200,2,True,native_refined,30,328.0,50.81783994589898,1.067691498996035,6.901046103529292,5.355164683243779,False,/srv/bulk/samteway/lab-data/tracking-rate-timing-20260908-v2/captures/screen-r2-A-200us-control-20260908T071943.099066Z/run.json
D,25,2,False,legacy,0,99.0,,10.71464574347469,98.65256259419326,4.888034914914475,False,/srv/bulk/samteway/lab-data/tracking-rate-timing-20260908-v2/captures/screen-r2-D-25us-20260908T072011.579511Z/run.json
D,25,2,False,legacy,1,94.0,,10.232675985996382,96.94731913117128,4.844388537461908,False,/srv/bulk/samteway/lab-data/tracking-rate-timing-20260908-v2/captures/screen-r2-D-25us-20260908T072011.579511Z/run.json
D,25,2,False,legacy,2,89.0,,10.02959091063685,95.72690954461454,4.804011252060695,False,/srv/bulk/samteway/lab-data/tracking-rate-timing-20260908-v2/captures/screen-r2-D-25us-20260908T072011.579511Z/run.json
D,25,2,False,legacy,5,74.0,,9.12438221470278,91.35278598337756,4.46222673666522,False,/srv/bulk/samteway/lab-data/tracking-rate-timing-20260908-v2/captures/screen-r2-D-25us-20260908T072011.579511Z/run.json
D,25,2,False,legacy,10,49.0,,8.152205236191978,85.28604260496147,4.36107304214686,False,/srv/bulk/samteway/lab-data/tracking-rate-timing-20260908-v2/captures/screen-r2-D-25us-20260908T072011.579511Z/run.json
D,25,2,False,legacy,15,24.0,,7.449898950529869,73.3563311337222,4.556671110091954,False,/srv/bulk/samteway/lab-data/tracking-rate-timing-20260908-v2/captures/screen-r2-D-25us-20260908T072011.579511Z/run.json
D,25,2,False,native_refined,0,99.0,,10.297273497297109,95.68819312035191,4.847432187118849,False,/srv/bulk/samteway/lab-data/tracking-rate-timing-20260908-v2/captures/screen-r2-D-25us-20260908T072011.579511Z/run.json
D,25,2,False,native_refined,1,94.0,,10.02907031030471,94.62421413604122,4.780805792789326,False,/srv/bulk/samteway/lab-data/tracking-rate-timing-20260908-v2/captures/screen-r2-D-25us-20260908T072011.579511Z/run.json
D,25,2,False,native_refined,2,89.0,,9.698978878910655,92.86193773573352,4.684821693393616,False,/srv/bulk/samteway/lab-data/tracking-rate-timing-20260908-v2/captures/screen-r2-D-25us-20260908T072011.579511Z/run.json
D,25,2,False,native_refined,5,74.0,,8.917187232022558,88.48541672204935,4.593990892031929,False,/srv/bulk/samteway/lab-data/tracking-rate-timing-20260908-v2/captures/screen-r2-D-25us-20260908T072011.579511Z/run.json
D,25,2,False,native_refined,10,49.0,,8.11056642672276,84.73125921068797,4.52241761706652,False,/srv/bulk/samteway/lab-data/tracking-rate-timing-20260908-v2/captures/screen-r2-D-25us-20260908T072011.579511Z/run.json
D,25,2,False,native_refined,15,24.0,,9.673322494969273,73.57862624559732,4.761274311944444,False,/srv/bulk/samteway/lab-data/tracking-rate-timing-20260908-v2/captures/screen-r2-D-25us-20260908T072011.579511Z/run.json
A,25,2,False,legacy,0,39.0,,13.24411147904316,64.63207556529794,4.887137652834758,False,/srv/bulk/samteway/lab-data/tracking-rate-timing-20260908-v2/captures/screen-r2-A-25us-20260908T072025.570249Z/run.json
A,25,2,False,legacy,1,37.0,,12.874664332196852,65.53510324327632,4.842280214555725,False,/srv/bulk/samteway/lab-data/tracking-rate-timing-20260908-v2/captures/screen-r2-A-25us-20260908T072025.570249Z/run.json
A,25,2,False,legacy,2,35.0,,12.747466246098671,65.91742551490586,4.935455363043335,False,/srv/bulk/samteway/lab-data/tracking-rate-timing-20260908-v2/captures/screen-r2-A-25us-20260908T072025.570249Z/run.json
A,25,2,False,legacy,5,29.0,,12.276472488809247,65.63154273608214,5.09631715456123,False,/srv/bulk/samteway/lab-data/tracking-rate-timing-20260908-v2/captures/screen-r2-A-25us-20260908T072025.570249Z/run.json
A,25,2,False,legacy,10,19.0,,13.024856268048222,69.05034635046685,4.966449737578706,False,/srv/bulk/samteway/lab-data/tracking-rate-timing-20260908-v2/captures/screen-r2-A-25us-20260908T072025.570249Z/run.json
A,25,2,False,legacy,15,9.0,,10.693169253954137,47.002159680921416,4.4292739914743615,False,/srv/bulk/samteway/lab-data/tracking-rate-timing-20260908-v2/captures/screen-r2-A-25us-20260908T072025.570249Z/run.json
A,25,2,False,native_refined,0,39.0,,12.72277036752394,66.73578967881049,4.8653118366938415,False,/srv/bulk/samteway/lab-data/tracking-rate-timing-20260908-v2/captures/screen-r2-A-25us-20260908T072025.570249Z/run.json
A,25,2,False,native_refined,1,37.0,,12.594036015837185,67.15003023243841,4.954558306089816,False,/srv/bulk/samteway/lab-data/tracking-rate-timing-20260908-v2/captures/screen-r2-A-25us-20260908T072025.570249Z/run.json
A,25,2,False,native_refined,2,35.0,,12.213291767803739,66.4005581021243,4.933209860461193,False,/srv/bulk/samteway/lab-data/tracking-rate-timing-20260908-v2/captures/screen-r2-A-25us-20260908T072025.570249Z/run.json
A,25,2,False,native_refined,5,29.0,,12.338536813812144,67.06506925785432,5.029797619380528,False,/srv/bulk/samteway/lab-data/tracking-rate-timing-20260908-v2/captures/screen-r2-A-25us-20260908T072025.570249Z/run.json
A,25,2,False,native_refined,10,19.0,,12.286970876014689,68.30835887763621,5.0127395785250295,False,/srv/bulk/samteway/lab-data/tracking-rate-timing-20260908-v2/captures/screen-r2-A-25us-20260908T072025.570249Z/run.json
A,25,2,False,native_refined,15,9.0,,11.486834916388249,64.53365214289646,4.709944731775665,False,/srv/bulk/samteway/lab-data/tracking-rate-timing-20260908-v2/captures/screen-r2-A-25us-20260908T072025.570249Z/run.json
B,50,2,False,legacy,0,223.0,100.45059136358414,3.025745347925591,16.08440260560237,1.5547676315809196,False,/srv/bulk/samteway/lab-data/tracking-rate-timing-20260908-v2/captures/screen-r2-B-50us-20260908T072042.845121Z/run.json
B,50,2,False,legacy,1,218.0,100.45059136358414,3.061168079885063,16.09686035052786,1.5014274939362826,False,/srv/bulk/samteway/lab-data/tracking-rate-timing-20260908-v2/captures/screen-r2-B-50us-20260908T072042.845121Z/run.json
B,50,2,False,legacy,2,213.0,100.45059136358414,3.0817506576660882,15.783757566722086,1.433059695402481,False,/srv/bulk/samteway/lab-data/tracking-rate-timing-20260908-v2/captures/screen-r2-B-50us-20260908T072042.845121Z/run.json
B,50,2,False,legacy,5,198.0,100.45059136358414,2.9564325658063844,13.310561939122453,1.3736240243127706,False,/srv/bulk/samteway/lab-data/tracking-rate-timing-20260908-v2/captures/screen-r2-B-50us-20260908T072042.845121Z/run.json
B,50,2,False,legacy,10,173.0,100.45059136358414,2.66483616844825,12.779022073324578,1.2192092676416542,False,/srv/bulk/samteway/lab-data/tracking-rate-timing-20260908-v2/captures/screen-r2-B-50us-20260908T072042.845121Z/run.json
B,50,2,False,legacy,15,148.0,200.3032625404803,2.7511727861667366,15.996052916089475,1.1867722864219927,False,/srv/bulk/samteway/lab-data/tracking-rate-timing-20260908-v2/captures/screen-r2-B-50us-20260908T072042.845121Z/run.json
B,50,2,False,legacy,20,123.0,200.3032625404803,3.359346344786459,27.691518867059308,1.2028283690005495,False,/srv/bulk/samteway/lab-data/tracking-rate-timing-20260908-v2/captures/screen-r2-B-50us-20260908T072042.845121Z/run.json
B,50,2,False,legacy,30,73.0,,4.923803394648337,47.700531485771265,1.5514107531537555,False,/srv/bulk/samteway/lab-data/tracking-rate-timing-20260908-v2/captures/screen-r2-B-50us-20260908T072042.845121Z/run.json
B,50,2,False,native_refined,0,223.0,100.45059136358414,3.125854285256774,18.819011431564032,1.4829804784160756,False,/srv/bulk/samteway/lab-data/tracking-rate-timing-20260908-v2/captures/screen-r2-B-50us-20260908T072042.845121Z/run.json
B,50,2,False,native_refined,1,218.0,100.45059136358414,3.085456975711729,18.521002837544163,1.413818775692647,False,/srv/bulk/samteway/lab-data/tracking-rate-timing-20260908-v2/captures/screen-r2-B-50us-20260908T072042.845121Z/run.json
B,50,2,False,native_refined,2,213.0,100.45059136358414,3.0449287034626065,17.935201780293912,1.395114559377545,False,/srv/bulk/samteway/lab-data/tracking-rate-timing-20260908-v2/captures/screen-r2-B-50us-20260908T072042.845121Z/run.json
B,50,2,False,native_refined,5,198.0,100.45059136358414,2.950004641804416,16.072360985038685,1.2859419666252927,False,/srv/bulk/samteway/lab-data/tracking-rate-timing-20260908-v2/captures/screen-r2-B-50us-20260908T072042.845121Z/run.json
B,50,2,False,native_refined,10,173.0,100.45059136358414,2.7212464435260255,15.985997803265565,1.2107190844192397,False,/srv/bulk/samteway/lab-data/tracking-rate-timing-20260908-v2/captures/screen-r2-B-50us-20260908T072042.845121Z/run.json
B,50,2,False,native_refined,15,148.0,200.3032625404803,3.1172902835877867,25.78619920127154,1.2106591216645808,False,/srv/bulk/samteway/lab-data/tracking-rate-timing-20260908-v2/captures/screen-r2-B-50us-20260908T072042.845121Z/run.json
B,50,2,False,native_refined,20,123.0,400.00860489427254,3.5955640155984785,34.45848082456577,1.1882171093722251,False,/srv/bulk/samteway/lab-data/tracking-rate-timing-20260908-v2/captures/screen-r2-B-50us-20260908T072042.845121Z/run.json
B,50,2,False,native_refined,30,73.0,,5.336699586134362,54.590847972665316,1.737004009199627,False,/srv/bulk/samteway/lab-data/tracking-rate-timing-20260908-v2/captures/screen-r2-B-50us-20260908T072042.845121Z/run.json
D,50,2,False,legacy,0,223.0,,7.516118117648263,40.428903573709505,3.0110018955622504,False,/srv/bulk/samteway/lab-data/tracking-rate-timing-20260908-v2/captures/screen-r2-D-50us-20260908T072056.143442Z/run.json
D,50,2,False,legacy,1,218.0,,7.3590817319283985,41.45113219253609,2.9823216371756263,False,/srv/bulk/samteway/lab-data/tracking-rate-timing-20260908-v2/captures/screen-r2-D-50us-20260908T072056.143442Z/run.json
D,50,2,False,legacy,2,213.0,,7.240148650314655,41.097682075990484,2.9417215177966627,False,/srv/bulk/samteway/lab-data/tracking-rate-timing-20260908-v2/captures/screen-r2-D-50us-20260908T072056.143442Z/run.json
D,50,2,False,legacy,5,198.0,,6.97499932171741,40.27490351058501,2.713796820675149,False,/srv/bulk/samteway/lab-data/tracking-rate-timing-20260908-v2/captures/screen-r2-D-50us-20260908T072056.143442Z/run.json
D,50,2,False,legacy,10,173.0,,6.396161597885095,38.388072746613204,2.5725594106300935,False,/srv/bulk/samteway/lab-data/tracking-rate-timing-20260908-v2/captures/screen-r2-D-50us-20260908T072056.143442Z/run.json
D,50,2,False,legacy,15,148.0,,6.484244685886547,37.179065203996934,2.541731848574489,False,/srv/bulk/samteway/lab-data/tracking-rate-timing-20260908-v2/captures/screen-r2-D-50us-20260908T072056.143442Z/run.json
D,50,2,False,legacy,20,123.0,,6.410536119662672,38.04302286280964,2.399566490923548,False,/srv/bulk/samteway/lab-data/tracking-rate-timing-20260908-v2/captures/screen-r2-D-50us-20260908T072056.143442Z/run.json
D,50,2,False,legacy,30,73.0,,6.8392261724839045,50.90826567622703,2.2601097339182417,False,/srv/bulk/samteway/lab-data/tracking-rate-timing-20260908-v2/captures/screen-r2-D-50us-20260908T072056.143442Z/run.json
D,50,2,False,native_refined,0,223.0,,7.163329917632177,42.20461279637067,2.9917043064056053,False,/srv/bulk/samteway/lab-data/tracking-rate-timing-20260908-v2/captures/screen-r2-D-50us-20260908T072056.143442Z/run.json
D,50,2,False,native_refined,1,218.0,,7.088406788674634,41.83006173300605,2.948696907723259,False,/srv/bulk/samteway/lab-data/tracking-rate-timing-20260908-v2/captures/screen-r2-D-50us-20260908T072056.143442Z/run.json
D,50,2,False,native_refined,2,213.0,,6.906120840279222,41.225285930194374,2.900864135762053,False,/srv/bulk/samteway/lab-data/tracking-rate-timing-20260908-v2/captures/screen-r2-D-50us-20260908T072056.143442Z/run.json
D,50,2,False,native_refined,5,198.0,,6.73731711830169,41.62042283355593,2.7038535705487265,False,/srv/bulk/samteway/lab-data/tracking-rate-timing-20260908-v2/captures/screen-r2-D-50us-20260908T072056.143442Z/run.json
D,50,2,False,native_refined,10,173.0,,6.239089727467677,39.00273351653931,2.594592469944308,False,/srv/bulk/samteway/lab-data/tracking-rate-timing-20260908-v2/captures/screen-r2-D-50us-20260908T072056.143442Z/run.json
D,50,2,False,native_refined,15,148.0,,6.219978356670514,38.3290163778203,2.5637382405595783,False,/srv/bulk/samteway/lab-data/tracking-rate-timing-20260908-v2/captures/screen-r2-D-50us-20260908T072056.143442Z/run.json
D,50,2,False,native_refined,20,123.0,,6.215938192082385,40.565709254878556,2.4415729397660955,False,/srv/bulk/samteway/lab-data/tracking-rate-timing-20260908-v2/captures/screen-r2-D-50us-20260908T072056.143442Z/run.json
D,50,2,False,native_refined,30,73.0,,6.492661458889735,52.45807078108757,2.344721310178203,False,/srv/bulk/samteway/lab-data/tracking-rate-timing-20260908-v2/captures/screen-r2-D-50us-20260908T072056.143442Z/run.json
A,50,2,False,legacy,0,89.0,400.5808269425473,3.3818625872073707,29.217826731432854,2.7027802348714336,False,/srv/bulk/samteway/lab-data/tracking-rate-timing-20260908-v2/captures/screen-r2-A-50us-20260908T072110.243709Z/run.json
A,50,2,False,legacy,1,87.0,400.5808269425473,3.2400977614693702,29.466932402585616,2.6007119641746086,False,/srv/bulk/samteway/lab-data/tracking-rate-timing-20260908-v2/captures/screen-r2-A-50us-20260908T072110.243709Z/run.json
A,50,2,False,legacy,2,85.0,400.5808269425473,3.1335965649067044,29.66801541302682,2.5562890203243525,False,/srv/bulk/samteway/lab-data/tracking-rate-timing-20260908-v2/captures/screen-r2-A-50us-20260908T072110.243709Z/run.json
A,50,2,False,legacy,5,79.0,400.5808269425473,2.910581573491477,31.537840933944622,2.63529955189063,False,/srv/bulk/samteway/lab-data/tracking-rate-timing-20260908-v2/captures/screen-r2-A-50us-20260908T072110.243709Z/run.json
A,50,2,False,legacy,10,69.0,200.29041347127364,2.6875077104893847,32.517861589408206,2.022573108849902,False,/srv/bulk/samteway/lab-data/tracking-rate-timing-20260908-v2/captures/screen-r2-A-50us-20260908T072110.243709Z/run.json
A,50,2,False,legacy,15,59.0,400.5808269425473,2.9410046322056678,35.20043153485124,2.1398569574945254,False,/srv/bulk/samteway/lab-data/tracking-rate-timing-20260908-v2/captures/screen-r2-A-50us-20260908T072110.243709Z/run.json
A,50,2,False,legacy,20,49.0,400.5808269425473,2.7250856538218384,32.684319373844666,2.717073226781768,False,/srv/bulk/samteway/lab-data/tracking-rate-timing-20260908-v2/captures/screen-r2-A-50us-20260908T072110.243709Z/run.json
A,50,2,False,legacy,30,29.0,,3.062235596844555,24.914672399741544,1.7494430126642981,False,/srv/bulk/samteway/lab-data/tracking-rate-timing-20260908-v2/captures/screen-r2-A-50us-20260908T072110.243709Z/run.json
A,50,2,False,native_refined,0,89.0,400.5808269425473,3.2602053974261227,30.089401593257843,2.777393447821364,False,/srv/bulk/samteway/lab-data/tracking-rate-timing-20260908-v2/captures/screen-r2-A-50us-20260908T072110.243709Z/run.json
A,50,2,False,native_refined,1,87.0,400.5808269425473,3.2347976713590594,30.345764442456453,2.7966398981230127,False,/srv/bulk/samteway/lab-data/tracking-rate-timing-20260908-v2/captures/screen-r2-A-50us-20260908T072110.243709Z/run.json
A,50,2,False,native_refined,2,85.0,400.5808269425473,3.1309573298952746,30.070002584353656,2.964973943824645,False,/srv/bulk/samteway/lab-data/tracking-rate-timing-20260908-v2/captures/screen-r2-A-50us-20260908T072110.243709Z/run.json
A,50,2,False,native_refined,5,79.0,400.5808269425473,2.9779051317165086,34.29730232392773,2.7745230687782882,False,/srv/bulk/samteway/lab-data/tracking-rate-timing-20260908-v2/captures/screen-r2-A-50us-20260908T072110.243709Z/run.json
A,50,2,False,native_refined,10,69.0,400.5808269425473,2.812511561770904,33.53434522725674,2.518323048073097,False,/srv/bulk/samteway/lab-data/tracking-rate-timing-20260908-v2/captures/screen-r2-A-50us-20260908T072110.243709Z/run.json
A,50,2,False,native_refined,15,59.0,400.5808269425473,3.009378011240616,35.282848514410695,2.561277571507637,False,/srv/bulk/samteway/lab-data/tracking-rate-timing-20260908-v2/captures/screen-r2-A-50us-20260908T072110.243709Z/run.json
A,50,2,False,native_refined,20,49.0,400.5808269425473,3.109689029448432,36.80807758745251,3.0119542605412675,False,/srv/bulk/samteway/lab-data/tracking-rate-timing-20260908-v2/captures/screen-r2-A-50us-20260908T072110.243709Z/run.json
A,50,2,False,native_refined,30,29.0,,3.2639797055241275,24.513886865587022,3.661772231602112,False,/srv/bulk/samteway/lab-data/tracking-rate-timing-20260908-v2/captures/screen-r2-A-50us-20260908T072110.243709Z/run.json
B,100,2,False,legacy,0,473.0,100.45326024012478,2.873327276788376,20.034044277012246,1.6456668585350964,False,/srv/bulk/samteway/lab-data/tracking-rate-timing-20260908-v2/captures/screen-r2-B-100us-20260908T072128.436476Z/run.json
B,100,2,False,legacy,1,468.0,100.45326024012478,2.879790199443424,20.202603094831623,1.4344807603219534,False,/srv/bulk/samteway/lab-data/tracking-rate-timing-20260908-v2/captures/screen-r2-B-100us-20260908T072128.436476Z/run.json
B,100,2,False,legacy,2,463.0,100.45326024012478,2.937407923878094,21.050736498153498,1.4023440518530994,False,/srv/bulk/samteway/lab-data/tracking-rate-timing-20260908-v2/captures/screen-r2-B-100us-20260908T072128.436476Z/run.json
B,100,2,False,legacy,5,448.0,100.45326024012478,3.169901491946871,20.532875626197292,1.51990149841288,False,/srv/bulk/samteway/lab-data/tracking-rate-timing-20260908-v2/captures/screen-r2-B-100us-20260908T072128.436476Z/run.json
B,100,2,False,legacy,10,423.0,50.22663012006239,3.137688218899938,16.495071244455115,1.3364560574445936,False,/srv/bulk/samteway/lab-data/tracking-rate-timing-20260908-v2/captures/screen-r2-B-100us-20260908T072128.436476Z/run.json
B,100,2,False,legacy,15,398.0,50.22663012006239,3.0706699598766005,13.295379698318794,1.1500846580262905,False,/srv/bulk/samteway/lab-data/tracking-rate-timing-20260908-v2/captures/screen-r2-B-100us-20260908T072128.436476Z/run.json
B,100,2,False,legacy,20,373.0,50.22663012006239,2.9312416134764785,12.471903046811187,0.947559458915212,False,/srv/bulk/samteway/lab-data/tracking-rate-timing-20260908-v2/captures/screen-r2-B-100us-20260908T072128.436476Z/run.json
B,100,2,False,legacy,30,323.0,50.22663012006239,2.8747961663526613,8.193993590757401,0.753859869631968,True,/srv/bulk/samteway/lab-data/tracking-rate-timing-20260908-v2/captures/screen-r2-B-100us-20260908T072128.436476Z/run.json
B,100,2,False,native_refined,0,473.0,100.45326024012478,2.882090687907245,21.123430461258014,1.1333283871529183,False,/srv/bulk/samteway/lab-data/tracking-rate-timing-20260908-v2/captures/screen-r2-B-100us-20260908T072128.436476Z/run.json
B,100,2,False,native_refined,1,468.0,100.45326024012478,2.9775834104312393,22.4638001680996,1.1072152838054503,False,/srv/bulk/samteway/lab-data/tracking-rate-timing-20260908-v2/captures/screen-r2-B-100us-20260908T072128.436476Z/run.json
B,100,2,False,native_refined,2,463.0,100.45326024012478,3.085126126896827,23.115511796497273,1.2417103472577224,False,/srv/bulk/samteway/lab-data/tracking-rate-timing-20260908-v2/captures/screen-r2-B-100us-20260908T072128.436476Z/run.json
B,100,2,False,native_refined,5,448.0,50.22663012006239,3.2858795105501484,20.781095698515855,1.1527377167229211,False,/srv/bulk/samteway/lab-data/tracking-rate-timing-20260908-v2/captures/screen-r2-B-100us-20260908T072128.436476Z/run.json
B,100,2,False,native_refined,10,423.0,50.22663012006239,3.043844657143917,16.670985251897218,0.9097069940194733,False,/srv/bulk/samteway/lab-data/tracking-rate-timing-20260908-v2/captures/screen-r2-B-100us-20260908T072128.436476Z/run.json
B,100,2,False,native_refined,15,398.0,50.22663012006239,3.042206486871982,14.455917735464539,0.7628165499309261,False,/srv/bulk/samteway/lab-data/tracking-rate-timing-20260908-v2/captures/screen-r2-B-100us-20260908T072128.436476Z/run.json
B,100,2,False,native_refined,20,373.0,50.22663012006239,2.9054516873204275,15.814332002831172,0.6506481295311182,False,/srv/bulk/samteway/lab-data/tracking-rate-timing-20260908-v2/captures/screen-r2-B-100us-20260908T072128.436476Z/run.json
B,100,2,False,native_refined,30,323.0,50.22663012006239,2.731129584545715,10.112518661045431,0.6783084776616897,False,/srv/bulk/samteway/lab-data/tracking-rate-timing-20260908-v2/captures/screen-r2-B-100us-20260908T072128.436476Z/run.json
A,100,2,False,legacy,0,188.0,50.22766020072908,2.8981192713370376,29.400468677559818,2.831332894841375,False,/srv/bulk/samteway/lab-data/tracking-rate-timing-20260908-v2/captures/screen-r2-A-100us-20260908T072142.110498Z/run.json
A,100,2,False,legacy,1,186.0,50.22766020072908,2.783547113352492,28.590218577810173,2.8994968463203503,False,/srv/bulk/samteway/lab-data/tracking-rate-timing-20260908-v2/captures/screen-r2-A-100us-20260908T072142.110498Z/run.json
A,100,2,False,legacy,2,184.0,50.22766020072908,2.6827725661400232,28.409578975734984,2.834384233021094,False,/srv/bulk/samteway/lab-data/tracking-rate-timing-20260908-v2/captures/screen-r2-A-100us-20260908T072142.110498Z/run.json
A,100,2,False,legacy,5,178.0,50.22766020072908,2.370553795830994,26.15124643301859,2.8172329505290983,False,/srv/bulk/samteway/lab-data/tracking-rate-timing-20260908-v2/captures/screen-r2-A-100us-20260908T072142.110498Z/run.json
A,100,2,False,legacy,10,168.0,50.22766020072908,2.1018910958188455,23.282673726672222,2.978683383707519,False,/srv/bulk/samteway/lab-data/tracking-rate-timing-20260908-v2/captures/screen-r2-A-100us-20260908T072142.110498Z/run.json
A,100,2,False,legacy,15,158.0,50.22766020072908,1.9492363105992667,21.447859472041895,2.885337307160793,False,/srv/bulk/samteway/lab-data/tracking-rate-timing-20260908-v2/captures/screen-r2-A-100us-20260908T072142.110498Z/run.json
A,100,2,False,legacy,20,148.0,50.22766020072908,2.0271006703667505,20.781438440191742,2.525807793695996,False,/srv/bulk/samteway/lab-data/tracking-rate-timing-20260908-v2/captures/screen-r2-A-100us-20260908T072142.110498Z/run.json
A,100,2,False,legacy,30,128.0,50.22766020072908,2.3307012697552945,25.193709866595025,2.763928880224635,False,/srv/bulk/samteway/lab-data/tracking-rate-timing-20260908-v2/captures/screen-r2-A-100us-20260908T072142.110498Z/run.json
A,100,2,False,native_refined,0,188.0,50.22766020072908,2.901706550975845,29.66185742081472,2.9251065619933456,False,/srv/bulk/samteway/lab-data/tracking-rate-timing-20260908-v2/captures/screen-r2-A-100us-20260908T072142.110498Z/run.json
A,100,2,False,native_refined,1,186.0,50.22766020072908,2.7842563940402085,28.874261150834155,3.0049380399442436,False,/srv/bulk/samteway/lab-data/tracking-rate-timing-20260908-v2/captures/screen-r2-A-100us-20260908T072142.110498Z/run.json
A,100,2,False,native_refined,2,184.0,50.22766020072908,2.6807734982461637,28.630572924830638,2.9068723678005997,False,/srv/bulk/samteway/lab-data/tracking-rate-timing-20260908-v2/captures/screen-r2-A-100us-20260908T072142.110498Z/run.json
A,100,2,False,native_refined,5,178.0,50.22766020072908,2.3332189488945474,25.577629660110954,2.98216802173068,False,/srv/bulk/samteway/lab-data/tracking-rate-timing-20260908-v2/captures/screen-r2-A-100us-20260908T072142.110498Z/run.json
A,100,2,False,native_refined,10,168.0,50.22766020072908,2.1153184935717215,23.42415931058753,3.1385767607879353,False,/srv/bulk/samteway/lab-data/tracking-rate-timing-20260908-v2/captures/screen-r2-A-100us-20260908T072142.110498Z/run.json
A,100,2,False,native_refined,15,158.0,50.22766020072908,2.0128640132282576,22.344304183979343,2.9765876630376296,False,/srv/bulk/samteway/lab-data/tracking-rate-timing-20260908-v2/captures/screen-r2-A-100us-20260908T072142.110498Z/run.json
A,100,2,False,native_refined,20,148.0,50.22766020072908,2.124007885452937,21.99781453890222,2.811685174111074,False,/srv/bulk/samteway/lab-data/tracking-rate-timing-20260908-v2/captures/screen-r2-A-100us-20260908T072142.110498Z/run.json
A,100,2,False,native_refined,30,128.0,50.22766020072908,2.445814125088184,26.564635969718555,3.0387893421038434,False,/srv/bulk/samteway/lab-data/tracking-rate-timing-20260908-v2/captures/screen-r2-A-100us-20260908T072142.110498Z/run.json
D,100,2,False,legacy,0,473.0,200.89158073894362,5.664865267520598,51.43828803712465,2.4182434173099288,False,/srv/bulk/samteway/lab-data/tracking-rate-timing-20260908-v2/captures/screen-r2-D-100us-20260908T072153.974681Z/run.json
D,100,2,False,legacy,1,468.0,200.89158073894362,5.539979885327027,50.80305135053726,2.3987069084613837,False,/srv/bulk/samteway/lab-data/tracking-rate-timing-20260908-v2/captures/screen-r2-D-100us-20260908T072153.974681Z/run.json
D,100,2,False,legacy,2,463.0,200.89158073894362,5.4677894791522155,50.63117547241014,2.3658908132986753,False,/srv/bulk/samteway/lab-data/tracking-rate-timing-20260908-v2/captures/screen-r2-D-100us-20260908T072153.974681Z/run.json
D,100,2,False,legacy,5,448.0,200.89158073894362,5.2281990145160435,50.84716659180901,2.2451902723980606,False,/srv/bulk/samteway/lab-data/tracking-rate-timing-20260908-v2/captures/screen-r2-D-100us-20260908T072153.974681Z/run.json
D,100,2,False,legacy,10,423.0,200.89158073894362,5.1130930178957685,53.18441829730107,2.358574302494258,False,/srv/bulk/samteway/lab-data/tracking-rate-timing-20260908-v2/captures/screen-r2-D-100us-20260908T072153.974681Z/run.json
D,100,2,False,legacy,15,398.0,200.89158073894362,4.823095556081705,51.556528899032045,2.740513064632516,False,/srv/bulk/samteway/lab-data/tracking-rate-timing-20260908-v2/captures/screen-r2-D-100us-20260908T072153.974681Z/run.json
D,100,2,False,legacy,20,373.0,200.89158073894362,4.80044293304696,52.709235269404004,2.95236805650704,False,/srv/bulk/samteway/lab-data/tracking-rate-timing-20260908-v2/captures/screen-r2-D-100us-20260908T072153.974681Z/run.json
D,100,2,False,legacy,30,323.0,400.8863240638741,5.057745630374251,56.97694957528474,2.732251991250703,False,/srv/bulk/samteway/lab-data/tracking-rate-timing-20260908-v2/captures/screen-r2-D-100us-20260908T072153.974681Z/run.json
D,100,2,False,native_refined,0,473.0,200.89158073894362,5.713057622560703,50.113584917139654,2.4339714243057387,False,/srv/bulk/samteway/lab-data/tracking-rate-timing-20260908-v2/captures/screen-r2-D-100us-20260908T072153.974681Z/run.json
D,100,2,False,native_refined,1,468.0,200.89158073894362,5.553276861304529,50.36203216959831,2.407633607872738,False,/srv/bulk/samteway/lab-data/tracking-rate-timing-20260908-v2/captures/screen-r2-D-100us-20260908T072153.974681Z/run.json
D,100,2,False,native_refined,2,463.0,200.89158073894362,5.429765843473797,49.59783651048606,2.382418269094403,False,/srv/bulk/samteway/lab-data/tracking-rate-timing-20260908-v2/captures/screen-r2-D-100us-20260908T072153.974681Z/run.json
D,100,2,False,native_refined,5,448.0,200.89158073894362,5.216207574257652,49.75802080730177,2.257693760597836,False,/srv/bulk/samteway/lab-data/tracking-rate-timing-20260908-v2/captures/screen-r2-D-100us-20260908T072153.974681Z/run.json
D,100,2,False,native_refined,10,423.0,200.89158073894362,5.064218624510639,52.16540456541932,2.305343831215805,False,/srv/bulk/samteway/lab-data/tracking-rate-timing-20260908-v2/captures/screen-r2-D-100us-20260908T072153.974681Z/run.json
D,100,2,False,native_refined,15,398.0,200.89158073894362,4.738168259732554,50.52006050830046,2.788389977578375,False,/srv/bulk/samteway/lab-data/tracking-rate-timing-20260908-v2/captures/screen-r2-D-100us-20260908T072153.974681Z/run.json
D,100,2,False,native_refined,20,373.0,200.89158073894362,4.67151650264886,51.534928260360786,3.2400502445366364,False,/srv/bulk/samteway/lab-data/tracking-rate-timing-20260908-v2/captures/screen-r2-D-100us-20260908T072153.974681Z/run.json
D,100,2,False,native_refined,30,323.0,400.8863240638741,4.936210390845827,55.20389625764968,3.0974449746680732,False,/srv/bulk/samteway/lab-data/tracking-rate-timing-20260908-v2/captures/screen-r2-D-100us-20260908T072153.974681Z/run.json
B,200,2,False,legacy,0,971.0,50.81812913908324,3.05930664485555,21.27829155903261,0.6663462449116836,False,/srv/bulk/samteway/lab-data/tracking-rate-timing-20260908-v2/captures/screen-r2-B-200us-20260908T072213.815522Z/run.json
B,200,2,False,legacy,1,966.0,50.81812913908324,3.0026606121033317,20.965616769749126,0.646247268914984,False,/srv/bulk/samteway/lab-data/tracking-rate-timing-20260908-v2/captures/screen-r2-B-200us-20260908T072213.815522Z/run.json
B,200,2,False,legacy,2,961.0,50.81812913908324,2.9310736736859995,20.50536396151996,0.6354341890125244,False,/srv/bulk/samteway/lab-data/tracking-rate-timing-20260908-v2/captures/screen-r2-B-200us-20260908T072213.815522Z/run.json
B,200,2,False,legacy,5,946.0,50.81812913908324,2.8181181118650556,19.396401420955574,0.5903481706162352,False,/srv/bulk/samteway/lab-data/tracking-rate-timing-20260908-v2/captures/screen-r2-B-200us-20260908T072213.815522Z/run.json
B,200,2,False,legacy,10,921.0,50.81812913908324,2.7360957430945327,16.859611304320012,0.5436628510456439,False,/srv/bulk/samteway/lab-data/tracking-rate-timing-20260908-v2/captures/screen-r2-B-200us-20260908T072213.815522Z/run.json
B,200,2,False,legacy,15,896.0,50.81812913908324,2.690715116336534,17.88355602996273,0.5179481524140588,False,/srv/bulk/samteway/lab-data/tracking-rate-timing-20260908-v2/captures/screen-r2-B-200us-20260908T072213.815522Z/run.json
B,200,2,False,legacy,20,871.0,50.81812913908324,2.6717170066608498,16.31681876597007,0.440936362148465,False,/srv/bulk/samteway/lab-data/tracking-rate-timing-20260908-v2/captures/screen-r2-B-200us-20260908T072213.815522Z/run.json
B,200,2,False,legacy,30,821.0,50.81812913908324,2.8824804470483403,20.46311626203018,0.42998420001966525,False,/srv/bulk/samteway/lab-data/tracking-rate-timing-20260908-v2/captures/screen-r2-B-200us-20260908T072213.815522Z/run.json
B,200,2,False,native_refined,0,971.0,50.81812913908324,3.0593448855482968,21.055477850967925,0.6671424735794094,False,/srv/bulk/samteway/lab-data/tracking-rate-timing-20260908-v2/captures/screen-r2-B-200us-20260908T072213.815522Z/run.json
B,200,2,False,native_refined,1,966.0,50.81812913908324,3.0158709423403662,21.057177780010367,0.6515050964443085,False,/srv/bulk/samteway/lab-data/tracking-rate-timing-20260908-v2/captures/screen-r2-B-200us-20260908T072213.815522Z/run.json
B,200,2,False,native_refined,2,961.0,50.81812913908324,2.9409528272422647,20.551822209168133,0.6432244455506897,False,/srv/bulk/samteway/lab-data/tracking-rate-timing-20260908-v2/captures/screen-r2-B-200us-20260908T072213.815522Z/run.json
B,200,2,False,native_refined,5,946.0,50.81812913908324,2.8174688701982102,19.407245315206595,0.6005498472042434,False,/srv/bulk/samteway/lab-data/tracking-rate-timing-20260908-v2/captures/screen-r2-B-200us-20260908T072213.815522Z/run.json
B,200,2,False,native_refined,10,921.0,50.81812913908324,2.7315161235846186,16.694753501231652,0.5477443581068396,False,/srv/bulk/samteway/lab-data/tracking-rate-timing-20260908-v2/captures/screen-r2-B-200us-20260908T072213.815522Z/run.json
B,200,2,False,native_refined,15,896.0,50.81812913908324,2.6895232683343346,17.85488651914812,0.5253780141754589,False,/srv/bulk/samteway/lab-data/tracking-rate-timing-20260908-v2/captures/screen-r2-B-200us-20260908T072213.815522Z/run.json
B,200,2,False,native_refined,20,871.0,50.81812913908324,2.6729292140789043,16.164234895685496,0.44711169812434254,False,/srv/bulk/samteway/lab-data/tracking-rate-timing-20260908-v2/captures/screen-r2-B-200us-20260908T072213.815522Z/run.json
B,200,2,False,native_refined,30,821.0,50.81812913908324,2.880802299147271,20.39483258162591,0.42973211147457246,False,/srv/bulk/samteway/lab-data/tracking-rate-timing-20260908-v2/captures/screen-r2-B-200us-20260908T072213.815522Z/run.json
D,200,2,False,legacy,0,971.0,50.818209438249795,1.9550423530081311,5.640464287580212,2.762208491346289,False,/srv/bulk/samteway/lab-data/tracking-rate-timing-20260908-v2/captures/screen-r2-D-200us-20260908T072227.204091Z/run.json
D,200,2,False,legacy,1,966.0,50.818209438249795,1.955718019864243,5.662617640689482,2.8807818650915076,False,/srv/bulk/samteway/lab-data/tracking-rate-timing-20260908-v2/captures/screen-r2-D-200us-20260908T072227.204091Z/run.json
D,200,2,False,legacy,2,961.0,50.818209438249795,1.9953176215142934,5.8597410984040685,2.905580415132885,False,/srv/bulk/samteway/lab-data/tracking-rate-timing-20260908-v2/captures/screen-r2-D-200us-20260908T072227.204091Z/run.json
D,200,2,False,legacy,5,946.0,50.818209438249795,2.0442708754078223,5.922823735232549,3.041640030476456,False,/srv/bulk/samteway/lab-data/tracking-rate-timing-20260908-v2/captures/screen-r2-D-200us-20260908T072227.204091Z/run.json
D,200,2,False,legacy,10,921.0,50.818209438249795,2.08644171901709,6.4243997149928305,3.064400527131091,False,/srv/bulk/samteway/lab-data/tracking-rate-timing-20260908-v2/captures/screen-r2-D-200us-20260908T072227.204091Z/run.json
D,200,2,False,legacy,15,896.0,50.818209438249795,1.9651048448249009,5.892832531260833,3.153959742653605,False,/srv/bulk/samteway/lab-data/tracking-rate-timing-20260908-v2/captures/screen-r2-D-200us-20260908T072227.204091Z/run.json
D,200,2,False,legacy,20,871.0,50.818209438249795,1.99314059859027,5.93826274123622,3.0896433416323372,False,/srv/bulk/samteway/lab-data/tracking-rate-timing-20260908-v2/captures/screen-r2-D-200us-20260908T072227.204091Z/run.json
D,200,2,False,legacy,30,821.0,50.818209438249795,2.0652676676803567,6.4191211072332575,3.602021099783039,False,/srv/bulk/samteway/lab-data/tracking-rate-timing-20260908-v2/captures/screen-r2-D-200us-20260908T072227.204091Z/run.json
D,200,2,False,native_refined,0,971.0,50.818209438249795,1.9504039732213707,5.642368560557289,2.7298521661302955,False,/srv/bulk/samteway/lab-data/tracking-rate-timing-20260908-v2/captures/screen-r2-D-200us-20260908T072227.204091Z/run.json
D,200,2,False,native_refined,1,966.0,50.818209438249795,1.9525024831522368,5.640164810883641,2.780194996876628,False,/srv/bulk/samteway/lab-data/tracking-rate-timing-20260908-v2/captures/screen-r2-D-200us-20260908T072227.204091Z/run.json
D,200,2,False,native_refined,2,961.0,50.818209438249795,1.9720108628486257,5.785056938977913,2.897909071994178,False,/srv/bulk/samteway/lab-data/tracking-rate-timing-20260908-v2/captures/screen-r2-D-200us-20260908T072227.204091Z/run.json
D,200,2,False,native_refined,5,946.0,50.818209438249795,2.046285526661194,5.940518719178424,2.9358950858824606,False,/srv/bulk/samteway/lab-data/tracking-rate-timing-20260908-v2/captures/screen-r2-D-200us-20260908T072227.204091Z/run.json
D,200,2,False,native_refined,10,921.0,50.818209438249795,2.0900578412525754,6.0625699301239,3.0201968811509943,False,/srv/bulk/samteway/lab-data/tracking-rate-timing-20260908-v2/captures/screen-r2-D-200us-20260908T072227.204091Z/run.json
D,200,2,False,native_refined,15,896.0,50.818209438249795,1.973200831525645,5.924412426655727,3.0545951988028577,False,/srv/bulk/samteway/lab-data/tracking-rate-timing-20260908-v2/captures/screen-r2-D-200us-20260908T072227.204091Z/run.json
D,200,2,False,native_refined,20,871.0,50.818209438249795,1.9801070913524923,5.8838130834442435,3.0256970411110657,False,/srv/bulk/samteway/lab-data/tracking-rate-timing-20260908-v2/captures/screen-r2-D-200us-20260908T072227.204091Z/run.json
D,200,2,False,native_refined,30,821.0,50.818209438249795,2.0745177340445635,6.3808794701351115,3.529106306460786,False,/srv/bulk/samteway/lab-data/tracking-rate-timing-20260908-v2/captures/screen-r2-D-200us-20260908T072227.204091Z/run.json
A,200,2,False,legacy,0,388.0,50.819239871162786,0.34943118229573394,0.9725370757046858,2.091177177949193,False,/srv/bulk/samteway/lab-data/tracking-rate-timing-20260908-v2/captures/screen-r2-A-200us-20260908T072240.677278Z/run.json
A,200,2,False,legacy,1,386.0,50.819239871162786,0.3798029593671836,1.077918620631909,2.1994495801554197,False,/srv/bulk/samteway/lab-data/tracking-rate-timing-20260908-v2/captures/screen-r2-A-200us-20260908T072240.677278Z/run.json
A,200,2,False,legacy,2,384.0,50.819239871162786,0.3436021019067181,0.9860280038543042,2.1571053386438406,False,/srv/bulk/samteway/lab-data/tracking-rate-timing-20260908-v2/captures/screen-r2-A-200us-20260908T072240.677278Z/run.json
A,200,2,False,legacy,5,378.0,50.819239871162786,0.3823139054344236,1.6195160212519204,2.2671962703736934,False,/srv/bulk/samteway/lab-data/tracking-rate-timing-20260908-v2/captures/screen-r2-A-200us-20260908T072240.677278Z/run.json
A,200,2,False,legacy,10,368.0,50.819239871162786,0.33635098968976446,1.073033124644468,2.085908796732202,False,/srv/bulk/samteway/lab-data/tracking-rate-timing-20260908-v2/captures/screen-r2-A-200us-20260908T072240.677278Z/run.json
A,200,2,False,legacy,15,358.0,50.819239871162786,0.42186621591956186,2.4681178688061434,2.0641019551303765,False,/srv/bulk/samteway/lab-data/tracking-rate-timing-20260908-v2/captures/screen-r2-A-200us-20260908T072240.677278Z/run.json
A,200,2,False,legacy,20,348.0,50.819239871162786,0.41183441229319806,1.0642493094093513,2.1105200754090543,False,/srv/bulk/samteway/lab-data/tracking-rate-timing-20260908-v2/captures/screen-r2-A-200us-20260908T072240.677278Z/run.json
A,200,2,False,legacy,30,328.0,50.819239871162786,0.365841451673423,1.0503165581006952,1.9018783032804396,False,/srv/bulk/samteway/lab-data/tracking-rate-timing-20260908-v2/captures/screen-r2-A-200us-20260908T072240.677278Z/run.json
A,200,2,False,native_refined,0,388.0,50.819239871162786,0.38414898127123737,1.0687668296073458,2.1397722790848244,False,/srv/bulk/samteway/lab-data/tracking-rate-timing-20260908-v2/captures/screen-r2-A-200us-20260908T072240.677278Z/run.json
A,200,2,False,native_refined,1,386.0,50.819239871162786,0.3522246816382391,0.9769040615590244,2.0971211082545667,False,/srv/bulk/samteway/lab-data/tracking-rate-timing-20260908-v2/captures/screen-r2-A-200us-20260908T072240.677278Z/run.json
A,200,2,False,native_refined,2,384.0,50.819239871162786,0.33703292160136644,0.9488115868802208,2.0492620193935163,False,/srv/bulk/samteway/lab-data/tracking-rate-timing-20260908-v2/captures/screen-r2-A-200us-20260908T072240.677278Z/run.json
A,200,2,False,native_refined,5,378.0,50.819239871162786,0.35243213725583056,0.8519592054857402,2.238188919029257,False,/srv/bulk/samteway/lab-data/tracking-rate-timing-20260908-v2/captures/screen-r2-A-200us-20260908T072240.677278Z/run.json
A,200,2,False,native_refined,10,368.0,50.819239871162786,0.3099596019951827,0.8335526321669054,1.940556473484085,False,/srv/bulk/samteway/lab-data/tracking-rate-timing-20260908-v2/captures/screen-r2-A-200us-20260908T072240.677278Z/run.json
A,200,2,False,native_refined,15,358.0,50.819239871162786,0.40331634876072364,1.0469712063771786,2.0013799604757345,False,/srv/bulk/samteway/lab-data/tracking-rate-timing-20260908-v2/captures/screen-r2-A-200us-20260908T072240.677278Z/run.json
A,200,2,False,native_refined,20,348.0,50.819239871162786,0.3991434986149728,0.9631850059209807,1.946976649355763,False,/srv/bulk/samteway/lab-data/tracking-rate-timing-20260908-v2/captures/screen-r2-A-200us-20260908T072240.677278Z/run.json
A,200,2,False,native_refined,30,328.0,50.819239871162786,0.3998289988765077,1.1353510359045862,1.845353553239851,False,/srv/bulk/samteway/lab-data/tracking-rate-timing-20260908-v2/captures/screen-r2-A-200us-20260908T072240.677278Z/run.json
A,200,12,True,legacy,0,388.0,50.816140954559124,2.008176558946327,17.460392286988256,2.012284804828485,False,/srv/bulk/samteway/lab-data/tracking-rate-timing-20260908-v2/captures/screen-r12-A-200us-control-20260908T072252.554748Z/run.json
A,200,12,True,legacy,1,386.0,50.816140954559124,1.9829117364342348,18.063311516766277,2.0330572416123784,False,/srv/bulk/samteway/lab-data/tracking-rate-timing-20260908-v2/captures/screen-r12-A-200us-control-20260908T072252.554748Z/run.json
A,200,12,True,legacy,2,384.0,50.816140954559124,1.9366282008161937,18.291896870573943,2.1347038538465224,False,/srv/bulk/samteway/lab-data/tracking-rate-timing-20260908-v2/captures/screen-r12-A-200us-control-20260908T072252.554748Z/run.json
A,200,12,True,legacy,5,378.0,50.816140954559124,1.7734987077610995,17.720224838495458,1.8791626229265004,False,/srv/bulk/samteway/lab-data/tracking-rate-timing-20260908-v2/captures/screen-r12-A-200us-control-20260908T072252.554748Z/run.json
A,200,12,True,legacy,10,368.0,50.816140954559124,1.5984271665851524,16.95770360544168,1.8959276167464576,False,/srv/bulk/samteway/lab-data/tracking-rate-timing-20260908-v2/captures/screen-r12-A-200us-control-20260908T072252.554748Z/run.json
A,200,12,True,legacy,15,358.0,50.816140954559124,1.5179280683949308,18.26612947306249,1.693431797731718,False,/srv/bulk/samteway/lab-data/tracking-rate-timing-20260908-v2/captures/screen-r12-A-200us-control-20260908T072252.554748Z/run.json
A,200,12,True,legacy,20,348.0,50.816140954559124,1.398790859072961,15.486575586622727,1.5930158040799858,False,/srv/bulk/samteway/lab-data/tracking-rate-timing-20260908-v2/captures/screen-r12-A-200us-control-20260908T072252.554748Z/run.json
A,200,12,True,legacy,30,328.0,50.816140954559124,1.3454928442388814,13.539583624463928,1.4898258013519752,False,/srv/bulk/samteway/lab-data/tracking-rate-timing-20260908-v2/captures/screen-r12-A-200us-control-20260908T072252.554748Z/run.json
A,200,12,True,native_refined,0,388.0,50.816140954559124,2.017534922849817,18.171247808204136,2.008798077259764,False,/srv/bulk/samteway/lab-data/tracking-rate-timing-20260908-v2/captures/screen-r12-A-200us-control-20260908T072252.554748Z/run.json
A,200,12,True,native_refined,1,386.0,50.816140954559124,1.9864346330972917,18.64126406333922,2.068163477457104,False,/srv/bulk/samteway/lab-data/tracking-rate-timing-20260908-v2/captures/screen-r12-A-200us-control-20260908T072252.554748Z/run.json
A,200,12,True,native_refined,2,384.0,50.816140954559124,1.962332175644478,19.05524543631137,2.0915738213345154,False,/srv/bulk/samteway/lab-data/tracking-rate-timing-20260908-v2/captures/screen-r12-A-200us-control-20260908T072252.554748Z/run.json
A,200,12,True,native_refined,5,378.0,50.816140954559124,1.7736970811472663,17.957785368153555,1.8739946224220796,False,/srv/bulk/samteway/lab-data/tracking-rate-timing-20260908-v2/captures/screen-r12-A-200us-control-20260908T072252.554748Z/run.json
A,200,12,True,native_refined,10,368.0,50.816140954559124,1.6184522769278116,17.627930166751884,1.8917019180048333,False,/srv/bulk/samteway/lab-data/tracking-rate-timing-20260908-v2/captures/screen-r12-A-200us-control-20260908T072252.554748Z/run.json
A,200,12,True,native_refined,15,358.0,50.816140954559124,1.5529538871861266,18.562885665952614,1.6955062335730442,False,/srv/bulk/samteway/lab-data/tracking-rate-timing-20260908-v2/captures/screen-r12-A-200us-control-20260908T072252.554748Z/run.json
A,200,12,True,native_refined,20,348.0,50.816140954559124,1.4251730556071134,15.897774118554628,1.62678465755026,False,/srv/bulk/samteway/lab-data/tracking-rate-timing-20260908-v2/captures/screen-r12-A-200us-control-20260908T072252.554748Z/run.json
A,200,12,True,native_refined,30,328.0,50.816140954559124,1.3467742132164586,13.61684512064226,1.5175374718664514,False,/srv/bulk/samteway/lab-data/tracking-rate-timing-20260908-v2/captures/screen-r12-A-200us-control-20260908T072252.554748Z/run.json
A,200,3,True,legacy,0,388.0,50.81571810323596,3.9501374671260407,36.48540721029594,1.561584941221127,False,/srv/bulk/samteway/lab-data/tracking-rate-timing-20260908-v2/captures/screen-r3-A-200us-control-20260908T072304.810619Z/run.json
A,200,3,True,legacy,1,386.0,50.81571810323596,3.8262531738264487,35.805206505273475,1.518597655061643,False,/srv/bulk/samteway/lab-data/tracking-rate-timing-20260908-v2/captures/screen-r3-A-200us-control-20260908T072304.810619Z/run.json
A,200,3,True,legacy,2,384.0,50.81571810323596,3.6955656946378643,35.077616284190306,1.5722811846633307,False,/srv/bulk/samteway/lab-data/tracking-rate-timing-20260908-v2/captures/screen-r3-A-200us-control-20260908T072304.810619Z/run.json
A,200,3,True,legacy,5,378.0,50.81571810323596,3.4432841774020435,34.05772286616247,1.8029046607696753,False,/srv/bulk/samteway/lab-data/tracking-rate-timing-20260908-v2/captures/screen-r3-A-200us-control-20260908T072304.810619Z/run.json
A,200,3,True,legacy,10,368.0,50.81571810323596,3.0898619000889362,33.5447870322463,1.7681283330093631,False,/srv/bulk/samteway/lab-data/tracking-rate-timing-20260908-v2/captures/screen-r3-A-200us-control-20260908T072304.810619Z/run.json
A,200,3,True,legacy,15,358.0,50.81571810323596,2.826786629564143,32.883520707337226,1.916887241667605,False,/srv/bulk/samteway/lab-data/tracking-rate-timing-20260908-v2/captures/screen-r3-A-200us-control-20260908T072304.810619Z/run.json
A,200,3,True,legacy,20,348.0,50.81571810323596,2.6662270935009142,32.79495724913278,1.676674406465867,False,/srv/bulk/samteway/lab-data/tracking-rate-timing-20260908-v2/captures/screen-r3-A-200us-control-20260908T072304.810619Z/run.json
A,200,3,True,legacy,30,328.0,50.81571810323596,2.423053210614654,32.07341156865314,2.269661108264402,False,/srv/bulk/samteway/lab-data/tracking-rate-timing-20260908-v2/captures/screen-r3-A-200us-control-20260908T072304.810619Z/run.json
A,200,3,True,native_refined,0,388.0,50.81571810323596,4.004055051254871,36.20613018350807,1.5513674821134416,False,/srv/bulk/samteway/lab-data/tracking-rate-timing-20260908-v2/captures/screen-r3-A-200us-control-20260908T072304.810619Z/run.json
A,200,3,True,native_refined,1,386.0,50.81571810323596,3.9019811789344745,35.63049770515186,1.5182454448792102,False,/srv/bulk/samteway/lab-data/tracking-rate-timing-20260908-v2/captures/screen-r3-A-200us-control-20260908T072304.810619Z/run.json
A,200,3,True,native_refined,2,384.0,50.81571810323596,3.7772539311932345,34.95055861490841,1.4734014345972835,False,/srv/bulk/samteway/lab-data/tracking-rate-timing-20260908-v2/captures/screen-r3-A-200us-control-20260908T072304.810619Z/run.json
A,200,3,True,native_refined,5,378.0,50.81571810323596,3.4659719725101077,33.614391843861554,1.7087252657676362,False,/srv/bulk/samteway/lab-data/tracking-rate-timing-20260908-v2/captures/screen-r3-A-200us-control-20260908T072304.810619Z/run.json
A,200,3,True,native_refined,10,368.0,50.81571810323596,3.1322954235907874,33.313156118661105,1.774290018309149,False,/srv/bulk/samteway/lab-data/tracking-rate-timing-20260908-v2/captures/screen-r3-A-200us-control-20260908T072304.810619Z/run.json
A,200,3,True,native_refined,15,358.0,50.81571810323596,2.7744196263803227,31.682066913928693,1.766552988445911,False,/srv/bulk/samteway/lab-data/tracking-rate-timing-20260908-v2/captures/screen-r3-A-200us-control-20260908T072304.810619Z/run.json
A,200,3,True,native_refined,20,348.0,50.81571810323596,2.649741967627721,32.55317862144646,1.7211119719111316,False,/srv/bulk/samteway/lab-data/tracking-rate-timing-20260908-v2/captures/screen-r3-A-200us-control-20260908T072304.810619Z/run.json
A,200,3,True,native_refined,30,328.0,50.81571810323596,2.3889348485333746,31.576643042856514,2.2830917531333297,False,/srv/bulk/samteway/lab-data/tracking-rate-timing-20260908-v2/captures/screen-r3-A-200us-control-20260908T072304.810619Z/run.json
D,100,3,False,legacy,0,473.0,200.01155000330928,4.821674927290028,52.43146955328059,2.499633790597672,False,/srv/bulk/samteway/lab-data/tracking-rate-timing-20260908-v2/captures/screen-r3-D-100us-20260908T072322.861537Z/run.json
D,100,3,False,legacy,1,468.0,200.01155000330928,4.781055673255751,53.042042600517405,2.345056991717082,False,/srv/bulk/samteway/lab-data/tracking-rate-timing-20260908-v2/captures/screen-r3-D-100us-20260908T072322.861537Z/run.json
D,100,3,False,legacy,2,463.0,200.01155000330928,4.682427692537332,52.516239451971245,2.271129673442129,False,/srv/bulk/samteway/lab-data/tracking-rate-timing-20260908-v2/captures/screen-r3-D-100us-20260908T072322.861537Z/run.json
D,100,3,False,legacy,5,448.0,200.01155000330928,4.344034373991318,50.25452332525969,2.2340915337146114,False,/srv/bulk/samteway/lab-data/tracking-rate-timing-20260908-v2/captures/screen-r3-D-100us-20260908T072322.861537Z/run.json
D,100,3,False,legacy,10,423.0,200.01155000330928,4.190841803735993,49.2716178480065,2.996640791005245,False,/srv/bulk/samteway/lab-data/tracking-rate-timing-20260908-v2/captures/screen-r3-D-100us-20260908T072322.861537Z/run.json
D,100,3,False,legacy,15,398.0,400.02310000661856,3.9664427826962334,48.8038837676774,2.7082734775474933,False,/srv/bulk/samteway/lab-data/tracking-rate-timing-20260908-v2/captures/screen-r3-D-100us-20260908T072322.861537Z/run.json
D,100,3,False,legacy,20,373.0,400.02310000661856,4.037025417327548,49.43399353238435,2.7657817553591197,False,/srv/bulk/samteway/lab-data/tracking-rate-timing-20260908-v2/captures/screen-r3-D-100us-20260908T072322.861537Z/run.json
D,100,3,False,legacy,30,323.0,,4.808617071825471,61.20422088349719,2.969343701515551,False,/srv/bulk/samteway/lab-data/tracking-rate-timing-20260908-v2/captures/screen-r3-D-100us-20260908T072322.861537Z/run.json
D,100,3,False,native_refined,0,473.0,200.01155000330928,4.821674927290028,52.43146955328059,2.499633790597672,False,/srv/bulk/samteway/lab-data/tracking-rate-timing-20260908-v2/captures/screen-r3-D-100us-20260908T072322.861537Z/run.json
D,100,3,False,native_refined,1,468.0,200.01155000330928,4.781055673255751,53.042042600517405,2.345056991717082,False,/srv/bulk/samteway/lab-data/tracking-rate-timing-20260908-v2/captures/screen-r3-D-100us-20260908T072322.861537Z/run.json
D,100,3,False,native_refined,2,463.0,200.01155000330928,4.682427692537332,52.516239451971245,2.271129673442129,False,/srv/bulk/samteway/lab-data/tracking-rate-timing-20260908-v2/captures/screen-r3-D-100us-20260908T072322.861537Z/run.json
D,100,3,False,native_refined,5,448.0,200.01155000330928,4.344034373991318,50.25452332525969,2.2340915337146114,False,/srv/bulk/samteway/lab-data/tracking-rate-timing-20260908-v2/captures/screen-r3-D-100us-20260908T072322.861537Z/run.json
D,100,3,False,native_refined,10,423.0,200.01155000330928,4.190841803735993,49.2716178480065,2.996640791005245,False,/srv/bulk/samteway/lab-data/tracking-rate-timing-20260908-v2/captures/screen-r3-D-100us-20260908T072322.861537Z/run.json
D,100,3,False,native_refined,15,398.0,400.02310000661856,3.9664427826962334,48.8038837676774,2.7082734775474933,False,/srv/bulk/samteway/lab-data/tracking-rate-timing-20260908-v2/captures/screen-r3-D-100us-20260908T072322.861537Z/run.json
D,100,3,False,native_refined,20,373.0,400.02310000661856,4.037025417327548,49.43399353238435,2.7657817553591197,False,/srv/bulk/samteway/lab-data/tracking-rate-timing-20260908-v2/captures/screen-r3-D-100us-20260908T072322.861537Z/run.json
D,100,3,False,native_refined,30,323.0,,4.808617071825471,61.20422088349719,2.969343701515551,False,/srv/bulk/samteway/lab-data/tracking-rate-timing-20260908-v2/captures/screen-r3-D-100us-20260908T072322.861537Z/run.json
B,100,3,False,legacy,0,473.0,50.222901604629904,2.403182078533674,12.572730153737186,1.4906435406099754,False,/srv/bulk/samteway/lab-data/tracking-rate-timing-20260908-v2/captures/screen-r3-B-100us-20260908T072335.721711Z/run.json
B,100,3,False,legacy,1,468.0,50.222901604629904,2.4257256298050143,10.769529328605232,1.4498407835703897,False,/srv/bulk/samteway/lab-data/tracking-rate-timing-20260908-v2/captures/screen-r3-B-100us-20260908T072335.721711Z/run.json
B,100,3,False,legacy,2,463.0,50.222901604629904,2.476153286917095,10.251916507984665,1.293758789180143,False,/srv/bulk/samteway/lab-data/tracking-rate-timing-20260908-v2/captures/screen-r3-B-100us-20260908T072335.721711Z/run.json
B,100,3,False,legacy,5,448.0,50.222901604629904,2.584451101752164,10.64333575254763,1.0481921584801484,False,/srv/bulk/samteway/lab-data/tracking-rate-timing-20260908-v2/captures/screen-r3-B-100us-20260908T072335.721711Z/run.json
B,100,3,False,legacy,10,423.0,50.222901604629904,2.6933182752953875,13.017571446360444,0.9078881206040652,False,/srv/bulk/samteway/lab-data/tracking-rate-timing-20260908-v2/captures/screen-r3-B-100us-20260908T072335.721711Z/run.json
B,100,3,False,legacy,15,398.0,50.222901604629904,2.6715550964753465,14.611991837199735,0.7947877523833611,False,/srv/bulk/samteway/lab-data/tracking-rate-timing-20260908-v2/captures/screen-r3-B-100us-20260908T072335.721711Z/run.json
B,100,3,False,legacy,20,373.0,50.222901604629904,2.6099578723513366,16.685214982299804,0.72487641751524,False,/srv/bulk/samteway/lab-data/tracking-rate-timing-20260908-v2/captures/screen-r3-B-100us-20260908T072335.721711Z/run.json
B,100,3,False,legacy,30,323.0,50.222901604629904,2.2723789461026476,12.42118723022278,1.1717765077687092,False,/srv/bulk/samteway/lab-data/tracking-rate-timing-20260908-v2/captures/screen-r3-B-100us-20260908T072335.721711Z/run.json
B,100,3,False,native_refined,0,473.0,50.222901604629904,2.4424309661519024,10.889992104351244,1.2550041539042227,False,/srv/bulk/samteway/lab-data/tracking-rate-timing-20260908-v2/captures/screen-r3-B-100us-20260908T072335.721711Z/run.json
B,100,3,False,native_refined,1,468.0,50.222901604629904,2.4650113888714285,10.497633681745283,1.115272795536914,False,/srv/bulk/samteway/lab-data/tracking-rate-timing-20260908-v2/captures/screen-r3-B-100us-20260908T072335.721711Z/run.json
B,100,3,False,native_refined,2,463.0,50.222901604629904,2.5120798644286237,10.703540143755815,1.1287797321545834,False,/srv/bulk/samteway/lab-data/tracking-rate-timing-20260908-v2/captures/screen-r3-B-100us-20260908T072335.721711Z/run.json
B,100,3,False,native_refined,5,448.0,50.222901604629904,2.6901286061199032,12.62520482820203,0.8369064836586061,False,/srv/bulk/samteway/lab-data/tracking-rate-timing-20260908-v2/captures/screen-r3-B-100us-20260908T072335.721711Z/run.json
B,100,3,False,native_refined,10,423.0,50.222901604629904,2.708873569516235,13.117201681217365,0.7856900515861764,False,/srv/bulk/samteway/lab-data/tracking-rate-timing-20260908-v2/captures/screen-r3-B-100us-20260908T072335.721711Z/run.json
B,100,3,False,native_refined,15,398.0,50.222901604629904,2.6447133037856236,16.34541115735902,0.5805679608403024,False,/srv/bulk/samteway/lab-data/tracking-rate-timing-20260908-v2/captures/screen-r3-B-100us-20260908T072335.721711Z/run.json
B,100,3,False,native_refined,20,373.0,50.222901604629904,2.586941567220551,16.5599986473088,0.645059122176337,False,/srv/bulk/samteway/lab-data/tracking-rate-timing-20260908-v2/captures/screen-r3-B-100us-20260908T072335.721711Z/run.json
B,100,3,False,native_refined,30,323.0,50.222901604629904,2.267480430140618,12.520695189967823,1.1879044430797698,False,/srv/bulk/samteway/lab-data/tracking-rate-timing-20260908-v2/captures/screen-r3-B-100us-20260908T072335.721711Z/run.json
A,100,3,False,legacy,0,188.0,100.44027959174255,4.806016110318901,26.796022576358986,1.9401601487169873,False,/srv/bulk/samteway/lab-data/tracking-rate-timing-20260908-v2/captures/screen-r3-A-100us-20260908T072348.804384Z/run.json
A,100,3,False,legacy,1,186.0,100.44027959174255,4.702263491809367,27.934317710443107,1.9037646753541917,False,/srv/bulk/samteway/lab-data/tracking-rate-timing-20260908-v2/captures/screen-r3-A-100us-20260908T072348.804384Z/run.json
A,100,3,False,legacy,2,184.0,100.44027959174255,4.56753795843046,27.543738721289625,1.8837744270818635,False,/srv/bulk/samteway/lab-data/tracking-rate-timing-20260908-v2/captures/screen-r3-A-100us-20260908T072348.804384Z/run.json
A,100,3,False,legacy,5,178.0,100.44027959174255,4.136663483590105,28.47797075916339,1.78311308793385,False,/srv/bulk/samteway/lab-data/tracking-rate-timing-20260908-v2/captures/screen-r3-A-100us-20260908T072348.804384Z/run.json
A,100,3,False,legacy,10,168.0,100.44027959174255,3.292280310635209,24.498206702868668,1.6354529818077896,False,/srv/bulk/samteway/lab-data/tracking-rate-timing-20260908-v2/captures/screen-r3-A-100us-20260908T072348.804384Z/run.json
A,100,3,False,legacy,15,158.0,50.220139795871276,2.6066723673233425,22.824762885145105,1.5424599134891621,False,/srv/bulk/samteway/lab-data/tracking-rate-timing-20260908-v2/captures/screen-r3-A-100us-20260908T072348.804384Z/run.json
A,100,3,False,legacy,20,148.0,50.220139795871276,2.280433781115101,22.286360754943704,1.4176972786366853,False,/srv/bulk/samteway/lab-data/tracking-rate-timing-20260908-v2/captures/screen-r3-A-100us-20260908T072348.804384Z/run.json
A,100,3,False,legacy,30,128.0,50.220139795871276,1.7199305336454553,18.762516599624345,1.2633398676609844,False,/srv/bulk/samteway/lab-data/tracking-rate-timing-20260908-v2/captures/screen-r3-A-100us-20260908T072348.804384Z/run.json
A,100,3,False,native_refined,0,188.0,100.44027959174255,4.451321864911103,31.20178054062565,1.9090400545200388,False,/srv/bulk/samteway/lab-data/tracking-rate-timing-20260908-v2/captures/screen-r3-A-100us-20260908T072348.804384Z/run.json
A,100,3,False,native_refined,1,186.0,100.44027959174255,4.352179043475978,31.957733737226096,1.8879582661561642,False,/srv/bulk/samteway/lab-data/tracking-rate-timing-20260908-v2/captures/screen-r3-A-100us-20260908T072348.804384Z/run.json
A,100,3,False,native_refined,2,184.0,100.44027959174255,4.2218255071363195,31.787675273692887,1.8596171601293325,False,/srv/bulk/samteway/lab-data/tracking-rate-timing-20260908-v2/captures/screen-r3-A-100us-20260908T072348.804384Z/run.json
A,100,3,False,native_refined,5,178.0,50.220139795871276,3.711377123552776,29.057584878221828,1.7862038093937147,False,/srv/bulk/samteway/lab-data/tracking-rate-timing-20260908-v2/captures/screen-r3-A-100us-20260908T072348.804384Z/run.json
A,100,3,False,native_refined,10,168.0,50.220139795871276,3.005642761344695,27.5489279332596,1.6980683043788098,False,/srv/bulk/samteway/lab-data/tracking-rate-timing-20260908-v2/captures/screen-r3-A-100us-20260908T072348.804384Z/run.json
A,100,3,False,native_refined,15,158.0,50.220139795871276,2.7701342086939267,27.018401762629722,1.5893502330891058,False,/srv/bulk/samteway/lab-data/tracking-rate-timing-20260908-v2/captures/screen-r3-A-100us-20260908T072348.804384Z/run.json
A,100,3,False,native_refined,20,148.0,50.220139795871276,2.2900094041923196,24.998204418383175,1.450247781908415,False,/srv/bulk/samteway/lab-data/tracking-rate-timing-20260908-v2/captures/screen-r3-A-100us-20260908T072348.804384Z/run.json
A,100,3,False,native_refined,30,128.0,100.44027959174255,1.9894112219571014,22.840908304684195,1.3728533093984563,False,/srv/bulk/samteway/lab-data/tracking-rate-timing-20260908-v2/captures/screen-r3-A-100us-20260908T072348.804384Z/run.json
D,25,3,False,legacy,0,99.0,,19.247492657782665,83.6568257724314,7.319186412187017,False,/srv/bulk/samteway/lab-data/tracking-rate-timing-20260908-v2/captures/screen-r3-D-25us-20260908T072416.075497Z/run.json
D,25,3,False,legacy,1,94.0,,18.846725168046678,80.40206932434155,7.148342637616334,False,/srv/bulk/samteway/lab-data/tracking-rate-timing-20260908-v2/captures/screen-r3-D-25us-20260908T072416.075497Z/run.json
D,25,3,False,legacy,2,89.0,,18.257106381401822,78.44456112783304,7.0587870627151155,False,/srv/bulk/samteway/lab-data/tracking-rate-timing-20260908-v2/captures/screen-r3-D-25us-20260908T072416.075497Z/run.json
D,25,3,False,legacy,5,74.0,,16.92605453705503,77.38373090411315,6.8288996992289865,False,/srv/bulk/samteway/lab-data/tracking-rate-timing-20260908-v2/captures/screen-r3-D-25us-20260908T072416.075497Z/run.json
D,25,3,False,legacy,10,49.0,,17.018887214430617,84.45632308178091,6.3507477563225585,False,/srv/bulk/samteway/lab-data/tracking-rate-timing-20260908-v2/captures/screen-r3-D-25us-20260908T072416.075497Z/run.json
D,25,3,False,legacy,15,24.0,,17.39511421982436,86.03711191928345,6.238920985532884,False,/srv/bulk/samteway/lab-data/tracking-rate-timing-20260908-v2/captures/screen-r3-D-25us-20260908T072416.075497Z/run.json
D,25,3,False,native_refined,0,99.0,,17.574168996365593,80.61167061813725,6.62158581935913,False,/srv/bulk/samteway/lab-data/tracking-rate-timing-20260908-v2/captures/screen-r3-D-25us-20260908T072416.075497Z/run.json
D,25,3,False,native_refined,1,94.0,,17.359964506711066,82.31371670414393,6.543199722596977,False,/srv/bulk/samteway/lab-data/tracking-rate-timing-20260908-v2/captures/screen-r3-D-25us-20260908T072416.075497Z/run.json
D,25,3,False,native_refined,2,89.0,,17.587745743797555,84.34164256026513,6.6078792270480315,False,/srv/bulk/samteway/lab-data/tracking-rate-timing-20260908-v2/captures/screen-r3-D-25us-20260908T072416.075497Z/run.json
D,25,3,False,native_refined,5,74.0,,17.770554596725137,85.59158454831018,6.535664719518197,False,/srv/bulk/samteway/lab-data/tracking-rate-timing-20260908-v2/captures/screen-r3-D-25us-20260908T072416.075497Z/run.json
D,25,3,False,native_refined,10,49.0,,18.198305279621387,87.10931363480901,6.600228802470358,False,/srv/bulk/samteway/lab-data/tracking-rate-timing-20260908-v2/captures/screen-r3-D-25us-20260908T072416.075497Z/run.json
D,25,3,False,native_refined,15,24.0,,18.825102456830706,85.99040690547382,7.142648581860817,False,/srv/bulk/samteway/lab-data/tracking-rate-timing-20260908-v2/captures/screen-r3-D-25us-20260908T072416.075497Z/run.json
A,200,3,False,legacy,0,388.0,50.82795068504108,2.8754450315759823,35.48468193894221,1.5842262823152984,False,/srv/bulk/samteway/lab-data/tracking-rate-timing-20260908-v2/captures/screen-r3-A-200us-20260908T072446.255272Z/run.json
A,200,3,False,legacy,1,386.0,50.82795068504108,2.8814736411470974,35.60206403311967,1.5563749048436244,False,/srv/bulk/samteway/lab-data/tracking-rate-timing-20260908-v2/captures/screen-r3-A-200us-20260908T072446.255272Z/run.json
A,200,3,False,legacy,2,384.0,50.82795068504108,2.844856200934143,35.21690849634822,1.5818374597777576,False,/srv/bulk/samteway/lab-data/tracking-rate-timing-20260908-v2/captures/screen-r3-A-200us-20260908T072446.255272Z/run.json
A,200,3,False,legacy,5,378.0,50.82795068504108,2.6812380739839097,34.41716730491561,1.5602054778119405,False,/srv/bulk/samteway/lab-data/tracking-rate-timing-20260908-v2/captures/screen-r3-A-200us-20260908T072446.255272Z/run.json
A,200,3,False,legacy,10,368.0,50.82795068504108,2.603596461965658,33.98136225010916,1.611502162692919,False,/srv/bulk/samteway/lab-data/tracking-rate-timing-20260908-v2/captures/screen-r3-A-200us-20260908T072446.255272Z/run.json
A,200,3,False,legacy,15,358.0,50.82795068504108,2.5647130196655463,33.91586464091127,1.85554906272386,False,/srv/bulk/samteway/lab-data/tracking-rate-timing-20260908-v2/captures/screen-r3-A-200us-20260908T072446.255272Z/run.json
A,200,3,False,legacy,20,348.0,50.82795068504108,2.5914072665142442,34.430394836507126,1.7335690571002678,False,/srv/bulk/samteway/lab-data/tracking-rate-timing-20260908-v2/captures/screen-r3-A-200us-20260908T072446.255272Z/run.json
A,200,3,False,legacy,30,328.0,50.82795068504108,2.391373483358613,31.674488889262747,1.6125664229386536,False,/srv/bulk/samteway/lab-data/tracking-rate-timing-20260908-v2/captures/screen-r3-A-200us-20260908T072446.255272Z/run.json
A,200,3,False,native_refined,0,388.0,50.82795068504108,2.8754450315759823,35.48468193894221,1.5842262823152984,False,/srv/bulk/samteway/lab-data/tracking-rate-timing-20260908-v2/captures/screen-r3-A-200us-20260908T072446.255272Z/run.json
A,200,3,False,native_refined,1,386.0,50.82795068504108,2.8814736411470974,35.60206403311967,1.5563749048436244,False,/srv/bulk/samteway/lab-data/tracking-rate-timing-20260908-v2/captures/screen-r3-A-200us-20260908T072446.255272Z/run.json
A,200,3,False,native_refined,2,384.0,50.82795068504108,2.844856200934143,35.21690849634822,1.5818374597777576,False,/srv/bulk/samteway/lab-data/tracking-rate-timing-20260908-v2/captures/screen-r3-A-200us-20260908T072446.255272Z/run.json
A,200,3,False,native_refined,5,378.0,50.82795068504108,2.6812380739839097,34.41716730491561,1.5602054778119405,False,/srv/bulk/samteway/lab-data/tracking-rate-timing-20260908-v2/captures/screen-r3-A-200us-20260908T072446.255272Z/run.json
A,200,3,False,native_refined,10,368.0,50.82795068504108,2.603596461965658,33.98136225010916,1.611502162692919,False,/srv/bulk/samteway/lab-data/tracking-rate-timing-20260908-v2/captures/screen-r3-A-200us-20260908T072446.255272Z/run.json
A,200,3,False,native_refined,15,358.0,50.82795068504108,2.5647130196655463,33.91586464091127,1.85554906272386,False,/srv/bulk/samteway/lab-data/tracking-rate-timing-20260908-v2/captures/screen-r3-A-200us-20260908T072446.255272Z/run.json
A,200,3,False,native_refined,20,348.0,50.82795068504108,2.5914072665142442,34.430394836507126,1.7335690571002678,False,/srv/bulk/samteway/lab-data/tracking-rate-timing-20260908-v2/captures/screen-r3-A-200us-20260908T072446.255272Z/run.json
A,200,3,False,native_refined,30,328.0,50.82795068504108,2.391373483358613,31.674488889262747,1.6125664229386536,False,/srv/bulk/samteway/lab-data/tracking-rate-timing-20260908-v2/captures/screen-r3-A-200us-20260908T072446.255272Z/run.json
D,200,3,False,legacy,0,971.0,50.820339631968096,2.512446536635557,15.7556535444824,3.056161820997418,False,/srv/bulk/samteway/lab-data/tracking-rate-timing-20260908-v2/captures/screen-r3-D-200us-20260908T072457.813718Z/run.json
D,200,3,False,legacy,1,966.0,50.820339631968096,2.5292268523735184,15.923725128104653,3.0671795315779216,False,/srv/bulk/samteway/lab-data/tracking-rate-timing-20260908-v2/captures/screen-r3-D-200us-20260908T072457.813718Z/run.json
D,200,3,False,legacy,2,961.0,50.820339631968096,2.573146663929575,15.613970291835503,3.1045032408796724,False,/srv/bulk/samteway/lab-data/tracking-rate-timing-20260908-v2/captures/screen-r3-D-200us-20260908T072457.813718Z/run.json
D,200,3,False,legacy,5,946.0,50.820339631968096,2.6290897622379044,15.29276926793167,2.981648764046758,False,/srv/bulk/samteway/lab-data/tracking-rate-timing-20260908-v2/captures/screen-r3-D-200us-20260908T072457.813718Z/run.json
D,200,3,False,legacy,10,921.0,50.820339631968096,2.6799799678259424,13.397530304318444,2.9461753493590286,False,/srv/bulk/samteway/lab-data/tracking-rate-timing-20260908-v2/captures/screen-r3-D-200us-20260908T072457.813718Z/run.json
D,200,3,False,legacy,15,896.0,50.820339631968096,2.755048242930104,12.798115227838393,2.9494261361532184,False,/srv/bulk/samteway/lab-data/tracking-rate-timing-20260908-v2/captures/screen-r3-D-200us-20260908T072457.813718Z/run.json
D,200,3,False,legacy,20,871.0,50.820339631968096,2.8623612160119585,10.55285500691337,2.8629788623446673,False,/srv/bulk/samteway/lab-data/tracking-rate-timing-20260908-v2/captures/screen-r3-D-200us-20260908T072457.813718Z/run.json
D,200,3,False,legacy,30,821.0,50.820339631968096,2.865226675988458,7.97391819215805,2.997402126795579,False,/srv/bulk/samteway/lab-data/tracking-rate-timing-20260908-v2/captures/screen-r3-D-200us-20260908T072457.813718Z/run.json
D,200,3,False,native_refined,0,971.0,50.820339631968096,2.5463121715020147,15.935240483354384,3.1803124145066612,False,/srv/bulk/samteway/lab-data/tracking-rate-timing-20260908-v2/captures/screen-r3-D-200us-20260908T072457.813718Z/run.json
D,200,3,False,native_refined,1,966.0,50.820339631968096,2.5709003493008393,16.562727272872763,3.1743358530460437,False,/srv/bulk/samteway/lab-data/tracking-rate-timing-20260908-v2/captures/screen-r3-D-200us-20260908T072457.813718Z/run.json
D,200,3,False,native_refined,2,961.0,50.820339631968096,2.5695509474856113,16.30164819612333,3.148441400657531,False,/srv/bulk/samteway/lab-data/tracking-rate-timing-20260908-v2/captures/screen-r3-D-200us-20260908T072457.813718Z/run.json
D,200,3,False,native_refined,5,946.0,50.820339631968096,2.6388969201180976,14.843045369596638,2.9940586717513034,False,/srv/bulk/samteway/lab-data/tracking-rate-timing-20260908-v2/captures/screen-r3-D-200us-20260908T072457.813718Z/run.json
D,200,3,False,native_refined,10,921.0,50.820339631968096,2.704605589432698,13.847635947702928,3.0602750779555574,False,/srv/bulk/samteway/lab-data/tracking-rate-timing-20260908-v2/captures/screen-r3-D-200us-20260908T072457.813718Z/run.json
D,200,3,False,native_refined,15,896.0,50.820339631968096,2.796684904781531,13.015420829400146,3.0154279365768866,False,/srv/bulk/samteway/lab-data/tracking-rate-timing-20260908-v2/captures/screen-r3-D-200us-20260908T072457.813718Z/run.json
D,200,3,False,native_refined,20,871.0,50.820339631968096,2.84467361748651,10.613927762744813,3.0349247338129173,False,/srv/bulk/samteway/lab-data/tracking-rate-timing-20260908-v2/captures/screen-r3-D-200us-20260908T072457.813718Z/run.json
D,200,3,False,native_refined,30,821.0,50.820339631968096,2.816127115662423,8.791028160506166,3.1233827262420704,False,/srv/bulk/samteway/lab-data/tracking-rate-timing-20260908-v2/captures/screen-r3-D-200us-20260908T072457.813718Z/run.json
B,200,3,False,legacy,0,971.0,20.927877918374815,2.5869965511325734,13.80119593323481,1.6556874160747688,False,/srv/bulk/samteway/lab-data/tracking-rate-timing-20260908-v2/captures/screen-r3-B-200us-20260908T072510.983364Z/run.json
B,200,3,False,legacy,1,966.0,20.927877918374815,2.5873972368926665,13.451553862476366,1.6866863430266041,False,/srv/bulk/samteway/lab-data/tracking-rate-timing-20260908-v2/captures/screen-r3-B-200us-20260908T072510.983364Z/run.json
B,200,3,False,legacy,2,961.0,20.927877918374815,2.5730318363382567,13.060027173842698,1.7002691121167377,False,/srv/bulk/samteway/lab-data/tracking-rate-timing-20260908-v2/captures/screen-r3-B-200us-20260908T072510.983364Z/run.json
B,200,3,False,legacy,5,946.0,20.927877918374815,2.568076229504529,13.112174027841082,1.909626154509497,False,/srv/bulk/samteway/lab-data/tracking-rate-timing-20260908-v2/captures/screen-r3-B-200us-20260908T072510.983364Z/run.json
B,200,3,False,legacy,10,921.0,20.927877918374815,2.7028341086135126,14.215608801364212,1.7422374625793977,False,/srv/bulk/samteway/lab-data/tracking-rate-timing-20260908-v2/captures/screen-r3-B-200us-20260908T072510.983364Z/run.json
B,200,3,False,legacy,15,896.0,20.927877918374815,2.7279716227354354,15.5027734513232,1.7721001651755264,False,/srv/bulk/samteway/lab-data/tracking-rate-timing-20260908-v2/captures/screen-r3-B-200us-20260908T072510.983364Z/run.json
B,200,3,False,legacy,20,871.0,20.927877918374815,2.659096757060133,14.399566970443402,1.7676543025580902,False,/srv/bulk/samteway/lab-data/tracking-rate-timing-20260908-v2/captures/screen-r3-B-200us-20260908T072510.983364Z/run.json
B,200,3,False,legacy,30,821.0,20.927877918374815,2.646330344630579,15.074855003320842,1.8370057904131174,False,/srv/bulk/samteway/lab-data/tracking-rate-timing-20260908-v2/captures/screen-r3-B-200us-20260908T072510.983364Z/run.json
B,200,3,False,native_refined,0,971.0,20.927877918374815,2.5956530264933075,13.828053428294705,1.655443131889376,False,/srv/bulk/samteway/lab-data/tracking-rate-timing-20260908-v2/captures/screen-r3-B-200us-20260908T072510.983364Z/run.json
B,200,3,False,native_refined,1,966.0,20.927877918374815,2.6019748878649542,13.689318953900207,1.684437237037273,False,/srv/bulk/samteway/lab-data/tracking-rate-timing-20260908-v2/captures/screen-r3-B-200us-20260908T072510.983364Z/run.json
B,200,3,False,native_refined,2,961.0,20.927877918374815,2.586933004952083,13.196284867632507,1.7100577448102459,False,/srv/bulk/samteway/lab-data/tracking-rate-timing-20260908-v2/captures/screen-r3-B-200us-20260908T072510.983364Z/run.json
B,200,3,False,native_refined,5,946.0,20.927877918374815,2.5734075844431885,13.315581018604714,1.9021572202694081,False,/srv/bulk/samteway/lab-data/tracking-rate-timing-20260908-v2/captures/screen-r3-B-200us-20260908T072510.983364Z/run.json
B,200,3,False,native_refined,10,921.0,20.927877918374815,2.7179895180381264,14.3444704516861,1.7494861581575847,False,/srv/bulk/samteway/lab-data/tracking-rate-timing-20260908-v2/captures/screen-r3-B-200us-20260908T072510.983364Z/run.json
B,200,3,False,native_refined,15,896.0,20.927877918374815,2.738376735425507,15.801220978304023,1.7838852030375043,False,/srv/bulk/samteway/lab-data/tracking-rate-timing-20260908-v2/captures/screen-r3-B-200us-20260908T072510.983364Z/run.json
B,200,3,False,native_refined,20,871.0,20.927877918374815,2.6721276645875993,14.438907810083785,1.747589612120367,False,/srv/bulk/samteway/lab-data/tracking-rate-timing-20260908-v2/captures/screen-r3-B-200us-20260908T072510.983364Z/run.json
B,200,3,False,native_refined,30,821.0,20.927877918374815,2.658016575635262,15.08739862798993,1.83703314365274,False,/srv/bulk/samteway/lab-data/tracking-rate-timing-20260908-v2/captures/screen-r3-B-200us-20260908T072510.983364Z/run.json
A,50,3,False,legacy,0,89.0,,13.96249715403372,43.976570408510376,4.169410268210633,False,/srv/bulk/samteway/lab-data/tracking-rate-timing-20260908-v2/captures/screen-r3-A-50us-20260908T072529.267552Z/run.json
A,50,3,False,legacy,1,87.0,,13.8257761351764,43.00292033998123,4.130831437092678,False,/srv/bulk/samteway/lab-data/tracking-rate-timing-20260908-v2/captures/screen-r3-A-50us-20260908T072529.267552Z/run.json
A,50,3,False,legacy,2,85.0,,13.780424065583155,43.54156187863801,4.101249089888386,False,/srv/bulk/samteway/lab-data/tracking-rate-timing-20260908-v2/captures/screen-r3-A-50us-20260908T072529.267552Z/run.json
A,50,3,False,legacy,5,79.0,,13.345531620115729,41.79583082090974,3.9114613231615887,False,/srv/bulk/samteway/lab-data/tracking-rate-timing-20260908-v2/captures/screen-r3-A-50us-20260908T072529.267552Z/run.json
A,50,3,False,legacy,10,69.0,,13.172098224990606,40.21729503936565,3.7134654618387746,False,/srv/bulk/samteway/lab-data/tracking-rate-timing-20260908-v2/captures/screen-r3-A-50us-20260908T072529.267552Z/run.json
A,50,3,False,legacy,15,59.0,,13.383822782476615,41.50556969310519,3.4909855798859195,False,/srv/bulk/samteway/lab-data/tracking-rate-timing-20260908-v2/captures/screen-r3-A-50us-20260908T072529.267552Z/run.json
A,50,3,False,legacy,20,49.0,,12.874528657404529,37.179030296497764,3.364983780474917,False,/srv/bulk/samteway/lab-data/tracking-rate-timing-20260908-v2/captures/screen-r3-A-50us-20260908T072529.267552Z/run.json
A,50,3,False,legacy,30,29.0,,13.375228483566385,56.37004547143325,3.7688108365000166,False,/srv/bulk/samteway/lab-data/tracking-rate-timing-20260908-v2/captures/screen-r3-A-50us-20260908T072529.267552Z/run.json
A,50,3,False,native_refined,0,89.0,,13.852663547753197,44.032475876237875,4.112483638963872,False,/srv/bulk/samteway/lab-data/tracking-rate-timing-20260908-v2/captures/screen-r3-A-50us-20260908T072529.267552Z/run.json
A,50,3,False,native_refined,1,87.0,,13.700692111125672,42.96498585263348,4.039132478427482,False,/srv/bulk/samteway/lab-data/tracking-rate-timing-20260908-v2/captures/screen-r3-A-50us-20260908T072529.267552Z/run.json
A,50,3,False,native_refined,2,85.0,,13.593400438177753,43.17941994586881,3.9676341554030388,False,/srv/bulk/samteway/lab-data/tracking-rate-timing-20260908-v2/captures/screen-r3-A-50us-20260908T072529.267552Z/run.json
A,50,3,False,native_refined,5,79.0,,13.380565612124744,42.59555976909194,3.8486959940659786,False,/srv/bulk/samteway/lab-data/tracking-rate-timing-20260908-v2/captures/screen-r3-A-50us-20260908T072529.267552Z/run.json
A,50,3,False,native_refined,10,69.0,,13.596353347254867,42.18679480435586,3.6798437174414698,False,/srv/bulk/samteway/lab-data/tracking-rate-timing-20260908-v2/captures/screen-r3-A-50us-20260908T072529.267552Z/run.json
A,50,3,False,native_refined,15,59.0,,13.409238045222306,41.28587489790121,3.5745916844901138,False,/srv/bulk/samteway/lab-data/tracking-rate-timing-20260908-v2/captures/screen-r3-A-50us-20260908T072529.267552Z/run.json
A,50,3,False,native_refined,20,49.0,,13.246959910422794,40.719035836151754,3.5836945688893236,False,/srv/bulk/samteway/lab-data/tracking-rate-timing-20260908-v2/captures/screen-r3-A-50us-20260908T072529.267552Z/run.json
A,50,3,False,native_refined,30,29.0,,14.822272069710115,58.843559248959615,4.06190096643879,False,/srv/bulk/samteway/lab-data/tracking-rate-timing-20260908-v2/captures/screen-r3-A-50us-20260908T072529.267552Z/run.json
D,50,3,False,legacy,0,223.0,,6.660326906784639,69.71468001723426,3.4896312317060736,False,/srv/bulk/samteway/lab-data/tracking-rate-timing-20260908-v2/captures/screen-r3-D-50us-20260908T072540.581835Z/run.json
D,50,3,False,legacy,1,218.0,,6.608741945502642,68.98527877397689,3.4442930792709308,False,/srv/bulk/samteway/lab-data/tracking-rate-timing-20260908-v2/captures/screen-r3-D-50us-20260908T072540.581835Z/run.json
D,50,3,False,legacy,2,213.0,,6.507089104599494,67.54212101531218,3.4207555238345897,False,/srv/bulk/samteway/lab-data/tracking-rate-timing-20260908-v2/captures/screen-r3-D-50us-20260908T072540.581835Z/run.json
D,50,3,False,legacy,5,198.0,,6.208654314770926,66.145475079145,3.2885407680869703,False,/srv/bulk/samteway/lab-data/tracking-rate-timing-20260908-v2/captures/screen-r3-D-50us-20260908T072540.581835Z/run.json
D,50,3,False,legacy,10,173.0,,6.399100008283953,71.01576669629256,3.115093998960829,False,/srv/bulk/samteway/lab-data/tracking-rate-timing-20260908-v2/captures/screen-r3-D-50us-20260908T072540.581835Z/run.json
D,50,3,False,legacy,15,148.0,,6.715908620165778,75.17016476274898,3.0056425522956953,False,/srv/bulk/samteway/lab-data/tracking-rate-timing-20260908-v2/captures/screen-r3-D-50us-20260908T072540.581835Z/run.json
D,50,3,False,legacy,20,123.0,,7.159109864040087,78.81357069060547,2.9381125772055094,False,/srv/bulk/samteway/lab-data/tracking-rate-timing-20260908-v2/captures/screen-r3-D-50us-20260908T072540.581835Z/run.json
D,50,3,False,legacy,30,73.0,,10.0503061274044,89.07270995766422,4.352823558660032,False,/srv/bulk/samteway/lab-data/tracking-rate-timing-20260908-v2/captures/screen-r3-D-50us-20260908T072540.581835Z/run.json
D,50,3,False,native_refined,0,223.0,,6.942141111103611,70.25062483398939,3.3576177798730034,False,/srv/bulk/samteway/lab-data/tracking-rate-timing-20260908-v2/captures/screen-r3-D-50us-20260908T072540.581835Z/run.json
D,50,3,False,native_refined,1,218.0,,6.83877742271314,69.85366067610968,3.317679812016902,False,/srv/bulk/samteway/lab-data/tracking-rate-timing-20260908-v2/captures/screen-r3-D-50us-20260908T072540.581835Z/run.json
D,50,3,False,native_refined,2,213.0,,6.812343711165719,70.13847443603093,3.259371238330653,False,/srv/bulk/samteway/lab-data/tracking-rate-timing-20260908-v2/captures/screen-r3-D-50us-20260908T072540.581835Z/run.json
D,50,3,False,native_refined,5,198.0,,7.014846831508527,74.32350254275917,3.1860608457905037,False,/srv/bulk/samteway/lab-data/tracking-rate-timing-20260908-v2/captures/screen-r3-D-50us-20260908T072540.581835Z/run.json
D,50,3,False,native_refined,10,173.0,,7.234602782972546,77.13012343914073,3.0913178517250133,False,/srv/bulk/samteway/lab-data/tracking-rate-timing-20260908-v2/captures/screen-r3-D-50us-20260908T072540.581835Z/run.json
D,50,3,False,native_refined,15,148.0,,7.861044437044068,80.77680901587381,2.992370951565018,False,/srv/bulk/samteway/lab-data/tracking-rate-timing-20260908-v2/captures/screen-r3-D-50us-20260908T072540.581835Z/run.json
D,50,3,False,native_refined,20,123.0,,8.626292401920288,81.63648365333349,3.4408293407111894,False,/srv/bulk/samteway/lab-data/tracking-rate-timing-20260908-v2/captures/screen-r3-D-50us-20260908T072540.581835Z/run.json
D,50,3,False,native_refined,30,73.0,,12.401638197162587,91.97629331162034,5.069613500522127,False,/srv/bulk/samteway/lab-data/tracking-rate-timing-20260908-v2/captures/screen-r3-D-50us-20260908T072540.581835Z/run.json
B,50,3,False,legacy,0,223.0,,28.96462180488572,85.4048908285866,7.773904192987155,False,/srv/bulk/samteway/lab-data/tracking-rate-timing-20260908-v2/captures/screen-r3-B-50us-20260908T072553.357232Z/run.json
B,50,3,False,legacy,1,218.0,,28.596924892227754,85.44486315598905,7.69100511015715,False,/srv/bulk/samteway/lab-data/tracking-rate-timing-20260908-v2/captures/screen-r3-B-50us-20260908T072553.357232Z/run.json
B,50,3,False,legacy,2,213.0,,28.28532315210269,85.53104857361086,7.636330270594403,False,/srv/bulk/samteway/lab-data/tracking-rate-timing-20260908-v2/captures/screen-r3-B-50us-20260908T072553.357232Z/run.json
B,50,3,False,legacy,5,198.0,,27.516669803493084,85.54711242391637,7.80753159314211,False,/srv/bulk/samteway/lab-data/tracking-rate-timing-20260908-v2/captures/screen-r3-B-50us-20260908T072553.357232Z/run.json
B,50,3,False,legacy,10,173.0,,26.61742684753877,83.83534623450298,8.181061940830226,False,/srv/bulk/samteway/lab-data/tracking-rate-timing-20260908-v2/captures/screen-r3-B-50us-20260908T072553.357232Z/run.json
B,50,3,False,legacy,15,148.0,,26.038189851214383,86.89619337066563,8.078495080847619,False,/srv/bulk/samteway/lab-data/tracking-rate-timing-20260908-v2/captures/screen-r3-B-50us-20260908T072553.357232Z/run.json
B,50,3,False,legacy,20,123.0,,24.90438495294111,85.26937381792881,8.026136768426417,False,/srv/bulk/samteway/lab-data/tracking-rate-timing-20260908-v2/captures/screen-r3-B-50us-20260908T072553.357232Z/run.json
B,50,3,False,legacy,30,73.0,,22.14731795710075,84.6778898298834,6.829292819924259,False,/srv/bulk/samteway/lab-data/tracking-rate-timing-20260908-v2/captures/screen-r3-B-50us-20260908T072553.357232Z/run.json
B,50,3,False,native_refined,0,223.0,,28.113855561744572,85.89280607455572,7.557790325752619,False,/srv/bulk/samteway/lab-data/tracking-rate-timing-20260908-v2/captures/screen-r3-B-50us-20260908T072553.357232Z/run.json
B,50,3,False,native_refined,1,218.0,,27.805730787944245,86.62317188380712,7.602305326708969,False,/srv/bulk/samteway/lab-data/tracking-rate-timing-20260908-v2/captures/screen-r3-B-50us-20260908T072553.357232Z/run.json
B,50,3,False,native_refined,2,213.0,,27.52850010946513,86.72304674909918,7.503319939949007,False,/srv/bulk/samteway/lab-data/tracking-rate-timing-20260908-v2/captures/screen-r3-B-50us-20260908T072553.357232Z/run.json
B,50,3,False,native_refined,5,198.0,,26.785572636855527,85.28800050983503,7.9114275176273825,False,/srv/bulk/samteway/lab-data/tracking-rate-timing-20260908-v2/captures/screen-r3-B-50us-20260908T072553.357232Z/run.json
B,50,3,False,native_refined,10,173.0,,26.142112515783445,85.05728682764416,7.904487980393613,False,/srv/bulk/samteway/lab-data/tracking-rate-timing-20260908-v2/captures/screen-r3-B-50us-20260908T072553.357232Z/run.json
B,50,3,False,native_refined,15,148.0,,25.225547049442532,88.20027742311241,8.217932171878632,False,/srv/bulk/samteway/lab-data/tracking-rate-timing-20260908-v2/captures/screen-r3-B-50us-20260908T072553.357232Z/run.json
B,50,3,False,native_refined,20,123.0,,24.165784288071805,86.86291268216434,7.670620059262536,False,/srv/bulk/samteway/lab-data/tracking-rate-timing-20260908-v2/captures/screen-r3-B-50us-20260908T072553.357232Z/run.json
B,50,3,False,native_refined,30,73.0,,21.242164427615275,85.63175206036635,6.289878619922216,False,/srv/bulk/samteway/lab-data/tracking-rate-timing-20260908-v2/captures/screen-r3-B-50us-20260908T072553.357232Z/run.json
A,200,13,True,legacy,0,388.0,50.819917290453155,3.325218794066138,24.837353072901717,1.046545302930513,False,/srv/bulk/samteway/lab-data/tracking-rate-timing-20260908-v2/captures/screen-r13-A-200us-control-20260908T072611.742236Z/run.json
A,200,13,True,legacy,1,386.0,50.819917290453155,3.2253756000340243,24.222899529581976,1.0380958393388267,False,/srv/bulk/samteway/lab-data/tracking-rate-timing-20260908-v2/captures/screen-r13-A-200us-control-20260908T072611.742236Z/run.json
A,200,13,True,legacy,2,384.0,50.819917290453155,3.152419274467599,24.187842961673855,1.0256123899345586,False,/srv/bulk/samteway/lab-data/tracking-rate-timing-20260908-v2/captures/screen-r13-A-200us-control-20260908T072611.742236Z/run.json
A,200,13,True,legacy,5,378.0,50.819917290453155,2.9278132579729466,23.145887626808104,0.9850360534278819,False,/srv/bulk/samteway/lab-data/tracking-rate-timing-20260908-v2/captures/screen-r13-A-200us-control-20260908T072611.742236Z/run.json
A,200,13,True,legacy,10,368.0,50.819917290453155,2.6269574146720345,21.43112594959317,0.8935031354090089,False,/srv/bulk/samteway/lab-data/tracking-rate-timing-20260908-v2/captures/screen-r13-A-200us-control-20260908T072611.742236Z/run.json
A,200,13,True,legacy,15,358.0,50.819917290453155,2.4842733673787354,20.898811813387944,0.8220344076880736,False,/srv/bulk/samteway/lab-data/tracking-rate-timing-20260908-v2/captures/screen-r13-A-200us-control-20260908T072611.742236Z/run.json
A,200,13,True,legacy,20,348.0,50.819917290453155,2.3891454564164283,21.35233729816923,0.7701479526904194,False,/srv/bulk/samteway/lab-data/tracking-rate-timing-20260908-v2/captures/screen-r13-A-200us-control-20260908T072611.742236Z/run.json
A,200,13,True,legacy,30,328.0,50.819917290453155,2.105275045328092,19.263282132087472,0.6690529935811007,False,/srv/bulk/samteway/lab-data/tracking-rate-timing-20260908-v2/captures/screen-r13-A-200us-control-20260908T072611.742236Z/run.json
A,200,13,True,native_refined,0,388.0,50.819917290453155,3.2633567702551596,26.066972257090406,1.051180525039528,False,/srv/bulk/samteway/lab-data/tracking-rate-timing-20260908-v2/captures/screen-r13-A-200us-control-20260908T072611.742236Z/run.json
A,200,13,True,native_refined,1,386.0,50.819917290453155,3.155296321541563,25.482676185692885,1.0328999703405424,False,/srv/bulk/samteway/lab-data/tracking-rate-timing-20260908-v2/captures/screen-r13-A-200us-control-20260908T072611.742236Z/run.json
A,200,13,True,native_refined,2,384.0,50.819917290453155,3.0989773651365393,25.73173353831263,1.023278775163699,False,/srv/bulk/samteway/lab-data/tracking-rate-timing-20260908-v2/captures/screen-r13-A-200us-control-20260908T072611.742236Z/run.json
A,200,13,True,native_refined,5,378.0,50.819917290453155,2.9273901685269683,23.946710371888713,0.9739121973247487,False,/srv/bulk/samteway/lab-data/tracking-rate-timing-20260908-v2/captures/screen-r13-A-200us-control-20260908T072611.742236Z/run.json
A,200,13,True,native_refined,10,368.0,50.819917290453155,2.6873658836747594,23.43429220711207,0.890401085779,False,/srv/bulk/samteway/lab-data/tracking-rate-timing-20260908-v2/captures/screen-r13-A-200us-control-20260908T072611.742236Z/run.json
A,200,13,True,native_refined,15,358.0,50.819917290453155,2.5798617710646514,23.097449891108553,0.8227307486608464,False,/srv/bulk/samteway/lab-data/tracking-rate-timing-20260908-v2/captures/screen-r13-A-200us-control-20260908T072611.742236Z/run.json
A,200,13,True,native_refined,20,348.0,50.819917290453155,2.4365184011845185,22.663790231634785,0.7681146989626144,False,/srv/bulk/samteway/lab-data/tracking-rate-timing-20260908-v2/captures/screen-r13-A-200us-control-20260908T072611.742236Z/run.json
A,200,13,True,native_refined,30,328.0,50.819917290453155,2.2189714090737542,20.962029346751535,0.6809776975612148,False,/srv/bulk/samteway/lab-data/tracking-rate-timing-20260908-v2/captures/screen-r13-A-200us-control-20260908T072611.742236Z/run.json
