frequency_hz,port,correction_gain_db,correction_phase_unwrapped_deg,correction_real,correction_imag
500000000,ANT1,-0.238189695395,-14.8890172467,0.940283528867,-0.249997113119
500000000,ANT2,-0.0751566333884,4.71033545046,0.98803628757,0.0814108064543
500000000,ANT3,-0.0776759073258,-0.221773663981,0.991089673933,-0.00383621076243
500000000,ANT4,0.0995761163345,9.33028290902,0.998147712845,0.163994707887
500000000,ANT5,0.165512810088,10.6433963765,1.00170284246,0.188248974492
500000000,ANT6,0.387003452817,-1.04624510109,1.04538860625,-0.019091358899
500000000,ANT7,-0.0429601112153,6.13306736652,0.989370934039,0.106310808197
500000000,ANT8,-0.218110031915,-14.6600460908,0.943453597557,-0.246807370851
512500000,ANT1,-0.252515928771,-13.5575378241,0.944279980407,-0.227704733334
512500000,ANT2,-0.0408032372547,3.45713294013,0.993502092975,0.0600191347217
512500000,ANT3,0.00442737284318,0.62253079353,1.00045079413,0.0108705377853
512500000,ANT4,0.495810963966,9.59402514974,1.04393479992,0.176456380269
512500000,ANT5,0.392568791739,8.9122210224,1.03360172597,0.162083588925
512500000,ANT6,-0.333819511523,-0.645241135207,0.962235741784,-0.0108367550989
512500000,ANT7,0.0449329162794,4.25116779597,1.00242090139,0.0745132848786
512500000,ANT8,-0.310601367279,-12.6342987425,0.941509084545,-0.211044065703
525000000,ANT1,-0.427788943123,-13.3358229769,0.926272877383,-0.219573214829
525000000,ANT2,0.0310203797924,1.29967909157,1.00331955404,0.0227628834092
525000000,ANT3,0.065787255029,1.47929848945,1.00726697704,0.0260120327914
525000000,ANT4,0.321412756118,8.16834814631,1.02716961259,0.147438226914
525000000,ANT5,0.3620985863,9.35951383618,1.02868990573,0.169551785701
525000000,ANT6,-0.0583878267985,1.51581705026,0.992952801052,0.026275688279
525000000,ANT7,0.081539390282,3.79994922213,1.0072125622,0.0668980879964
525000000,ANT8,-0.3756815976,-12.2867828591,0.935734352755,-0.203796975269
537500000,ANT1,-0.258047593427,-12.4662816618,0.94784149043,-0.209546259696
537500000,ANT2,0.139437551793,3.7050159772,1.01405903073,0.0656654037788
537500000,ANT3,-0.0108995330302,0.537738920208,0.998701945377,0.00937340724041
537500000,ANT4,0.20858962787,8.19730761124,1.01384004683,0.14604795218
537500000,ANT5,0.157980504235,7.91268156975,1.00865885393,0.140190539413
537500000,ANT6,0.0078884488704,0.465913054203,1.0008755115,0.00813901563324
537500000,ANT7,-0.0192777171476,3.50055311598,0.995921377336,0.0609228111946
537500000,ANT8,-0.225671289164,-11.8529285868,0.953578144933,-0.200132371432
550000000,ANT1,-0.179671984814,-12.6489482446,0.955753899406,-0.214493775923
550000000,ANT2,0.0224780375876,2.17515582004,1.00186883201,0.0380528612762
550000000,ANT3,0.0283205670666,0.731248657679,1.00318413899,0.012804030136
550000000,ANT4,0.109083639224,9.2786855863,0.999388318398,0.1632743878
550000000,ANT5,0.116932777068,8.95286790804,1.00120497498,0.157731137432
550000000,ANT6,0.0423129689075,1.18311496755,1.00466911613,0.0207486144627
550000000,ANT7,0.0695886808776,2.74076828936,1.00689077503,0.0482018250803
550000000,ANT8,-0.209044685918,-12.4128929844,0.953399957963,-0.209843496538
562500000,ANT1,-0.126301414648,-13.2879111246,0.959178094796,-0.226526417628
562500000,ANT2,0.00606387825591,3.66146000489,0.99865574817,0.0639056448193
562500000,ANT3,-0.028983117969,-0.0374416196465,0.99666854337,-0.000651302594075
562500000,ANT4,0.131326209993,8.70121800419,1.0035497001,0.153586516679
562500000,ANT5,-0.0478557871023,8.42239052984,0.983779975501,0.145664843489
562500000,ANT6,0.0544926276968,-0.792109972613,1.00619725226,-0.0139114899263
562500000,ANT7,0.000763535733889,2.69677066925,0.998980340217,0.0470542868893
562500000,ANT8,0.0104940680404,-9.36437649135,0.987866312349,-0.162909235811
575000000,ANT1,-0.127900103373,-11.5128700619,0.965556835364,-0.196670634483
575000000,ANT2,-0.0813505972892,2.83833366129,0.989462556187,0.0490563963
575000000,ANT3,0.0339253975315,-0.425478775931,1.00388576277,-0.00745499827042
575000000,ANT4,0.209610955345,9.02134628765,1.01175373662,0.160632469978
575000000,ANT5,-0.0218668195478,7.46262707972,0.989036742805,0.12955290264
575000000,ANT6,0.0662351803863,-0.778614049326,1.00756171495,-0.0136929806818
575000000,ANT7,-0.0738277963105,5.82088823817,0.986423722881,0.100560610853
575000000,ANT8,-0.0048262167427,-12.4262323796,0.976031389708,-0.215062935142
587500000,ANT1,-0.0173724361372,-12.7831379425,0.973265959948,-0.220819405636
587500000,ANT2,-0.123974748226,4.23199631583,0.983140320578,0.0727493215108
587500000,ANT3,0.0105948109414,-0.206354806247,1.00121402335,-0.00360595877872
587500000,ANT4,0.00123722520532,8.67460351344,0.988701657849,0.150844138036
587500000,ANT5,0.0218457444732,9.20974671416,0.989594840173,0.160452152983
587500000,ANT6,-0.107622968521,0.0958659197961,0.987684512155,0.00165257150507
587500000,ANT7,0.0808611902078,3.66334785714,1.00729054113,0.0644915250387
587500000,ANT8,0.134431182056,-12.8860675716,0.990019990412,-0.226491493019
600000000,ANT1,0.0950610264486,-11.4972609461,0.990717835521,-0.201514499988
600000000,ANT2,0.109113045301,1.31885892716,1.01237307701,0.023307356062
600000000,ANT3,-0.0699677651721,1.81457745202,0.99147958021,0.0314110089504
600000000,ANT4,-0.0641789433079,8.98030437672,0.980470652444,0.154945819279
600000000,ANT5,-0.0635666736945,8.74572769402,0.981165962652,0.150940991708
600000000,ANT6,0.0835705924734,-1.16395462324,1.00945952055,-0.0205098306677
600000000,ANT7,-0.145601382324,4.15913764228,0.98078697222,0.0713212773258
600000000,ANT8,0.0555701002754,-12.3573905228,0.983101255175,-0.215382504076
612500000,ANT1,0.0757675639627,-16.0633588193,0.969375452495,-0.279124400531
612500000,ANT2,-0.0280096769442,4.86749650093,0.993185663905,0.0845785062795
612500000,ANT3,-0.034302270133,-1.30547297733,0.995800053696,-0.0226930339505
612500000,ANT4,-0.0094939430064,9.41919944405,0.985439672174,0.163477763112
612500000,ANT5,0.0613937515952,10.8377530648,0.989130306386,0.189362252294
612500000,ANT6,-0.0735233173497,2.38258378196,0.990713839472,0.0412215397909
612500000,ANT7,-0.0815252657968,2.77993898919,0.989492141203,0.0480469650393
612500000,ANT8,0.0896931576721,-12.9181399843,0.984807562398,-0.225879212863
625000000,ANT1,-0.0871311773553,-16.0278253327,0.951534511736,-0.273348302797
625000000,ANT2,-0.0360573615154,3.6151025512,0.99387573354,0.062792377352
625000000,ANT3,-0.0594608361232,0.860791312399,0.993065613679,0.0149205854236
625000000,ANT4,0.146950108021,10.9616093022,0.998505691464,0.193395613555
625000000,ANT5,0.133207255918,11.5645161031,0.99484011663,0.20356935399
625000000,ANT6,0.0367245129976,1.22064917985,1.00400912617,0.0213929956973
625000000,ANT7,-0.0480523300155,4.11057562413,0.991924806624,0.0712860863568
625000000,ANT8,-0.0861801719277,-16.3054187401,0.950303040373,-0.277985618736
637500000,ANT1,-0.311061639721,-15.7458426398,0.928616388329,-0.261824169665
637500000,ANT2,-0.00778905033943,2.68932911622,0.998003272446,0.0468783576824
637500000,ANT3,0.0340242690537,0.846348504555,1.00381534513,0.0148290052287
637500000,ANT4,0.25840296475,10.9562780605,1.01141877782,0.195799046294
637500000,ANT5,0.304400036352,11.2688917147,1.01569995456,0.202383455276
637500000,ANT6,-0.00663273012426,1.34158554263,0.998962758877,0.0233950735593
637500000,ANT7,-0.00525263715512,4.48871023876,0.996330079138,0.078215344478
637500000,ANT8,-0.266091212816,-15.8453005376,0.932978427836,-0.264803181772
650000000,ANT1,-0.405009041678,-14.5657922692,0.92376576244,-0.240034105618
650000000,ANT2,0.0553462506206,3.23953695709,1.00478410875,0.0568716985738
650000000,ANT3,0.00838538443953,1.09254230754,1.00078389604,0.0190857214593
650000000,ANT4,0.333363006519,10.5360780911,1.02160615268,0.190008970108
650000000,ANT5,0.180356124123,9.80542349959,1.00606662576,0.173875956075
650000000,ANT6,0.057750318202,0.210186891316,1.00666412945,0.00369291691154
650000000,ANT7,0.0870146604599,4.07537483193,1.00751424173,0.0717842874894
650000000,ANT8,-0.317206702686,-14.3933503093,0.933876652238,-0.239663243776
662500000,ANT1,-0.330256367025,-14.1678927896,0.933409082813,-0.235632335883
662500000,ANT2,0.0328817258004,4.34680726414,1.00090546091,0.0760808137591
662500000,ANT3,0.00204900202368,0.378353903721,1.00021411959,0.0066050313087
662500000,ANT4,0.315647835555,9.96148839787,1.02137499579,0.179388186625
662500000,ANT5,0.256428522369,9.80794151981,1.01490890532,0.175450080503
662500000,ANT6,-0.0553887765808,0.784398124338,0.993550305092,0.0136028813162
662500000,ANT7,0.0461045817823,3.76130699953,1.00315663151,0.0659491797198
662500000,ANT8,-0.267466523925,-14.8724034198,0.937191733572,-0.248884143258
675000000,ANT1,-0.294119027572,-14.7955135585,0.93465251752,-0.246867553548
675000000,ANT2,-0.0643982472993,3.606053131,0.990648008835,0.0624313638629
675000000,ANT3,0.0204672518086,0.459019976399,1.00232699101,0.00803022420064
675000000,ANT4,0.331356657852,10.5399959375,1.02135720764,0.190034925268
675000000,ANT5,0.211177915319,10.6275189178,1.00703545512,0.188962222564
675000000,ANT6,-0.0847507390756,0.260715460427,0.990279906212,0.00450614453356
675000000,ANT7,0.0123328341819,4.06624550968,0.998900032678,0.071010566898
675000000,ANT8,-0.132066645214,-14.7640353743,0.952392024947,-0.250993383354
687500000,ANT1,-0.147859560504,-14.7899872743,0.950548356322,-0.250968008052
687500000,ANT2,-0.0162679161085,4.9040423252,0.994474956955,0.0853272566805
687500000,ANT3,0.0128562046494,0.670434660901,1.00141266044,0.0117183570365
687500000,ANT4,0.145024985782,10.037706018,1.00127233273,0.177230824693
687500000,ANT5,0.118369746707,10.0328535861,0.998219300593,0.176603233341
687500000,ANT6,0.00129297214125,0.435801508275,1.00011993891,0.00760723018351
687500000,ANT7,-0.0236531247635,4.05134624964,0.99478847005,0.0704582925704
687500000,ANT8,-0.0897633079033,-15.3421970738,0.954448045526,-0.261863128029
700000000,ANT1,-0.133291309401,-14.9857654795,0.951279436532,-0.254641270401
700000000,ANT2,0.0354632212497,2.5813405535,1.00307233918,0.0452219102669
700000000,ANT3,-0.0250656070728,0.38941675496,0.997095344943,0.00677696709644
700000000,ANT4,0.141617681691,11.3050295911,0.996716494577,0.199254598339
700000000,ANT5,0.0492266017438,10.9329251011,0.9874302424,0.190737628897
700000000,ANT6,0.0213215240017,0.427212918553,1.0024298803,0.00747452840278
700000000,ANT7,0.0512426623228,4.34820792096,1.00302162962,0.076266329607
700000000,ANT8,-0.140514774536,-14.9983673606,0.950432667497,-0.254638638985
712500000,ANT1,0.0132182273897,-15.4350765447,0.965400683757,-0.266551619048
712500000,ANT2,-0.0680501945921,4.50634518515,0.989128805626,0.0779563451711
712500000,ANT3,0.0137520840483,0.0734286920862,1.0015836987,0.00128360276969
712500000,ANT4,0.0298666531714,10.31207888,0.987236128695,0.179626218723
712500000,ANT5,0.0408264525162,10.3151883852,0.988472840808,0.179906658754
712500000,ANT6,0.0256444831774,0.298430262588,1.00294318816,0.0052239677733
712500000,ANT7,-0.0108846382753,4.16033257735,0.996115887585,0.0724568562385
712500000,ANT8,-0.0443730674356,-14.2307274376,0.964374407788,-0.244574619074
725000000,ANT1,0.100665588796,-17.7605697635,0.963440939549,-0.308595832132
725000000,ANT2,-0.0387671252478,3.61341551877,0.993567567296,0.062743536031
725000000,ANT3,-0.0513133065562,-0.755646729531,0.994023298134,-0.0131104596806
725000000,ANT4,-0.0684028891849,10.6651613858,0.975016768843,0.183617377308
725000000,ANT5,-0.0520829349209,13.4594657101,0.966720697623,0.23136589577
725000000,ANT6,0.0916078052452,2.06288385032,1.0099476018,0.0363779901196
725000000,ANT7,-0.0812013512312,3.13193480564,0.989215183517,0.054126969634
725000000,ANT8,0.0994942130999,-14.4166447776,0.979668653063,-0.251839542063
737500000,ANT1,0.156953120995,-18.5394920659,0.965392600713,-0.323755924982
737500000,ANT2,-0.0467223586032,5.32457221225,0.990343471786,0.0922997829635
737500000,ANT3,-0.0533570819017,0.402156096045,0.99385138648,0.00697590574232
737500000,ANT4,0.0422568008568,12.2995117057,0.981812300828,0.214060935602
737500000,ANT5,-0.0166039990934,13.1003395659,0.972114546663,0.226224214567
737500000,ANT6,-0.0734938701396,0.0336277282371,0.991574230729,0.000581969437714
737500000,ANT7,-0.112963925671,4.61266421367,0.983881730727,0.0793801257161
737500000,ANT8,0.103931313557,-17.233379456,0.966602925777,-0.299830784252
750000000,ANT1,-0.0767462399489,-20.319757917,0.929519856921,-0.344204278881
750000000,ANT2,-0.0784845436755,8.25663319911,0.980732838616,0.142315423537
750000000,ANT3,-0.0373621733717,-0.0261900388069,0.995707654916,-0.00045514039883
750000000,ANT4,0.194701406062,13.0337657898,0.996322263932,0.230637655437
750000000,ANT5,0.181008543477,13.3233568491,0.993576269263,0.235299187359
750000000,ANT6,-0.073499718206,0.101995720764,0.991572162767,0.00176516010644
750000000,ANT7,-0.0705008146391,4.99224886159,0.9881532912,0.0863175089461
750000000,ANT8,-0.0391164596979,-19.3620524646,0.939203252375,-0.330046653712
762500000,ANT1,-0.310292777089,-19.2674444669,0.910861004918,-0.318398079783
762500000,ANT2,-0.00313022745056,4.33355224438,0.99678176952,0.075535436272
762500000,ANT3,0.0328344736685,0.79453084118,1.00369085054,0.0139192531024
762500000,ANT4,0.36338515095,13.2468088786,1.01497896116,0.238936157266
762500000,ANT5,0.342302946873,12.7447351639,1.01456819603,0.229475345769
762500000,ANT6,-0.0943273834177,0.916352191275,0.989072404109,0.0158199427112
762500000,ANT7,-0.0209293983779,5.78936837078,0.992505033519,0.100628922018
762500000,ANT8,-0.309842785157,-18.5579032232,0.914781439584,-0.307109915221
775000000,ANT1,-0.466733051625,-18.3026881217,0.89974095627,-0.29760770204
775000000,ANT2,0.00451414176799,4.86634525884,0.996913267979,0.0848757684217
775000000,ANT3,0.0398164671015,0.541148529658,1.00454975602,0.00948807735654
775000000,ANT4,0.400918754014,11.7124049065,1.02543462203,0.212588846365
775000000,ANT5,0.410050286635,12.3125849763,1.02422772195,0.223553435236
775000000,ANT6,0.0119823845942,1.27397096217,1.00113294659,0.0222638480821
775000000,ANT7,0.0161661299023,5.4102668954,0.997399713645,0.0944623569873
775000000,ANT8,-0.416715112389,-17.8140334073,0.907456989723,-0.291597758842
787500000,ANT1,-0.41737475608,-18.217964584,0.905309956637,-0.297965337166
787500000,ANT2,-0.0134807819965,4.82156960538,0.994915946557,0.0839226259636
787500000,ANT3,0.0515593834396,-0.0947458701838,1.00595227092,-0.00166347174184
787500000,ANT4,0.322873246296,11.6788547236,1.01638522971,0.210092103794
787500000,ANT5,0.434837319376,12.9489125244,1.02460157123,0.235585834698
787500000,ANT6,0.00114913882912,0.826747659372,1.0000281915,0.0144308770903
787500000,ANT7,0.024776067755,4.94750909785,0.999120006084,0.0864894086229
787500000,ANT8,-0.404339617618,-16.9108831564,0.913240745183,-0.277653243662
800000000,ANT1,-0.30500337636,-17.7725707756,0.91941693976,-0.29470703506
800000000,ANT2,-0.0953498242692,4.66012391389,0.985812742822,0.0803578676765
800000000,ANT3,0.057183366239,0.778892422538,1.00651218652,0.0136836084366
800000000,ANT4,0.292575689691,12.6701027458,1.00907267342,0.226851132192
800000000,ANT5,0.295645868938,12.3130028115,1.01082416143,0.220635624964
800000000,ANT6,0.0623343756632,-0.000272925496915,1.00720232306,-4.79775642907e-06
800000000,ANT7,-0.0276340660713,4.57716352037,0.993644460849,0.0795481454588
800000000,ANT8,-0.27975203383,-17.226441713,0.924869050325,-0.286762583937
812500000,ANT1,-0.267635160473,-17.9081772525,0.922677853611,-0.298162255588
812500000,ANT2,-0.032875505156,5.29164699418,0.991976475809,0.0918770150722
812500000,ANT3,0.0617943786982,0.352394190827,1.00712065887,0.00619431217827
812500000,ANT4,0.23918431617,12.2586532671,1.00448221606,0.218253329824
812500000,ANT5,0.219435310099,12.1106931686,1.00275992404,0.215168855739
812500000,ANT6,0.0106881386387,0.00819634113296,1.00123126459,0.000143229276629
812500000,ANT7,0.0212346484802,4.89666768276,0.99878904885,0.0855679105178
812500000,ANT8,-0.251826126456,-17.0100743921,0.928927148497,-0.284180141297
825000000,ANT1,-0.155672815687,-17.2823064328,0.937891690469,-0.29180303366
825000000,ANT2,-0.05039466134,4.45113212643,0.991216236525,0.077159816506
825000000,ANT3,0.0525339071034,0.205076562882,1.00606007239,0.00360096720067
825000000,ANT4,0.185641778077,11.960752087,0.999423623552,0.211718611744
825000000,ANT5,0.136007177889,12.1685150332,0.992958929462,0.214114233567
825000000,ANT6,0.0244859837285,0.353780130184,1.00280391355,0.00619201991584
825000000,ANT7,-0.00836411784022,4.74249364297,0.995617146781,0.082598069609
825000000,ANT8,-0.184237251931,-16.5994431498,0.938212282748,-0.27968330037
837500000,ANT1,-0.0752807867297,-18.1343515379,0.94212836188,-0.308560331545
837500000,ANT2,-0.00938132478619,5.28815098996,0.994668892164,0.0920651752997
837500000,ANT3,0.0984185310704,1.1252097376,1.01120026061,0.0198611256794
837500000,ANT4,0.0910526732305,10.8564839002,0.992451403056,0.190334412812
837500000,ANT5,0.0420119133529,11.4901128653,0.984710441377,0.200164651471
837500000,ANT6,-0.0785290124671,1.73740709024,0.990544176444,0.0300459505303
837500000,ANT7,-0.0701405692907,5.008613699,0.988169580126,0.086603333835
837500000,ANT8,0.0018485756199,-17.3716267444,0.954591437952,-0.298631758957
850000000,ANT1,0.18187668967,-19.1453505466,0.964679338642,-0.334905524668
850000000,ANT2,-0.116749787928,4.25177192982,0.983933252229,0.0731494683782
850000000,ANT3,0.026633647076,0.952954885291,1.00293228127,0.0166825089839
850000000,ANT4,-0.0635439294206,13.6204899062,0.96479276924,0.23377318633
850000000,ANT5,-0.081095490161,13.5542148357,0.963114402355,0.232187381879
850000000,ANT6,-0.0268661420775,-0.471103822763,0.996878001098,-0.00819682749458
850000000,ANT7,-0.105718052232,5.91932799203,0.98263511687,0.101880492165
850000000,ANT8,0.185463065073,-18.6823051797,0.96775390075,-0.327233542022
862500000,ANT1,0.113943278824,-21.6828128938,0.941513755286,-0.374346714345
862500000,ANT2,-0.10563426474,5.96698315921,0.982559517062,0.102698744011
862500000,ANT3,-0.0313776574331,0.175105237606,0.996389377643,0.00304513776417
862500000,ANT4,0.0959191289239,14.891927451,0.977143627873,0.259850402602
862500000,ANT5,0.0850298018414,15.1344588569,0.974812068665,0.263653538967
862500000,ANT6,-0.0793876034104,0.501785117509,0.99086380533,0.00867801131645
862500000,ANT7,-0.125955980014,5.67734563835,0.980768799356,0.0975021031561
862500000,ANT8,0.0474632960079,-20.6647925668,0.940787893527,-0.354833629985
875000000,ANT1,-0.252809986767,-22.447108097,0.897719571971,-0.370877088144
875000000,ANT2,-0.168475101232,7.4357850226,0.972542556664,0.126928938107
875000000,ANT3,0.0185328293024,0.479119703963,1.00210091091,0.00837997994582
875000000,ANT4,0.474153549599,14.6272711995,1.0218770301,0.266698479613
875000000,ANT5,0.293911598909,14.4858420567,1.00153218617,0.258749817867
875000000,ANT6,-0.0327214221401,0.355115487751,0.996220759114,0.00617459006323
875000000,ANT7,-0.0892198032645,6.6455321182,0.983130540367,0.114543896341
875000000,ANT8,-0.243371664407,-21.5815574917,0.904201653507,-0.357662132249
887500000,ANT1,-0.417718624356,-21.7713377548,0.885067066143,-0.353488086922
887500000,ANT2,0.00553211985669,4.28798137884,0.99783616779,0.0748171876828
887500000,ANT3,0.0771738655381,-0.650734033673,1.00885948737,-0.0114585653309
887500000,ANT4,0.275443793393,18.7755317233,0.977292088803,0.332231710497
887500000,ANT5,0.404141601061,12.6447190772,1.02221900458,0.229330865345
887500000,ANT6,-0.0631320180465,1.76676245463,0.992286064793,0.0306076580923
887500000,ANT7,0.0352103821263,6.03557445866,0.998496259121,0.105573033103
887500000,ANT8,-0.316651119572,-21.0884973042,0.899624122101,-0.346928574181
900000000,ANT1,-0.446046267982,-21.0448049532,0.886581991753,-0.341122640638
900000000,ANT2,-0.00401308393536,3.49549872073,0.997678534153,0.0609419606219
900000000,ANT3,-0.0851161309095,3.86698123658,0.987994011116,0.0667826834639
900000000,ANT4,0.401285173453,15.0061383774,1.01156912861,0.271165289717
900000000,ANT5,0.420469195709,15.7450915819,1.01021657701,0.284817116294
900000000,ANT6,0.112763877843,-0.965931521398,1.01292309755,-0.0170781698227
900000000,ANT7,0.0439467718745,4.25353933715,1.00230401422,0.074546312194
900000000,ANT8,-0.443289536053,-20.3565127792,0.890898525223,-0.330552699371
912500000,ANT1,-0.462307443098,-21.7716845869,0.880533107426,-0.351683443688
912500000,ANT2,0.144889652886,4.29704044246,1.01396266466,0.0761875645739
912500000,ANT3,0.140781832539,2.22752453459,1.01557218391,0.0395029515391
912500000,ANT4,0.302593129529,13.63466165,1.00627075372,0.244086992899
912500000,ANT5,0.303238932546,14.1135003583,1.00427039073,0.252506863052
912500000,ANT6,-0.0959143631779,-1.6947007854,0.988585599086,-0.0292490222935
912500000,ANT7,0.017782108784,8.62243582053,0.990723926182,0.15022975003
912500000,ANT8,-0.351063850008,-19.4287774336,0.905699556922,-0.319458563587
925000000,ANT1,-0.447031826902,-21.3551098236,0.884621151578,-0.345879954012
925000000,ANT2,-0.100426386201,6.8645858995,0.981418382293,0.118149229116
925000000,ANT3,0.115286461258,0.440853591118,1.01333132271,0.00779707637357
925000000,ANT4,0.628309026977,12.4374616535,1.04978843383,0.231530622353
925000000,ANT5,0.333594110762,12.7727780275,1.01343913402,0.229741424953
925000000,ANT6,-0.123070675715,1.84342693041,0.985420620154,0.0317157387459
925000000,ANT7,-0.00768464692067,6.70383099679,0.992284556232,0.116633908804
925000000,ANT8,-0.398976063258,-19.7078272753,0.899159394567,-0.322084263507
937500000,ANT1,-0.403349756179,-21.143331084,0.890360014812,-0.344335173398
937500000,ANT2,0.188814934167,3.66031273581,1.01989136615,0.0652440418666
937500000,ANT3,0.18817005733,-0.885599098846,1.02177817686,-0.01579449496
937500000,ANT4,0.297665026327,13.1651822014,1.00766511008,0.235699779963
937500000,ANT5,0.307975664976,16.5275974133,0.993284662264,0.294744805498
937500000,ANT6,-0.118921500073,2.12404627536,0.985724226237,0.0365591244947
937500000,ANT7,-0.0376725755769,5.1825185818,0.991601873724,0.0899377966188
937500000,ANT8,-0.422681850971,-18.6307270248,0.902588270289,-0.30429347863
950000000,ANT1,-0.186884049996,-22.7124747606,0.902818682428,-0.377888219242
950000000,ANT2,-0.32836101453,4.7005274165,0.959663098502,0.0789075623465
950000000,ANT3,0.123678987816,3.34805941664,1.01260963174,0.0592389412261
950000000,ANT4,0.308836693788,11.4311166711,1.01564150986,0.20536332261
950000000,ANT5,-0.110367480335,13.048532164,0.961879050029,0.222925626863
950000000,ANT6,0.413831691248,3.14893500628,1.04721379821,0.0576121382701
950000000,ANT7,0.132859354538,5.82879597005,1.01016368346,0.103121642205
950000000,ANT8,-0.353594182529,-18.7934918839,0.90892109094,-0.30930677577
962500000,ANT1,-0.00534610038117,-21.4484742445,0.930174092642,-0.365439365182
962500000,ANT2,0.115646245413,9.43134057765,0.999704794188,0.166061927995
962500000,ANT3,-0.0305249149663,0.543097254668,0.996447091031,0.00944544070107
962500000,ANT4,0.138411527364,12.5622228885,0.991738699165,0.220993405515
962500000,ANT5,0.120940554519,14.3824809502,0.982240904245,0.251876490477
962500000,ANT6,-0.221694865683,-1.05374009714,0.974634555685,-0.0179267535418
962500000,ANT7,-0.0946426164671,5.09066791289,0.985261291024,0.0877704767072
962500000,ANT8,-0.0227898297988,-19.5075952422,0.940127310281,-0.333056800828
975000000,ANT1,-0.0396463954159,-22.8039349685,0.917638437921,-0.385813840374
975000000,ANT2,-0.380626097801,5.19896444875,0.953187499546,0.0867294876284
975000000,ANT3,0.0128187079113,0.928041057795,1.00134552953,0.0162205846359
975000000,ANT4,0.153120843731,15.7048930348,0.979789686799,0.275496747108
975000000,ANT5,0.151348806578,15.7775609336,0.979239689649,0.276682733951
975000000,ANT6,0.219033202463,-1.13007468498,1.02533830114,-0.0202259074495
975000000,ANT7,-0.321785492437,6.28863725648,0.957832458838,0.105553422162
975000000,ANT8,0.205736424972,-19.9640870779,0.962435467865,-0.349614849521
987500000,ANT1,-0.0338066624853,-27.6953389433,0.881991916529,-0.462964584445
987500000,ANT2,-0.0353397741231,6.64864362417,0.989241757542,0.115310361632
987500000,ANT3,-0.00207119165226,-1.89361256674,0.999215609808,-0.0330358792309
987500000,ANT4,0.173151046592,18.2978850553,0.968553769062,0.320278871661
987500000,ANT5,0.237536794458,18.3083026588,0.975701344156,0.322839227363
987500000,ANT6,-0.143313597693,1.13297394285,0.983443482539,0.0194492700438
987500000,ANT7,-0.158131290735,9.30371235577,0.969041748175,0.158751143277
987500000,ANT8,-0.0380253243622,-24.1025661268,0.908828472479,-0.406587471801
1000000000,ANT1,-0.309085722242,-28.2251773659,0.850293390117,-0.456404495895
1000000000,ANT2,0.0579033268064,7.28081411384,0.998571641069,0.127580126157
1000000000,ANT3,-0.0610173198539,1.30389382994,0.992742616018,0.022595983291
1000000000,ANT4,0.430175602883,16.8849704982,1.00547368379,0.305198188713
1000000000,ANT5,0.435036364796,17.5981922573,1.00215742015,0.317868259027
1000000000,ANT6,-0.119172294489,0.906051402009,0.986250147457,0.0155974459313
1000000000,ANT7,0.0530144341742,8.1616325275,0.995931687167,0.142835250891
1000000000,ANT8,-0.486854392073,-23.9103772629,0.864349257321,-0.383214174208
1012500000,ANT1,-0.683732866475,-25.3114419866,0.835565377569,-0.395174110822
1012500000,ANT2,-0.0321610962361,9.09801671223,0.983769940507,0.157539487882
1012500000,ANT3,0.0625530999417,0.778486701945,1.00713471519,0.0136849387607
1012500000,ANT4,0.577260772753,15.969239052,1.0274754802,0.29402695721
1012500000,ANT5,0.483022136046,14.9188610747,1.0215490236,0.272173299771
1012500000,ANT6,0.134134449546,0.429256832089,1.01553415415,0.00760846843909
1012500000,ANT7,0.108682641076,7.01477695764,1.00501159992,0.123663023123
1012500000,ANT8,-0.649759136652,-22.897195344,0.854807002979,-0.361035306583
1025000000,ANT1,-0.577859990787,-24.9576170148,0.848266609549,-0.394789555986
1025000000,ANT2,0.0878158478834,5.91005373475,1.00479220779,0.104013371645
1025000000,ANT3,0.166549929508,1.42136428213,1.01904613907,0.0252851605711
1025000000,ANT4,-0.0457825644205,15.5415054172,0.958371781023,0.26652781206
1025000000,ANT5,0.472908717819,15.9441207048,1.01533253464,0.290070567733
1025000000,ANT6,0.218193373823,1.28668556402,1.02518005762,0.0230262364894
1025000000,ANT7,0.157294352033,7.20050877587,1.01024361792,0.127632562283
1025000000,ANT8,-0.479119665859,-22.346621464,0.87526407048,-0.359804231874
1037500000,ANT1,-0.805762167474,-24.8248037779,0.827188282163,-0.382649283898
1037500000,ANT2,0.0835872708605,6.78503573043,1.00259846853,0.119287059861
1037500000,ANT3,0.0540709136269,0.22972900732,1.00623647212,0.00403455449224
1037500000,ANT4,0.546764107281,15.6116138533,1.02568312969,0.286600001461
1037500000,ANT5,0.486022899145,15.4165989852,1.01949824353,0.281134391771
1037500000,ANT6,-0.0305024787224,2.21923812964,0.9957470312,0.0385875808434
1037500000,ANT7,0.17377881222,6.84679458163,1.01293286372,0.121624058255
1037500000,ANT8,-0.507959356937,-22.2842065096,0.872752891884,-0.357661039952
1050000000,ANT1,-0.693916821014,-24.0664631741,0.84296525224,-0.376484593685
1050000000,ANT2,0.0225184065846,6.1418340781,0.996841081885,0.107267785739
1050000000,ANT3,0.224280832661,0.832595184239,1.02604919992,0.0149111115455
1050000000,ANT4,0.601145954588,15.2855729709,1.03374943365,0.282522084727
1050000000,ANT5,0.557238023773,14.5929453764,1.03185977584,0.268643674181
1050000000,ANT6,-0.128477487081,0.665846752064,0.985250805644,0.0114503300029
1050000000,ANT7,0.110324719859,6.83219433921,1.00559065962,0.120482537729
1050000000,ANT8,-0.693113629371,-20.2845255268,0.866042292708,-0.32009289144
1062500000,ANT1,-0.585208589742,-19.8612840133,0.879238390337,-0.31760804433
1062500000,ANT2,0.0772637186111,7.07970508788,1.00124252863,0.124351209994
1062500000,ANT3,0.167370390613,0.698936398649,1.01938022679,0.0124357726527
1062500000,ANT4,0.430037779991,11.628167013,1.02919060265,0.211789820178
1062500000,ANT5,0.55075219105,12.1377401959,1.04164269188,0.22402659931
1062500000,ANT6,-0.0869536091498,0.566259941249,0.989990687125,0.00978449592404
1062500000,ANT7,0.126538468361,6.85247113362,1.00742674428,0.121064182424
1062500000,ANT8,-0.679800349734,-19.101995757,0.873802078079,-0.302615185596
1075000000,ANT1,-0.47483639714,-21.0636825174,0.88353613658,-0.340284954178
1075000000,ANT2,0.15289261884,3.04711514344,1.01631930194,0.0541011033467
1075000000,ANT3,0.230777994027,-0.431369216372,1.02689630464,-0.00773145644998
1075000000,ANT4,0.406118426684,15.8377012792,1.00808796222,0.285976721801
1075000000,ANT5,0.117098161365,14.6209695639,0.980750032491,0.25584958189
1075000000,ANT6,-0.00234232624289,-0.18415940386,0.999725201978,-0.00321331575899
1075000000,ANT7,-0.0390804685526,8.81825317391,0.983743459026,0.152612459243
1075000000,ANT8,-0.390628008981,-20.6448280229,0.894631531238,-0.337068968512
1087500000,ANT1,0.0423872933569,-22.2154617484,0.930297395826,-0.379940225266
1087500000,ANT2,-0.365704991061,6.36361565261,0.952863231886,0.106268073312
1087500000,ANT3,0.0547011764829,-0.624881009138,1.00625772985,-0.0109749144339
1087500000,ANT4,-0.182303383709,15.3909936813,0.944112269,0.259892187438
1087500000,ANT5,0.250038394133,16.0939806602,0.988868762249,0.28530976268
1087500000,ANT6,0.459000680489,-1.48304550463,1.05391244498,-0.0272855920933
1087500000,ANT7,-0.103852518595,7.55107561135,0.979545910646,0.129848108887
1087500000,ANT8,-0.154266651097,-21.0762773434,0.916676343818,-0.353279982071
1100000000,ANT1,0.192140020742,-25.1314644983,0.925585733041,-0.434196028423
1100000000,ANT2,-0.21834492416,7.36422128551,0.96713160164,0.124994395148
1100000000,ANT3,-0.00380949266518,-0.87603917418,0.999444677141,-0.0152824681233
1100000000,ANT4,-0.0342039587963,18.072650583,0.946927685145,0.309003461182
1100000000,ANT5,-0.103088546897,18.0279055837,0.939686773507,0.305828807641
1100000000,ANT6,0.217507976877,-0.617006353912,1.02529825084,-0.0110416508176
1100000000,ANT7,-0.191119104615,6.87996504025,0.971192908886,0.117182694183
1100000000,ANT8,0.140918029514,-23.720232466,0.930494952947,-0.408850682675
1112500000,ANT1,-0.0116328533917,-28.4932734103,0.877696854712,-0.476417098662
1112500000,ANT2,-0.0466132896808,8.16965231014,0.984553774695,0.141344092211
1112500000,ANT3,-0.0883881641433,0.581521810072,0.98982455353,0.0100465398395
1112500000,ANT4,0.266223171297,18.591105549,0.977318389901,0.328735085654
1112500000,ANT5,0.211886912205,19.1720809728,0.967861231997,0.336516219507
1112500000,ANT6,-0.179281143552,0.610117025592,0.979515515675,0.0104308151034
1112500000,ANT7,-0.103863106443,8.08716943402,0.9782869214,0.139007343437
1112500000,ANT8,-0.0483315262913,-26.7183736913,0.888270807435,-0.447110638288
1125000000,ANT1,-0.368873482741,-28.4581674542,0.842610456603,-0.456703899989
1125000000,ANT2,0.0533494960881,8.61605070791,0.994805910644,0.150735317604
1125000000,ANT3,-0.0564524441608,1.33046121063,0.993253899975,0.0230684243903
1125000000,ANT4,0.501459047505,18.6734672096,1.00366175601,0.339202812993
1125000000,ANT5,0.452191689982,18.2978222554,1.00017483922,0.330734029761
1125000000,ANT6,-0.17842261422,0.746791770348,0.979584666104,0.0127686053342
1125000000,ANT7,0.0680904447683,8.48994798415,0.996825547795,0.148797790994
1125000000,ANT8,-0.471342137221,-27.6963736839,0.838655721248,-0.440236389349
1137500000,ANT1,-0.79134067808,-27.4337780398,0.810257056742,-0.420603574454
1137500000,ANT2,0.0460553050558,5.96390563415,0.999875167698,0.104454311759
1137500000,ANT3,-0.104818054365,2.17270661402,0.987294610129,0.0374570405256
1137500000,ANT4,1.23993755877,17.2129558248,1.10178386335,0.341332107772
1137500000,ANT5,0.367389650586,18.2647922942,0.99064609528,0.326949685487
1137500000,ANT6,-0.190923555528,1.56540922199,0.977893836477,0.0267242204342
1137500000,ANT7,0.178804904452,8.14866945383,1.01049263997,0.144690246941
1137500000,ANT8,-0.745105130894,-25.8946610032,0.825645190183,-0.400816691593
1150000000,ANT1,-0.836159281968,-27.1581341634,0.808090681724,-0.414556052466
1150000000,ANT2,0.121155127641,6.27335842012,1.00797399573,0.110806985809
1150000000,ANT3,0.108289097038,2.22878708619,1.01177929573,0.0393777476691
1150000000,ANT4,0.579806537337,17.524222537,1.01941705649,0.321894842648
1150000000,ANT5,0.638503176035,17.3069702732,1.02755074596,0.320183555729
1150000000,ANT6,-0.0124577570078,1.19501811286,0.998349588141,0.0208255979488
1150000000,ANT7,0.0933401861395,7.88344340054,1.00125116418,0.138640192363
1150000000,ANT8,-0.692477085215,-25.2536656666,0.835122287337,-0.393934557105
1162500000,ANT1,-1.11996057874,-27.1815040348,0.781950234188,-0.401548789147
1162500000,ANT2,0.112885420847,7.84596659193,1.00359741801,0.138296098594
1162500000,ANT3,0.116477090478,1.90835253378,1.01293812123,0.0337504468324
1162500000,ANT4,0.794045569424,16.5620813937,1.05026665337,0.312341393827
1162500000,ANT5,0.632205293615,17.0325871441,1.02832640146,0.315030574397
1162500000,ANT6,0.156957621636,1.64465307244,1.01781521101,0.029224016735
1162500000,ANT7,0.186219589815,8.00867921155,1.01170641562,0.142342348602
1162500000,ANT8,-0.878830007076,-25.8208159127,0.813539219951,-0.39364492447
1175000000,ANT1,-1.00800328714,-23.9140450702,0.81399079068,-0.360949812928
1175000000,ANT2,0.100670607743,6.69282266942,1.00476337145,0.117904969144
1175000000,ANT3,0.258768077686,1.10338590593,1.03004895951,0.0198388438726
1175000000,ANT4,0.660568519694,14.3414108954,1.04539188247,0.267271852444
1175000000,ANT5,0.701092916816,18.1710014274,1.03000108203,0.338069564036
1175000000,ANT6,0.106990883051,0.588261236651,1.01234059753,0.0103941627642
1175000000,ANT7,0.183131717759,8.2119938991,1.0108355233,0.145879625874
1175000000,ANT8,-1.00321943561,-25.1948309637,0.806163330361,-0.37926283794
1187500000,ANT1,-1.01580253778,-23.9457045929,0.813060825943,-0.361075176006
1187500000,ANT2,0.151993815891,6.51237914786,1.01108640443,0.115420037966
1187500000,ANT3,0.296274707503,1.10014901954,1.03450756557,0.0198662516393
1187500000,ANT4,0.585930292218,14.4501997803,1.03594226888,0.266952462023
1187500000,ANT5,0.59066659647,15.6680039262,1.03059653078,0.289066722243
1187500000,ANT6,0.217575689496,1.49398675372,1.02501714157,0.0267333684873
1187500000,ANT7,0.28273839947,6.85283497488,1.02570657884,0.12326750872
1187500000,ANT8,-1.10937696327,-22.1318490096,0.815252033582,-0.331567536744
1200000000,ANT1,-0.67837505335,-22.3279352394,0.855528594895,-0.35136523154
1200000000,ANT2,-0.0147433363392,5.67620220988,0.993409102681,0.0987387047209
1200000000,ANT3,0.332372712021,0.57459805582,1.03895514002,0.0104196438708
1200000000,ANT4,0.351275880821,13.9442292448,1.01058557234,0.25092269814
1200000000,ANT5,0.284031325071,15.199014198,0.997099119858,0.27088741316
1200000000,ANT6,0.221045782718,0.158400473426,1.02577150233,0.00283586517078
1200000000,ANT7,0.149419506407,6.59917795352,1.01061082404,0.116916968161
1200000000,ANT8,-0.64502681735,-19.8236868961,0.873410823409,-0.314855188267
1212500000,ANT1,-0.267242442196,-20.9383884333,0.905667107272,-0.346536100915
1212500000,ANT2,-0.0672929308402,6.30483973394,0.986280908988,0.108970752724
1212500000,ANT3,0.266588983756,-0.304459568328,1.03115349386,-0.00547941759833
1212500000,ANT4,0.0704136295286,14.3378050296,0.97673863339,0.249654018183
1212500000,ANT5,-0.042349061421,15.0436126283,0.961031476022,0.258291810639
1212500000,ANT6,0.27738841024,-0.32787753629,1.03243402663,-0.00590821214226
1212500000,ANT7,0.0414014226176,6.2251636804,0.998853155636,0.10895406094
1212500000,ANT8,-0.278908011684,-20.3406955343,0.908012404494,-0.336617364479
1225000000,ANT1,0.179996570889,-23.8237624241,0.933947133995,-0.412382537579
1225000000,ANT2,-0.122911985928,6.78789742269,0.979037873887,0.116533461273
1225000000,ANT3,0.231008655239,-0.741287401134,1.02686673107,-0.0132862464244
1225000000,ANT4,-0.118016412897,16.9443033842,0.943679111386,0.287508870167
1225000000,ANT5,-0.207123424893,17.3281320121,0.932120232609,0.290825265736
1225000000,ANT6,-0.0409251571984,-0.971776719176,0.995156246523,-0.0168801685229
1225000000,ANT7,-0.169387671555,6.76565958091,0.973858229808,0.115533620997
1225000000,ANT8,0.247359426343,-22.2891658555,0.952010697853,-0.390237761401
1237500000,ANT1,0.375282143528,-28.0289162077,0.921684793883,-0.490665324106
1237500000,ANT2,-0.187226166261,9.68079484167,0.964738998542,0.164573053662
1237500000,ANT3,0.0317594700801,-1.38775170877,1.00336875251,-0.0243071839689
1237500000,ANT4,-0.143548976341,19.3610765356,0.927984156286,0.326086378003
1237500000,ANT5,-0.148089763953,19.633503549,0.925939027084,0.330322276306
1237500000,ANT6,-0.0414301656436,-1.15562595707,0.99503910429,-0.0200721411048
1237500000,ANT7,-0.225447904088,8.556172331,0.963533937311,0.144966993807
1237500000,ANT8,0.338701362679,-26.6592533837,0.92922804192,-0.466525318595
1250000000,ANT1,0.0219952131588,-31.4301661937,0.855439851199,-0.522781113529
1250000000,ANT2,-0.0367022619515,9.63928031311,0.981724416429,0.166738632143
1250000000,ANT3,-0.124766478314,0.153922777545,0.98573484523,0.00264814287543
1250000000,ANT4,0.222610586841,20.1693719459,0.963045761317,0.353747466639
1250000000,ANT5,0.235093873826,21.2716064821,0.957437754766,0.372742895704
1250000000,ANT6,-0.0996504981626,-0.79838455633,0.988496897452,-0.0137750414936
1250000000,ANT7,-0.150889569673,10.6223873221,0.96593673733,0.181160816887
1250000000,ANT8,-0.0676908657251,-29.6280180906,0.862505348466,-0.490529270585
1262500000,ANT1,-0.502366353924,-32.6917976478,0.794293987297,-0.509767116896
1262500000,ANT2,0.154757524941,11.0334203235,0.999160220782,0.194821966615
1262500000,ANT3,-0.0658220849926,0.426989088043,0.992423034315,0.00739603605934
1262500000,ANT4,0.520459049947,20.8285765003,0.992364551118,0.377530402887
1262500000,ANT5,0.546392484359,21.3975911389,0.991522323735,0.388525262061
1262500000,ANT6,-0.205288379098,0.138386661332,0.976639565244,0.00235888494272
1262500000,ANT7,0.0602135456429,9.70925461684,0.992533024002,0.169821782942
1262500000,ANT8,-0.508345786875,-30.8424206811,0.809773870611,-0.483535060332
1275000000,ANT1,-0.883042072588,-31.3186409281,0.771708169658,-0.469549876695
1275000000,ANT2,0.155635430919,7.82417771127,1.00860185484,0.138594890053
1275000000,ANT3,0.124001854043,2.04630458584,1.01373175994,0.0362205805487
1275000000,ANT4,0.723145018529,19.011841701,1.02753446958,0.354046054394
1275000000,ANT5,0.712485289524,19.9921587202,1.02007407268,0.371118509798
1275000000,ANT6,-0.01328034445,1.90940082744,0.997917822925,0.0332682585124
1275000000,ANT7,0.180470888461,10.0327246357,1.00538220188,0.177868147912
1275000000,ANT8,-0.999416064436,-29.4979672534,0.775773052386,-0.438874942779
1287500000,ANT1,-1.1661731295,-27.9093981326,0.77266408516,-0.409266857326
1287500000,ANT2,0.195160052698,9.00601692415,1.01011472878,0.160095196144
1287500000,ANT3,0.205224118521,1.36603202909,1.02361763974,0.0244094678079
1287500000,ANT4,0.832081499378,19.3496031006,1.03837120213,0.364641931541
1287500000,ANT5,0.742527603219,17.5240293743,1.0386958857,0.32797854505
1287500000,ANT6,0.0674881669623,1.49347490413,1.007457776,0.0262663982441
1287500000,ANT7,0.272082617457,8.32174104368,1.02095635167,0.149337095699
1287500000,ANT8,-1.14839092874,-29.1514992433,0.765175732597,-0.42679263058
1300000000,ANT1,-1.3148797419,-26.5307418199,0.769008144321,-0.383928630974
1300000000,ANT2,0.122727510726,6.94234541954,1.00679377301,0.122590485936
1300000000,ANT3,0.286412960697,2.28464991231,1.03270265801,0.0412005091306
1300000000,ANT4,0.754833749881,17.5944264421,1.03976421974,0.329721319465
1300000000,ANT5,0.809916339385,16.1918717911,1.05418731247,0.306107558745
1300000000,ANT6,0.232506452292,1.34307492941,1.02684760075,0.0240748261064
1300000000,ANT7,0.413412410297,7.45897771252,1.03987230067,0.136144430971
1300000000,ANT8,-1.30492968137,-25.2846043871,0.77806655153,-0.367534621531
1312500000,ANT1,-1.25624242928,-24.6062575059,0.786761019742,-0.360311260089
1312500000,ANT2,0.372708956561,6.08298250287,1.03796623472,0.110614791733
1312500000,ANT3,0.377867149423,1.42225310173,1.04414194303,0.0259240597073
1312500000,ANT4,0.66424444297,16.6152672643,1.03440217533,0.308668831983
1312500000,ANT5,0.63822404593,15.5216685137,1.03699374356,0.288006200841
1312500000,ANT6,0.013390044869,0.689321194411,1.00147029239,0.0120491947746
1312500000,ANT7,0.355032817848,7.2703649241,1.03334612352,0.13183147912
1312500000,ANT8,-1.16522502832,-22.9955999953,0.804968686703,-0.34161598234
1325000000,ANT1,-0.955549435187,-21.4504026591,0.833773964376,-0.327598847363
1325000000,ANT2,-0.109853271672,4.95212119726,0.983746410239,0.0852383662177
1325000000,ANT3,0.452277571642,0.794261216175,1.05334866326,0.0146029531851
1325000000,ANT4,0.46570863423,14.9545760604,1.0193452898,0.272266775363
1325000000,ANT5,0.437752038626,14.2958654845,1.01912256246,0.259692766313
1325000000,ANT6,0.379670338679,1.26566764074,1.04442569242,0.0230751875777
1325000000,ANT7,0.258574031086,6.35865155151,1.02387918716,0.11409831655
1325000000,ANT8,-0.928579907404,-21.1707404915,0.837960862236,-0.32453139026
1337500000,ANT1,-0.498810762772,-21.5483116232,0.878198997905,-0.346787463223
1337500000,ANT2,-0.0259193039446,6.10977541223,0.991357102235,0.106116584628
1337500000,ANT3,0.483738964096,-0.380084699141,1.05724926592,-0.00701360845842
1337500000,ANT4,0.0600660654591,15.5582471908,0.970043338132,0.270079121288
1337500000,ANT5,0.050785864676,14.5952507154,0.973404893775,0.253466824162
1337500000,ANT6,0.31131241915,0.0160455865937,1.03649116354,0.000290267612976
1337500000,ANT7,0.131386301649,6.48852645073,1.00873826629,0.114726589352
1337500000,ANT8,-0.512559548313,-20.8394490335,0.881026457765,-0.335364869029
1350000000,ANT1,-0.0507290144785,-21.0751442737,0.927675774652,-0.357498007573
1350000000,ANT2,-0.395353312262,5.53290368332,0.951051915965,0.0921271459785
1350000000,ANT3,0.50363058924,-0.872880620088,1.05957359967,-0.0161434721445
1350000000,ANT4,0.0904880317344,15.976901933,0.971440496315,0.278132304443
1350000000,ANT5,-0.169381331454,15.2332042539,0.946231084002,0.257674230443
1350000000,ANT6,0.425913935863,-0.983860193375,1.05010243317,-0.0180337112141
1350000000,ANT7,-0.266616270813,7.25467584449,0.962007627076,0.122462607472
1350000000,ANT8,-0.137952627829,-21.0658006275,0.918464387248,-0.353776205372
1362500000,ANT1,0.450149255173,-24.2617777606,0.960171355041,-0.432763104008
1362500000,ANT2,-0.532548072357,7.16421633875,0.933186957787,0.117296858667
1362500000,ANT3,0.382051094864,-1.26892841853,1.0447106879,-0.0231409691207
1362500000,ANT4,-0.29978264622,16.7258490434,0.925203078989,0.278029264094
1362500000,ANT5,-0.417334224909,17.0510140989,0.911194723402,0.27946755324
1362500000,ANT6,0.316864637823,-0.0887426403533,1.03715272076,-0.00160639658402
1362500000,ANT7,-0.282661875908,7.19831872243,0.960351902488,0.121292028901
1362500000,ANT8,0.383261831534,-22.519949384,0.965418844731,-0.400283450392
1375000000,ANT1,0.641501700261,-27.6860352489,0.953382185425,-0.500240457311
1375000000,ANT2,-0.325006663991,6.96558814162,0.956163858299,0.116819272417
1375000000,ANT3,0.171890276422,-1.17662741424,1.01977164061,-0.0209449977515
1375000000,ANT4,-0.517572373618,20.0892920265,0.884830852428,0.323614612109
1375000000,ANT5,-0.390726573903,20.4800144595,0.895587257827,0.334490339018
1375000000,ANT6,0.141996853024,-0.763522503338,1.0163920984,-0.0135452242025
1375000000,ANT7,-0.311799165871,8.78007389521,0.953434184462,0.14725990007
1375000000,ANT8,0.589715947676,-26.6887833564,0.956226086295,-0.480697090669
1387500000,ANT1,0.452664413628,-32.3072628339,0.890409270827,-0.56305136316
1387500000,ANT2,-0.223294596358,8.94742937933,0.9627601871,0.151580843274
1387500000,ANT3,-0.0747066607577,-1.3306064985,0.991168616729,-0.0230225081851
1387500000,ANT4,-0.239037786201,22.5574822523,0.898426853643,0.373197025145
1387500000,ANT5,-0.0335911410259,23.7041042498,0.912099585099,0.400461653853
1387500000,ANT6,-0.0671643392618,-1.14272688408,0.992099889223,-0.0197894080241
1387500000,ANT7,-0.308169781459,10.4606043694,0.949101964318,0.17523073397
1387500000,ANT8,0.493299891435,-30.8890240343,0.908311715369,-0.543377046589
1400000000,ANT1,-0.259160853834,-35.4578612177,0.790597876877,-0.563051155406
1400000000,ANT2,0.0103120568508,10.1225005427,0.985603669539,0.175962117063
1400000000,ANT3,-0.191948699573,-0.0903254035752,0.97814226592,-0.0015420187816
1400000000,ANT4,0.447956896019,24.9347210412,0.954781389158,0.443898225268
1400000000,ANT5,0.3841966538,23.4716860372,0.958740058361,0.416308806202
1400000000,ANT6,-0.189999155913,0.883410128319,0.978246760248,0.0150842102278
1400000000,ANT7,0.0255295517243,11.4182230446,0.983093524222,0.198551834122
1400000000,ANT8,-0.226886449074,-35.2823541727,0.795268407769,-0.562713789037
1412500000,ANT1,-0.962961532864,-34.1253641778,0.740941081935,-0.502133332916
1412500000,ANT2,0.159441791844,9.60025082022,1.00426178633,0.16986268902
1412500000,ANT3,0.0647016030158,1.35915700084,1.00719340903,0.0238968876767
1412500000,ANT4,0.771847962281,21.9695553071,1.01356457489,0.408880322139
1412500000,ANT5,0.729663829355,21.5257652022,1.01177539403,0.399074600314
1412500000,ANT6,-0.0322787581252,2.06629785191,0.995642854389,0.0359221407292
1412500000,ANT7,0.240421651562,11.3453904734,1.0079768852,0.202244204646
1412500000,ANT8,-0.970836547069,-33.7410524779,0.743617947787,-0.496701672872
1425000000,ANT1,-1.45977036668,-31.4300416499,0.721276489335,-0.440788307489
1425000000,ANT2,0.295372822737,8.97171298757,1.02193311752,0.161341158897
1425000000,ANT3,0.257822747851,1.99262949065,1.02950496078,0.0358185093577
1425000000,ANT4,0.761720503318,18.7065215379,1.03398846012,0.350116964618
1425000000,ANT5,0.853956342275,19.3566252149,1.04094475689,0.365688995565
1425000000,ANT6,0.176651885503,2.37303543379,1.01967082944,0.0422561585794
1425000000,ANT7,0.45434360805,9.84761095885,1.0381753892,0.180212584648
1425000000,ANT8,-1.34009754306,-29.8180939737,0.743564939891,-0.426155548173
1437500000,ANT1,-1.2975234094,-26.8832172103,0.768165165558,-0.389429553241
1437500000,ANT2,0.317052744376,6.65724180066,1.03018320298,0.120239375483
1437500000,ANT3,0.400242662857,1.61494812745,1.0467418679,0.0295114515709
1437500000,ANT4,0.637557072193,17.4244656238,1.02678014427,0.322254956242
1437500000,ANT5,0.684355525994,17.0953362134,1.03417135032,0.318060505055
1437500000,ANT6,0.140065184422,1.23109687144,1.0160217369,0.0218343082162
1437500000,ANT7,0.414272105681,8.3784969051,1.03765624868,0.152829841676
1437500000,ANT8,-1.29602188612,-25.5183683316,0.777357365293,-0.37108639853
1450000000,ANT1,-1.12087452623,-23.3487468344,0.806957691056,-0.348345077693
1450000000,ANT2,0.160736151049,7.24804440251,1.01053772751,0.128521586923
1450000000,ANT3,0.426697824806,0.98262784492,1.05019759534,0.0180127505931
1450000000,ANT4,0.527115487716,15.3791519406,1.02451726996,0.281798040371
1450000000,ANT5,0.376478879817,15.7316900036,1.00517945143,0.283143180626
1450000000,ANT6,0.364826948243,0.662239276193,1.04282716886,0.0120537999524
1450000000,ANT7,0.323829190452,7.13014353487,1.02995893263,0.128838474928
1450000000,ANT8,-1.05880995585,-23.7851501682,0.810048607902,-0.357023246691
1462500000,ANT1,-0.655898521362,-22.6722508376,0.855612863703,-0.357423816838
1462500000,ANT2,0.00811809970512,6.48182764443,0.994536800523,0.112993637434
1462500000,ANT3,0.443899462264,-0.380679547754,1.05241102055,-0.00699243906009
1462500000,ANT4,0.190963690647,15.2990165576,0.9860031657,0.269721751943
1462500000,ANT5,0.0404332935088,15.5556577338,0.967865396626,0.26942560715
1462500000,ANT6,0.402147927062,0.763461253599,1.04729454152,0.0139559342021
1462500000,ANT7,0.191433049601,7.29850054012,1.01400142496,0.12986960603
1462500000,ANT8,-0.621097001427,-22.3455333442,0.86108024304,-0.353954416792
1475000000,ANT1,-0.141606023273,-22.6960316655,0.907646184496,-0.379602761543
1475000000,ANT2,-0.176232994981,5.51985230206,0.975370940336,0.0942586386099
1475000000,ANT3,0.457924344475,-0.730538988004,1.05404927664,-0.013440184056
1475000000,ANT4,-0.160303100066,16.0000428192,0.943683559399,0.270597669511
1475000000,ANT5,-0.262695961515,16.8570165939,0.928520270204,0.281345323029
1475000000,ANT6,0.425087654987,0.328698040243,1.05014008441,0.00602457593746
1475000000,ANT7,0.0358653423982,6.55168479307,0.997579999214,0.11457154651
1475000000,ANT8,-0.178039262025,-21.8307238949,0.909452658032,-0.36432092864
1487500000,ANT1,0.22850465061,-24.1413491085,0.936864513147,-0.419891414107
1487500000,ANT2,-0.276072292475,6.58435942474,0.962326256122,0.111078743003
1487500000,ANT3,0.452092289837,-0.785002271917,1.05332854017,-0.0144324249722
1487500000,ANT4,-0.410243603566,17.3201673742,0.910614910695,0.28397661843
1487500000,ANT5,-0.492943880883,18.2483694449,0.897310851161,0.295860431534
1487500000,ANT6,0.396025754356,-0.539286770117,1.04660317993,-0.00985126516388
1487500000,ANT7,-0.126073529438,6.96784745379,0.978310890355,0.119564238172
1487500000,ANT8,0.228710611559,-23.6551055471,0.94041646232,-0.411935408193
1500000000,ANT1,0.548731047665,-25.7327290743,0.959575135465,-0.46248760851
1500000000,ANT2,-0.372860039163,6.36577764987,0.952074621609,0.106216496095
1500000000,ANT3,0.358099101451,-0.687142040733,1.04201440353,-0.012497364372
1500000000,ANT4,-0.536730575448,18.8306673182,0.889761003848,0.303430882769
1500000000,ANT5,-0.651045996467,19.5227032751,0.874446560683,0.310047769988
1500000000,ANT6,0.358745283219,-1.01935700914,1.04200194138,-0.018540354517
1500000000,ANT7,-0.207779388803,8.40056034102,0.965886879409,0.142639417393
1500000000,ANT8,0.502840567547,-25.68048046,0.954937873875,-0.459179947541
1512500000,ANT1,0.875074768892,-27.9187142105,0.97727257206,-0.517847948801
1512500000,ANT2,-0.447196086798,7.91928789244,0.940759283776,0.130863945723
1512500000,ANT3,0.252865533295,-2.80650933894,1.02830527349,-0.0504096234888
1512500000,ANT4,-0.598168325084,22.0565618176,0.865135193473,0.350531169723
1512500000,ANT5,-0.734517498371,20.5665837099,0.860345157294,0.322809944013
1512500000,ANT6,0.281294421819,-0.234357537416,1.03290668469,-0.00422493277974
1512500000,ANT7,-0.404307153907,8.49401165802,0.944049314289,0.140988244571
1512500000,ANT8,0.774954340154,-28.076863991,0.964655752342,-0.514577727538
1525000000,ANT1,1.00294246675,-31.4409576506,0.957605962734,-0.585465181008
1525000000,ANT2,-0.483823216693,9.15237648368,0.933779334653,0.15044285206
1525000000,ANT3,0.111245553724,-2.5978460622,1.01184901355,-0.0459096777158
1525000000,ANT4,-0.600100926375,23.722107116,0.854391325141,0.37544482052
1525000000,ANT5,-0.642407047461,24.422662699,0.84560828294,0.3839882969
1525000000,ANT6,0.157236206522,-2.3375687734,1.01741999556,-0.0415320231914
1525000000,ANT7,-0.494320385197,9.94755159559,0.930476376042,0.163189993785
1525000000,ANT8,0.949227348731,-30.8683254081,0.957469851108,-0.572315214437
1537500000,ANT1,0.735110196855,-37.4819905803,0.863628324389,-0.662254133613
1537500000,ANT2,-0.365167315871,11.6156810175,0.93919337903,0.193056602904
1537500000,ANT3,-0.162336571806,-1.9423125512,0.980919977522,-0.0332656850198
1537500000,ANT4,-0.199777555325,26.4599541812,0.874890123203,0.435440896225
1537500000,ANT5,-0.212725561948,27.5716162697,0.864987096432,0.451658848202
1537500000,ANT6,-0.15142420722,-2.03580496469,0.982097456469,-0.0349100877641
1537500000,ANT7,-0.401534446663,12.602669156,0.931818936873,0.208331788345
1537500000,ANT8,0.757855461978,-36.7898125281,0.873850972071,-0.653481750911
1550000000,ANT1,-0.418050879544,-40.2466208542,0.727404487846,-0.615719712175
1550000000,ANT2,-0.00110882649966,12.236364753,0.977156822614,0.211918049897
1550000000,ANT3,-0.218001436681,1.08823887751,0.975038104252,0.0185214686457
1550000000,ANT4,0.418758577934,25.0348503474,0.950802603468,0.444070817523
1550000000,ANT5,0.799053396829,26.2577989577,0.983228225431,0.485040895393
1550000000,ANT6,-0.252221749617,1.09904283008,0.971200750158,0.0186317764318
1550000000,ANT7,0.0995242671427,13.8195545291,0.982243276001,0.241617574032
1550000000,ANT8,-0.427953349564,-39.2892294406,0.736750489845,-0.602792046688
1562500000,ANT1,-1.3230332421,-35.1248924232,0.702341699148,-0.494070008596
1562500000,ANT2,0.357557129931,10.8044244804,1.02355212658,0.195334928581
1562500000,ANT3,0.154897388028,2.23368441587,1.01721968589,0.0396765622371
1562500000,ANT4,0.760447815103,20.6738003818,1.02121030289,0.385349665184
1562500000,ANT5,0.764984481157,21.6881356139,1.01475847207,0.403578056385
1562500000,ANT6,0.0677385820514,2.17916653515,1.00710032812,0.0383221624279
1562500000,ANT7,0.488416370366,11.47654289,1.0366917955,0.210475372635
1562500000,ANT8,-1.27100852453,-33.930861894,0.71676503066,-0.482206727469
1575000000,ANT1,-1.11238478923,-28.1342675787,0.775841523505,-0.414857293566
1575000000,ANT2,0.340594148606,7.30746084264,1.03154437732,0.132280412826
1575000000,ANT3,0.253499323729,1.8410541206,1.02908375898,0.0330783739202
1575000000,ANT4,0.389582147491,17.8134478435,0.995731713475,0.319952296588
1575000000,ANT5,0.459848603529,18.6680605682,0.998896984163,0.337487462962
1575000000,ANT6,0.256196066629,1.03449676052,1.02976709474,0.0185948512809
1575000000,ANT7,0.520535601857,8.99165926062,1.04871315493,0.165943355319
1575000000,ANT8,-1.10787110261,-27.5219118174,0.780636526153,-0.406753172758
1587500000,ANT1,-0.62029715592,-25.7400301765,0.838688906401,-0.404355630866
1587500000,ANT2,0.12238895405,7.64949610482,1.00516492629,0.135001528711
1587500000,ANT3,0.410028132439,0.750049058303,1.04824836358,0.0137232204566
1587500000,ANT4,0.0671219950597,17.0252833181,0.963593313337,0.295065059881
1587500000,ANT5,0.0161406788337,17.7833629634,0.953989235723,0.305986897806
1587500000,ANT6,0.368251354555,-0.0786597615376,1.04330708934,-0.00143232781044
1587500000,ANT7,0.274119007937,7.5079811523,1.02321417467,0.134853705784
1587500000,ANT8,-0.637752966955,-24.8974826589,0.842848600446,-0.391192284958
1600000000,ANT1,-0.0515039005648,-25.1560691303,0.899801927212,-0.422572270395
1600000000,ANT2,-0.0914065277959,5.79293291201,0.984478239826,0.0998769721342
1600000000,ANT3,0.466483826208,-0.221953431735,1.05516634973,-0.00408754302437
1600000000,ANT4,-0.356016475932,17.1805672279,0.917011296817,0.283521628869
1600000000,ANT5,-0.415997688656,18.8131903459,0.902308744363,0.307402769014
1600000000,ANT6,0.396898044388,0.574538629039,1.04670203166,0.0104962514284
1600000000,ANT7,0.117075372318,7.50500918645,1.00488724644,0.132385293609
1600000000,ANT8,-0.0655326499651,-24.4882157393,0.903206328488,-0.411390511769
1612500000,ANT1,0.29400849904,-26.0830030973,0.929080166928,-0.45480996713
1612500000,ANT2,-0.0492860216231,7.23000785425,0.986435717768,0.125140722622
1612500000,ANT3,0.392384432442,-0.809854121706,1.04610634649,-0.0147873013985
1612500000,ANT4,-0.54704028047,18.9213750112,0.888224610115,0.304477511453
1612500000,ANT5,-0.610153726058,19.5910326061,0.87820094688,0.312558423929
1612500000,ANT6,0.348949024485,-0.19388146103,1.04098618203,-0.00352257520453
1612500000,ANT7,-0.0720878438184,6.91506249313,0.984520772641,0.119402723783
1612500000,ANT8,0.243225916002,-25.5707392847,0.92766973107,-0.443882494855
1625000000,ANT1,0.613701651182,-27.2423524947,0.954168483407,-0.491267932739
1625000000,ANT2,-0.34493229408,6.55536165219,0.954782938239,0.109718406435
1625000000,ANT3,0.456289425371,-1.26514231084,1.05367964162,-0.0232699755729
1625000000,ANT4,-0.68621697694,20.3031951863,0.866625778769,0.320629552641
1625000000,ANT5,-0.806200716333,21.0938176759,0.850291931489,0.327994945512
1625000000,ANT6,0.477690899804,-1.88226022792,1.05596652512,-0.0347027153705
1625000000,ANT7,-0.297438577841,8.89165785855,0.954722748491,0.149363181583
1625000000,ANT8,0.587106588836,-26.4542773395,0.957897709005,-0.476636126097
1637500000,ANT1,0.817497456028,-27.8787777213,0.971174150695,-0.513749767473
1637500000,ANT2,-0.599105637325,7.80120963789,0.924712219139,0.12668970658
1637500000,ANT3,0.470360824565,-1.99029562371,1.05500850956,-0.0366628018331
1637500000,ANT4,-0.750258705556,21.7154861332,0.852153866632,0.339380037015
1637500000,ANT5,-0.770872747267,22.5220841774,0.845283386752,0.350509610909
1637500000,ANT6,0.461973300964,-2.74172853468,1.05341923577,-0.0504469284302
1637500000,ANT7,-0.334125172548,8.04891181975,0.952783550472,0.134734525483
1637500000,ANT8,0.704530681139,-27.4768898886,0.962158457439,-0.50037484266
1650000000,ANT1,1.06946675242,-28.990725744,0.989308078709,-0.5481731028
1650000000,ANT2,-0.436432070081,7.84011673886,0.942105997812,0.129724544551
1650000000,ANT3,0.34474142521,-2.68096908877,1.03934913994,-0.0486684769021
1650000000,ANT4,-0.945446704931,23.3510098674,0.82340737226,0.355484610258
1650000000,ANT5,-1.00201982579,24.2312343214,0.812539653237,0.365702344415
1650000000,ANT6,0.400890125224,-3.27044790839,1.04553030744,-0.0597438564242
1650000000,ANT7,-0.499105089059,8.27069546084,0.934338424073,0.135817223838
1650000000,ANT8,1.06790538701,-28.7509136473,0.991415559073,-0.543929768819
1662500000,ANT1,1.53697895206,-31.7175383609,1.01531304715,-0.627499538432
1662500000,ANT2,-0.564421609067,9.20999760161,0.925004288378,0.149983647059
1662500000,ANT3,0.306140932042,-3.59592206675,1.03383483739,-0.0649695023646
1662500000,ANT4,-1.13165275768,25.4472244068,0.792676877766,0.377191617273
1662500000,ANT5,-1.21983735948,27.0714655981,0.773771234571,0.395472606472
1662500000,ANT6,0.284428842604,-3.58142680535,1.03127015374,-0.0645464021207
1662500000,ANT7,-0.727257469275,8.80660808166,0.908838449174,0.140802958256
1662500000,ANT8,1.5156204688,-31.6404084551,1.0136612024,-0.624594426488
1675000000,ANT1,1.83106011483,-37.2141712341,0.983271710368,-0.746727235859
1675000000,ANT2,-0.838050877349,10.7174262955,0.892184948982,0.168861155193
1675000000,ANT3,0.083229344358,-4.46281999665,1.00656703269,-0.0785613563277
1675000000,ANT4,-0.990284114336,29.7181395199,0.774895111883,0.442317570485
1675000000,ANT5,-1.01090996077,31.0673878743,0.762452466672,0.459349033025
1675000000,ANT6,0.0226008348631,-4.12896513846,1.00000315403,-0.0721892719964
1675000000,ANT7,-0.883002091347,11.5496626138,0.885046003684,0.180863676366
1675000000,ANT8,1.78535674976,-37.2466599343,0.977690169213,-0.743362933536
1687500000,ANT1,1.14155400788,-44.9780854094,0.806731005573,-0.8061141217
1687500000,ANT2,-0.589936130781,14.8286954178,0.903218480922,0.239124617088
1687500000,ANT3,-0.360000875014,-2.99882767971,0.958086736939,-0.0501915411547
1687500000,ANT4,-0.132206126461,32.1289861945,0.834060802833,0.523793538102
1687500000,ANT5,-0.112167570765,33.2513152311,0.825543557512,0.541277170111
1687500000,ANT6,-0.40194245279,-2.86925064042,0.953582097915,-0.0477933196403
1687500000,ANT7,-0.592930213574,15.2071513131,0.901308558095,0.245000919586
1687500000,ANT8,1.0476293615,-44.5699844269,0.803714105462,-0.791739700532
1700000000,ANT1,-0.416909701716,-44.4090492058,0.680883736703,-0.66698131362
1700000000,ANT2,0.0785967987504,13.6463778628,0.980603598729,0.238073344765
1700000000,ANT3,-0.264892739495,1.16225209708,0.969763878895,0.0196744809783
1700000000,ANT4,0.593993943981,28.1825067608,0.943835351746,0.505709119789
1700000000,ANT5,0.626189628661,29.1351550358,0.938770196054,0.523267491203
1700000000,ANT6,-0.308725323012,0.822557400799,0.964981477579,0.0138545491346
1700000000,ANT7,0.15125937313,15.755443102,0.979336340542,0.27630185351
1700000000,ANT8,-0.459511980299,-44.2952430535,0.678869336305,-0.662370808986
1712500000,ANT1,-0.940802196861,-36.0177390071,0.72580476071,-0.527671432502
1712500000,ANT2,0.268160855311,11.3681653351,1.0111203713,0.203293055621
1712500000,ANT3,0.193723624224,1.09536235271,1.02236697482,0.0195476657364
1712500000,ANT4,0.47686967692,22.6978684539,0.974618269861,0.407649051581
1712500000,ANT5,0.452478000025,23.6409706892,0.965062650206,0.422447571479
1712500000,ANT6,0.0857814639477,1.4129645801,1.0096178022,0.0249031162004
1712500000,ANT7,0.435484605277,11.6144398713,1.02988694277,0.211675934711
1712500000,ANT8,-0.971696028844,-35.8120322751,0.725110901589,-0.523197994125
1725000000,ANT1,-0.402885536144,-30.8333967559,0.819742793948,-0.489312614621
1725000000,ANT2,0.068913290908,8.62448247548,0.996567816596,0.151152313179
1725000000,ANT3,0.36043660894,0.0401726806248,1.0423695681,0.000730852899991
1725000000,ANT4,-0.0401334553491,21.0379770647,0.929040091701,0.357331786819
1725000000,ANT5,-0.123615797505,22.0871596129,0.913518953641,0.370703120854
1725000000,ANT6,0.279138271846,0.481285282865,1.03262251836,0.00867424641989
1725000000,ANT7,0.253005219524,9.27300823511,1.01610216376,0.165901631225
1725000000,ANT8,-0.39485860222,-30.7106885959,0.821547725367,-0.48800665796
1737500000,ANT1,0.137166203931,-31.1250333186,0.869667097214,-0.525135109216
1737500000,ANT2,-0.0996017364716,9.96340659499,0.973688832968,0.171046478353
1737500000,ANT3,0.419306321608,-2.2782843249,1.04862905106,-0.0417192173958
1737500000,ANT4,-0.459256770706,20.7245921477,0.887124323641,0.335651552222
1737500000,ANT5,-0.535809515786,22.4084577501,0.869183823035,0.35840183102
1737500000,ANT6,0.364559139908,-0.701198346836,1.04278657935,-0.0127624885965
1737500000,ANT7,0.00582988192533,9.0674630214,0.988166486819,0.157703125032
1737500000,ANT8,0.167806475592,-28.0594035238,0.899674762428,-0.47956269648
1750000000,ANT1,0.641767298036,-29.8389477163,0.933945458881,-0.535719030359
1750000000,ANT2,-0.292158423706,8.31085728517,0.956769191489,0.139762697203
1750000000,ANT3,0.434365595277,-1.68705579167,1.05082401232,-0.0309501199078
1750000000,ANT4,-0.881256794759,22.2578556598,0.836196266951,0.342230769803
1750000000,ANT5,-0.721687110761,23.2103730936,0.845787769864,0.362686369487
1750000000,ANT6,0.397341221253,-0.92787743207,1.04667080151,-0.0169518092642
1750000000,ANT7,-0.181476700904,8.14413818631,0.969446821266,0.138734745021
1750000000,ANT8,0.603104915563,-29.4693432848,0.933218652115,-0.527330745847
1762500000,ANT1,1.07369928272,-30.0575585752,0.979407473043,-0.5667737962
1762500000,ANT2,-0.431749927866,7.94088537334,0.942384245343,0.131452107131
1762500000,ANT3,0.436022085251,-2.27663460565,1.05065025599,-0.0417693308357
1762500000,ANT4,-1.07336470267,23.3752533139,0.811221533999,0.350630994971
1762500000,ANT5,-1.0266287501,24.71765484,0.807115759562,0.371533128764
1762500000,ANT6,0.387636889153,-1.75460982593,1.0451489036,-0.0320163549348
1762500000,ANT7,-0.355820456176,8.05932635421,0.950382248712,0.134571161893
1762500000,ANT8,0.990205579687,-30.0043168747,0.970559170286,-0.560450103134
1775000000,ANT1,1.50469369248,-31.1261224582,1.01794527004,-0.614697010626
1775000000,ANT2,-0.585765978895,7.90719861016,0.925897166873,0.128597420184
1775000000,ANT3,0.418154185015,-3.07030667251,1.04781318435,-0.0562029307427
1775000000,ANT4,-1.3707715762,25.085127628,0.773456085673,0.36206851345
1775000000,ANT5,-1.284120501,26.8257985298,0.769741891923,0.389259735528
1775000000,ANT6,0.394498576905,-2.60039270041,1.04538794465,-0.0474779685647
1775000000,ANT7,-0.524951791654,8.0311360604,0.932120268905,0.131517544268
1775000000,ANT8,1.44826339335,-31.0524389973,1.01213789803,-0.609415280728
1787500000,ANT1,2.01977673879,-33.9616212312,1.04654794038,-0.704886009009
1787500000,ANT2,-0.842714586547,9.57486551553,0.894894049914,0.150956226741
1787500000,ANT3,0.348507451734,-4.4496676121,1.03780169813,-0.0807595079098
1787500000,ANT4,-1.47825200026,28.183131653,0.743500739585,0.398379817664
1787500000,ANT5,-1.51774547326,30.0702261881,0.726667264655,0.420729929382
1787500000,ANT6,0.346921838355,-4.29473634601,1.03782680922,-0.0779387082333
1787500000,ANT7,-0.797705985411,8.76563982304,0.901596593908,0.139020934611
1787500000,ANT8,1.92121201659,-33.8878379904,1.03563579769,-0.695599325176
1800000000,ANT1,2.33438855366,-38.058816809,1.03015574172,-0.806550252518
1800000000,ANT2,-0.98562814713,10.0042138978,0.879152910856,0.155085048052
1800000000,ANT3,0.199019775138,-5.43355861207,1.01858004724,-0.0968861177484
1800000000,ANT4,-1.56340595953,32.5676577075,0.703933696769,0.449624709867
1800000000,ANT5,-1.39912897577,34.5506185119,0.701089268707,0.482757812326
1800000000,ANT6,0.174775845685,-5.85585782084,1.01500127234,-0.104099906185
1800000000,ANT7,-1.07562255292,10.5166741398,0.868683457919,0.161262463556
1800000000,ANT8,2.31560146087,-38.2909310151,1.02466115221,-0.808965305084
1812500000,ANT1,2.3816075678,-43.9093048154,0.947713982172,-0.912302026701
1812500000,ANT2,-1.10529344647,13.4766889097,0.856267037954,0.205203107441
1812500000,ANT3,-0.122895117253,-6.28943050112,0.980016542032,-0.108011847594
1812500000,ANT4,-1.0411043814,35.9124545265,0.718428864756,0.520293802597
1812500000,ANT5,-1.01423557672,37.9256674111,0.701875330115,0.546900191492
1812500000,ANT6,-0.222224578267,-6.29454444164,0.968863643411,-0.106870165884
1812500000,ANT7,-1.20957595363,12.9694505523,0.847809990902,0.195256281164
1812500000,ANT8,2.33372148594,-43.7909816413,0.944375178814,-0.90533793876
1825000000,ANT1,1.88592667364,-49.9292793074,0.799837706848,-0.950823558639
1825000000,ANT2,-0.960740726716,15.7067912322,0.861858043966,0.242367600944
1825000000,ANT3,-0.582312102959,-4.89351300222,0.931748028006,-0.0797727173988
1825000000,ANT4,-0.252536474458,37.5541972006,0.770059527024,0.592045596417
1825000000,ANT5,-0.232656466751,39.3742355199,0.752588017015,0.617616219305
1825000000,ANT6,-0.607107801585,-4.58864840603,0.92950204809,-0.074600614457
1825000000,ANT7,-1.02653156097,16.4352706951,0.852227254445,0.251394290697
1825000000,ANT8,1.7759584598,-49.6590539322,0.794194321395,-0.935126222046
1837500000,ANT1,0.804472706281,-52.9426812236,0.661093093755,-0.875476544704
1837500000,ANT2,-0.490033186235,17.6400597046,0.90070315288,0.286413142218
1837500000,ANT3,-0.687008687052,-1.48712198916,0.923641128861,-0.0239786520366
1837500000,ANT4,0.374232887812,35.7053380774,0.847780196591,0.609311647593
1837500000,ANT5,0.429309094839,37.0428261995,0.838627818584,0.632934729213
1837500000,ANT6,-0.710607119171,-1.60101429533,0.921085766705,-0.0257445735921
1837500000,ANT7,-0.481792025101,18.0944121158,0.899256425014,0.293825237753
1837500000,ANT8,0.761426328627,-52.4518185892,0.66526393383,-0.865480908774
1850000000,ANT1,-0.257715622826,-49.532695704,0.630040251979,-0.738535333683
1850000000,ANT2,0.0516713067697,15.7539285541,0.968179105329,0.273126413838
1850000000,ANT3,-0.343816604714,1.07721963487,0.961019960954,0.0180702937406
1850000000,ANT4,0.391915384797,31.4609990631,0.892365095875,0.546006849694
1850000000,ANT5,0.822605763951,31.0872915352,0.941450807992,0.567634667873
1850000000,ANT6,-0.395035136102,-0.297173183346,0.955525764249,-0.00495602262231
1850000000,ANT7,0.103198131284,17.6022889267,0.964570963599,0.306022345289
1850000000,ANT8,-0.37282322316,-47.1518588266,0.651485136684,-0.702355270236
1862500000,ANT1,-0.611628498667,-41.4786136874,0.698261476376,-0.61730508013
1862500000,ANT2,0.197978768647,13.1715810053,0.99614041591,0.233121413892
1862500000,ANT3,0.053468630937,0.535432273449,1.00613085518,0.00940262299091
1862500000,ANT4,0.367628160605,26.8469357935,0.930789545226,0.471133074672
1862500000,ANT5,0.381413695733,27.9257321488,0.923218428061,0.489349986293
1862500000,ANT6,-0.0627537914274,0.796429159697,0.992705326562,0.0137998016699
1862500000,ANT7,0.264781295928,13.4066943044,1.00285874549,0.239038478607
1862500000,ANT8,-0.590888261755,-41.2041909977,0.702886443427,-0.615421388652
1875000000,ANT1,0.063833644552,-36.0973059612,0.813977678961,-0.593504109758
1875000000,ANT2,-0.14465151218,8.85763070312,0.971755252011,0.151436677792
1875000000,ANT3,0.267628602101,-0.480246641028,1.03125525362,-0.00864406548587
1875000000,ANT4,-0.211676021154,25.8636396457,0.87817077876,0.425728337067
1875000000,ANT5,-0.271237579092,26.9488530157,0.864005135428,0.439261525957
1875000000,ANT6,0.168197462687,-0.0565299739969,1.01955265931,-0.00100592582055
1875000000,ANT7,0.0921067157469,10.8971909263,0.992436351351,0.191062657547
1875000000,ANT8,0.0357986873387,-35.9332317145,0.813045458135,-0.589265731278
1887500000,ANT1,0.822690689576,-35.4638733838,0.895397262026,-0.637829221829
1887500000,ANT2,-0.387819588523,11.0533349651,0.938591937328,0.183350674982
1887500000,ANT3,0.384884590721,-2.25781153551,1.04449639328,-0.0411809991757
1887500000,ANT4,-0.770073875899,26.5185821623,0.818874289681,0.408607309173
1887500000,ANT5,-0.836318978006,28.2388681086,0.800113176215,0.429716004856
1887500000,ANT6,0.197768544787,-2.30862046137,1.02219978942,-0.0412098291579
1887500000,ANT7,-0.198878125478,9.29153925891,0.964540020247,0.157803238296
1887500000,ANT8,0.787746742822,-35.0720191141,0.896126055392,-0.629154368358
1900000000,ANT1,1.62623958678,-36.4351988713,0.970183154166,-0.716201116448
1900000000,ANT2,-0.651037252809,9.06949085768,0.916187391729,0.146249114275
1900000000,ANT3,0.296891318249,-3.82184120793,1.0324705597,-0.0689719440541
1900000000,ANT4,-1.20734043712,29.8718540858,0.754610701694,0.433427272406
1900000000,ANT5,-1.27840023123,31.6091232127,0.735085437073,0.452388941496
1900000000,ANT6,0.190179402368,-3.65863387114,1.02005350531,-0.0652244025815
1900000000,ANT7,-0.585875600307,9.63572691628,0.921585216096,0.156465630283
1900000000,ANT8,1.60934321407,-36.270521122,0.970348203802,-0.712023268529
1912500000,ANT1,2.15001853324,-39.8813314432,0.982897139531,-0.821285569964
1912500000,ANT2,-0.912624105353,11.2657227991,0.88291523615,0.175874644689
1912500000,ANT3,0.168997358317,-5.58998883477,1.01479805434,-0.0993228041492
1912500000,ANT4,-1.32413546114,33.5083193497,0.715909411941,0.473999607084
1912500000,ANT5,-1.3684209469,35.4421472374,0.695949044044,0.495356144938
1912500000,ANT6,0.0788182572755,-5.34941351124,1.00472054682,-0.0940791337176
1912500000,ANT7,-0.922336667953,10.2443898827,0.884919803551,0.159930089323
1912500000,ANT8,2.12968303251,-39.6398454796,0.984043340063,-0.815224797037
1925000000,ANT1,2.48297157304,-44.5945631294,0.947731017668,-0.934412356797
1925000000,ANT2,-1.13738688944,11.9910889443,0.858122720815,0.182260128332
1925000000,ANT3,-0.102978829924,-6.40394424651,0.982047912286,-0.110222778169
1925000000,ANT4,-1.17696175876,37.6174838519,0.691725523304,0.533036708759
1925000000,ANT5,-1.16187983312,39.5444244395,0.67458124804,0.556960888916
1925000000,ANT6,-0.197643216114,-5.99400114058,0.972158247432,-0.102075041058
1925000000,ANT7,-1.17171270082,12.154375427,0.854217350946,0.183976441487
1925000000,ANT8,2.46559165514,-44.3148641462,0.950377648494,-0.927916172399
1937500000,ANT1,2.44668702166,-49.8060659304,0.855357591751,-1.01239641374
1937500000,ANT2,-1.20901300515,14.9702929327,0.840530352501,0.224752401402
1937500000,ANT3,-0.446491843136,-6.76815969442,0.943274907063,-0.111947109589
1937500000,ANT4,-0.761107891867,40.3739604992,0.697917780378,0.593427871048
1937500000,ANT5,-0.682949701816,42.1557471321,0.685267440475,0.620398814438
1937500000,ANT6,-0.452158256902,-5.71842590033,0.944551101973,-0.0945855304739
1937500000,ANT7,-1.29536399723,14.3729766754,0.834490228081,0.213841193961
1937500000,ANT8,2.40039767443,-49.5803257142,0.854772231837,-1.00365551586
1950000000,ANT1,2.18005797622,-54.0569806361,0.754443106525,-1.04057649901
1950000000,ANT2,-1.15315361333,16.323156241,0.840376878306,0.246112123477
1950000000,ANT3,-0.809808280114,-5.50329990821,0.906782551081,-0.0873659387438
1950000000,ANT4,-0.132557944996,41.3156677682,0.73970813778,0.650207956845
1950000000,ANT5,-0.089488871412,43.1741751142,0.72180208499,0.677205301327
1950000000,ANT6,-0.853345067351,-4.59966957022,0.90350752696,-0.0726892452362
1950000000,ANT7,-1.21522051202,17.1962380721,0.830572869628,0.257045493546
1950000000,ANT8,2.07351631301,-53.849287081,0.748966718254,-1.02518246919
1962500000,ANT1,1.7495223227,-57.7817429575,0.652111977965,-1.03480484319
1962500000,ANT2,-0.849747930935,19.9169362265,0.852564143447,0.308908977638
1962500000,ANT3,-0.906842472823,-1.12471722287,0.900687625385,-0.0176827862621
1962500000,ANT4,0.161629963978,39.336006596,0.787969233511,0.645772695243
1962500000,ANT5,0.341913501606,41.3313169525,0.781051504957,0.686927276147
1962500000,ANT6,-0.982511530474,-4.83630719228,0.889867646446,-0.0752921719178
1962500000,ANT7,-1.09750216448,21.327145826,0.820949832934,0.320523125116
1962500000,ANT8,1.58353831043,-58.1686382284,0.632898791931,-1.01951478744
1975000000,ANT1,0.896362891436,-58.7468879443,0.57522081952,-0.947818490713
1975000000,ANT2,-0.574389117695,18.7769142862,0.886194754173,0.301286909298
1975000000,ANT3,-0.969219926422,-0.858894237236,0.894314362279,-0.0134072526833
1975000000,ANT4,0.656651651765,39.0695576381,0.83735129845,0.679758526099
1975000000,ANT5,0.716731090292,40.36167008,0.827514108261,0.703315683007
1975000000,ANT6,-0.997865948403,-0.632848058189,0.891415559718,-0.00984633690135
1975000000,ANT7,-0.598168466937,20.5482000653,0.874062379957,0.327636889585
1975000000,ANT8,0.869897825962,-58.5177118299,0.577245871519,-0.942633608418
1987500000,ANT1,0.161526768813,-57.7645880268,0.543411309694,-0.861740896742
1987500000,ANT2,-0.242413664809,19.3192044775,0.917716886988,0.321725248549
1987500000,ANT3,-0.780056506617,0.751959768611,0.914028571077,0.0119965586154
1987500000,ANT4,0.812331027407,36.2415164546,0.885601277409,0.649148119533
1987500000,ANT5,0.906558101814,37.7060245116,0.878196704632,0.678895058377
1987500000,ANT6,-0.819763153825,1.17014295272,0.90974832675,0.0185822346842
1987500000,ANT7,-0.210346449199,20.0580918157,0.916870447315,0.334766698769
1987500000,ANT8,0.172163876417,-57.4823519539,0.548320676769,-0.860106314114
2000000000,ANT1,-0.351473452383,-53.9072039476,0.565732968852,-0.776018480982
2000000000,ANT2,0.0352597866111,18.5518711716,0.951892314013,0.319457251903
2000000000,ANT3,-0.433776288306,1.05481876274,0.951124970508,0.0175122466974
2000000000,ANT4,0.776130747742,33.5920004618,0.910858162952,0.604989424
2000000000,ANT5,0.755654548195,34.7918159764,0.895876025091,0.622460297647
2000000000,ANT6,-0.521226033209,1.7366936693,0.94132406588,0.0285412364271
2000000000,ANT7,0.115630602358,17.8291486425,0.964731598253,0.310282909037
2000000000,ANT8,-0.376199911009,-53.6491447368,0.567604269654,-0.7712638521
2012500000,ANT1,-0.106506289338,-47.931118737,0.661857879117,-0.733292873273
2012500000,ANT2,-0.144222450719,13.7950408088,0.955162785128,0.234522822935
2012500000,ANT3,-0.177979090126,0.17854708754,0.979713148814,0.00305302584346
2012500000,ANT4,0.481501200823,31.9223360175,0.897145408776,0.558909196324
2012500000,ANT5,0.298975612524,33.3352272416,0.864727871166,0.568781417065
2012500000,ANT6,-0.249343002826,0.922755034791,0.971575433248,0.0156486856524
2012500000,ANT7,0.0567235515759,15.4178409488,0.970328792656,0.2675981746
2012500000,ANT8,-0.159149531914,-47.6406284021,0.661545506075,-0.725517284246
2025000000,ANT1,0.683595185416,-45.5968502751,0.756995428896,-0.772933276453
2025000000,ANT2,-0.378252917663,13.2771388568,0.931796237278,0.219874769282
2025000000,ANT3,-0.0683156462627,-1.85123849483,0.991647879376,-0.0320515023877
2025000000,ANT4,-0.430211298014,32.6831720219,0.800997169787,0.513898890061
2025000000,ANT5,-0.118239855056,34.5367593266,0.812624839079,0.559269539407
2025000000,ANT6,-0.128614431301,-1.41268263517,0.985002329659,-0.024291103781
2025000000,ANT7,-0.221969513193,13.7156269875,0.946972560029,0.231120672722
2025000000,ANT8,0.662008476073,-45.3519257877,0.758405410157,-0.767779759843
2037500000,ANT1,1.40989663,-47.8212669627,0.789779116436,-0.871654974864
2037500000,ANT2,-0.689128602663,13.9990191509,0.896292045229,0.223454408175
2037500000,ANT3,-0.252914278835,-3.60439811756,0.96938067979,-0.061062969054
2037500000,ANT4,-0.479560287397,35.9321628174,0.766218707695,0.555305605611
2037500000,ANT5,-0.43545617145,37.9992218333,0.749486723038,0.585546811472
2037500000,ANT6,-0.322801789618,-2.95102405999,0.962240457973,-0.0496041483098
2037500000,ANT7,-0.636191297109,14.0063683053,0.901742451486,0.224936104777
2037500000,ANT8,1.40615579707,-47.5600829667,0.793402578406,-0.867671937537
2050000000,ANT1,1.8169274039,-51.998131807,0.758938305163,-0.971331449533
2050000000,ANT2,-0.956354595184,14.8505421258,0.865820804905,0.229576994935
2050000000,ANT3,-0.499675943388,-4.38463081475,0.941333008219,-0.0721776318399
2050000000,ANT4,-0.258665787187,39.4064121199,0.749991885969,0.616190858004
2050000000,ANT5,-0.271454147891,41.7251843489,0.723381391184,0.645079900972
2050000000,ANT6,-0.660191984802,-3.56678917932,0.925014067866,-0.0576586760828
2050000000,ANT7,-0.928355031286,15.9099214823,0.864209606808,0.246338382099
2050000000,ANT8,1.75777008584,-51.9425082759,0.75472316347,-0.96400620145
2062500000,ANT1,1.75397116779,-57.0834538955,0.665015389838,-1.02730665516
2062500000,ANT2,-1.00740722609,18.0849766354,0.846498419177,0.276432682416
2062500000,ANT3,-0.918756544373,-3.97013352576,0.897467506671,-0.0622869497514
2062500000,ANT4,0.180247480063,41.4361595083,0.765413568908,0.675661820322
2062500000,ANT5,0.157084029017,43.5378469134,0.738148929797,0.701404435646
2062500000,ANT6,-0.842950065153,-3.53547427041,0.905785082622,-0.0559631185807
2062500000,ANT7,-0.989522055685,18.3452991419,0.846975937764,0.2808535811
2062500000,ANT8,1.66733321443,-56.8152205073,0.66316955171,-1.01401711323
2075000000,ANT1,1.4382761908,-60.7117777424,0.577302023399,-1.0292357904
2075000000,ANT2,-0.913602766301,19.1342010188,0.850429535331,0.295056257755
2075000000,ANT3,-1.13341821083,-1.33604936993,0.877427021256,-0.0204639565451
2075000000,ANT4,0.51269276666,41.3540023586,0.796282820218,0.700882409518
2075000000,ANT5,0.604004834814,43.3350391366,0.779732438036,0.735683492847
2075000000,ANT6,-1.17449745537,-1.95012903952,0.873018651081,-0.0297256930447
2075000000,ANT7,-0.839536735497,18.989537272,0.858460916796,0.295416460846
2075000000,ANT8,1.50608137571,-58.8148236343,0.615844246211,-1.01747371201
2087500000,ANT1,1.03370308784,-63.4236138927,0.503932008239,-1.00736574461
2087500000,ANT2,-0.670915251424,21.0240564938,0.864044152629,0.332091780412
2087500000,ANT3,-1.19931652464,-0.616892434608,0.870981640736,-0.0093780510966
2087500000,ANT4,0.815324993403,41.5846063719,0.82158815313,0.729045456702
2087500000,ANT5,0.915026060328,42.8643230752,0.814395761253,0.755838783838
2087500000,ANT6,-1.24890139289,0.0024269701017,0.866073858252,3.66856927153e-05
2087500000,ANT7,-0.64684772216,21.4054507262,0.864205721859,0.338773363796
2087500000,ANT8,1.00192674955,-62.8403573099,0.512282889032,-0.998524060888
2100000000,ANT1,0.539511867567,-64.2241976539,0.462717470127,-0.958209598796
2100000000,ANT2,-0.494846512404,20.3649436387,0.885577706423,0.328726756974
2100000000,ANT3,-1.1160441421,1.0332512405,0.879279950017,0.0158583338343
2100000000,ANT4,1.02807884352,40.8362940694,0.851646506619,0.736063486271
2100000000,ANT5,1.14684193679,41.9831044275,0.848263601625,0.763327164507
2100000000,ANT6,-1.16098259379,1.65354864027,0.87452048105,0.0252455550759
2100000000,ANT7,-0.43906647437,22.2012582169,0.880223726409,0.359235198062
2100000000,ANT8,0.4965070748,-63.8482025794,0.466679260736,-0.950435096397
2112500000,ANT1,0.0686057381326,-64.1511174371,0.439456445053,-0.907083524813
2112500000,ANT2,-0.239993465114,21.1058228732,0.907493050186,0.350278387925
2112500000,ANT3,-0.994605284139,2.33207335873,0.891066040397,0.0362885311626
2112500000,ANT4,1.12229123242,39.4183072382,0.879083891804,0.72255817698
2112500000,ANT5,1.21522491021,40.3204148278,0.876931519116,0.744229350383
2112500000,ANT6,-1.04376895697,3.17550586259,0.88540953885,0.0491223887633
2112500000,ANT7,-0.178184550478,21.7963067488,0.909656122895,0.363768476748
2112500000,ANT8,0.0504303759418,-63.9973134721,0.440966126012,-0.904006958025
2125000000,ANT1,-0.268736906687,-62.4762556703,0.448037449086,-0.859801780506
2125000000,ANT2,-0.131892623674,18.5341121948,0.933846191826,0.313078916949
2125000000,ANT3,-0.837983313582,3.1921635082,0.906622421288,0.0505636749188
2125000000,ANT4,1.12588869331,38.5798386107,0.889931839333,0.70991068545
2125000000,ANT5,1.23894037747,39.121257767,0.894754135012,0.727698345287
2125000000,ANT6,-0.84379302733,3.65597849783,0.905577487785,0.0578624207421
2125000000,ANT7,-0.0113284691473,21.6542187234,0.928216310146,0.368523275084
2125000000,ANT8,-0.271094730358,-62.2613136317,0.451137309149,-0.857882038356
2137500000,ANT1,-0.342940781422,-60.9116000681,0.467337697877,-0.840040303769
2137500000,ANT2,-0.11109835913,18.7935891638,0.934653682271,0.318065373565
2137500000,ANT3,-0.677367855682,2.74842153942,0.923914438577,0.0443532809745
2137500000,ANT4,1.08343720378,37.5810274772,0.897773018873,0.690904831093
2137500000,ANT5,1.13509463616,38.3694451262,0.893479140556,0.707387368166
2137500000,ANT6,-0.722922106105,3.38412711189,0.918535444161,0.0543157009755
2137500000,ANT7,0.0417221504935,20.6390649358,0.940325394378,0.354176971396
2137500000,ANT8,-0.405924888099,-60.6040752862,0.468430627345,-0.831468711907
2150000000,ANT1,-0.162098813797,-59.601645291,0.496653267912,-0.846580698003
2150000000,ANT2,-0.183477149911,18.2098984394,0.930062845757,0.305967161862
2150000000,ANT3,-0.617271609274,2.19628584398,0.93071619462,0.0356940877865
2150000000,ANT4,0.919728317233,37.7887132466,0.878547126852,0.681193852194
2150000000,ANT5,0.971646010933,38.429329353,0.876097066421,0.695116471133
2150000000,ANT6,-0.686015283165,2.71406111627,0.923021479395,0.043755615666
2150000000,ANT7,-0.0569125439811,19.7329603149,0.935129106615,0.335431733459
2150000000,ANT8,-0.185598928038,-59.4696030232,0.497255781461,-0.843149604858
2162500000,ANT1,0.0416771911843,-60.5449003232,0.494106521963,-0.874929406976
2162500000,ANT2,-0.243137377202,19.3122786621,0.917679305223,0.32158751822
2162500000,ANT3,-0.703287473193,1.62977070533,0.921849249741,0.0262289517509
2162500000,ANT4,0.882607574563,38.3769577707,0.867790665184,0.687234356613
2162500000,ANT5,0.922108706805,39.635014581,0.856378672845,0.709340016686
2162500000,ANT6,-0.790767184106,2.22306493957,0.912293666694,0.0354145873702
2162500000,ANT7,-0.159661023147,19.9442788761,0.9229034273,0.334893295714
2162500000,ANT8,0.0504595850964,-60.5764652117,0.494123799817,-0.876086855931
2175000000,ANT1,0.102423071414,-62.7498953016,0.463306717497,-0.899561540884
2175000000,ANT2,-0.302821546499,19.742914314,0.908968961063,0.326226308154
2175000000,ANT3,-0.867955364833,2.21413461935,0.904227838002,0.0349603300352
2175000000,ANT4,0.984635048014,39.5916009325,0.86310676212,0.713810922146
2175000000,ANT5,1.08824075443,40.5472304642,0.861294227016,0.736843520938
2175000000,ANT6,-0.867916334953,2.52629774357,0.904028007322,0.0398864473266
2175000000,ANT7,-0.218202887231,21.0769592159,0.909949352176,0.350699889184
2175000000,ANT8,0.0815972596567,-62.949241988,0.459072095193,-0.899009949102
2187500000,ANT1,-0.0856234255089,-64.3627125645,0.428428330432,-0.892707523942
2187500000,ANT2,-0.18744108803,21.1816913837,0.912532875398,0.35361275192
2187500000,ANT3,-0.917166207717,1.64747182519,0.899419152978,0.0258688550411
2187500000,ANT4,1.16332745269,40.7779042968,0.865772777617,0.746732565049
2187500000,ANT5,1.24371065972,40.6554347608,0.875431206111,0.751805734194
2187500000,ANT6,-1.00832031682,4.75742566036,0.88732997538,0.0738472303697
2187500000,ANT7,-0.106207249384,20.8486842663,0.923166237464,0.351575850789
2187500000,ANT8,-0.102279824949,-65.5058996286,0.409746099848,-0.899351149133
2200000000,ANT1,-0.433397670166,-66.3401055998,0.381774192859,-0.871362582738
2200000000,ANT2,-0.0771155654251,21.6621278153,0.921162042899,0.365869776751
2200000000,ANT3,-0.959731509012,4.24262341865,0.892938814935,0.0662412206416
2200000000,ANT4,1.34933592686,39.6304595095,0.899613161208,0.745030641232
2200000000,ANT5,1.45691726108,40.0160109778,0.905728360295,0.760427739995
2200000000,ANT6,-0.943563575234,5.11514498362,0.893488165951,0.07997975679
2200000000,ANT7,0.0426755526503,22.535848812,0.928189112661,0.385149085366
2200000000,ANT8,-0.435120420753,-66.862109917,0.373745604687,-0.874631108465
2212500000,ANT1,-0.919191589477,-66.6690836124,0.356271107658,-0.826025071597
2212500000,ANT2,0.101904095013,21.791947458,0.939495905363,0.375618398075
2212500000,ANT3,-0.809176484346,5.15397993069,0.907364343792,0.0818418449557
2212500000,ANT4,1.47643984614,38.4632944617,0.928084512992,0.737261498843
2212500000,ANT5,1.59624383011,39.1665555513,0.931728576243,0.758994087529
2212500000,ANT6,-0.807477365626,6.09972659624,0.906067109511,0.0968262675118
2212500000,ANT7,0.213896590336,22.8867475004,0.944244137845,0.398606990735
2212500000,ANT8,-0.852638922156,-66.8931678859,0.355753221628,-0.833776243479
2225000000,ANT1,-1.14414242646,-65.5145275954,0.3633106475,-0.797748421865
2225000000,ANT2,0.190771663994,21.3316859038,0.952175215187,0.371844353842
2225000000,ANT3,-0.622761093065,5.72199623467,0.926174045347,0.0928035801604
2225000000,ANT4,1.49779150926,37.3378356516,0.944705963346,0.720659462653
2225000000,ANT5,1.56241512804,38.0852855873,0.942208592025,0.738395243071
2225000000,ANT6,-0.670585672089,6.54529402742,0.919667296606,0.105519381611
2225000000,ANT7,0.34812212894,22.1752315918,0.963902177938,0.39287519808
2225000000,ANT8,-1.16161123863,-65.6828014012,0.360240915914,-0.797207065121
2237500000,ANT1,-1.25241896619,-63.8011737164,0.382205943309,-0.776785208918
2237500000,ANT2,0.228806293553,20.9405188071,0.958881307893,0.366938364963
2237500000,ANT3,-0.491491547481,5.45881299143,0.940700441406,0.0898967061336
2237500000,ANT4,1.45388852161,36.5795929066,0.949349396161,0.704524594725
2237500000,ANT5,1.51302243686,37.284973907,0.947029635209,0.721050832475
2237500000,ANT6,-0.499357662817,6.29468514314,0.938438652961,0.103516480504
2237500000,ANT7,0.412159787481,21.2848923247,0.977067630262,0.380645986758
2237500000,ANT8,-1.36460886302,-64.0423023636,0.374070516516,-0.768397577457
2250000000,ANT1,-1.15458963802,-62.3371489323,0.406479980021,-0.775451477189
2250000000,ANT2,0.233023291667,20.5905000075,0.9615717504,0.361249111027
2250000000,ANT3,-0.432387761818,4.68141984772,0.948264172968,0.0776519285269
2250000000,ANT4,1.30806574064,36.3432686719,0.936393896778,0.688939026118
2250000000,ANT5,1.34054082162,37.2074035541,0.929365469469,0.705616082744
2250000000,ANT6,-0.482742263003,5.71770057809,0.941232271647,0.0942411544167
2250000000,ANT7,0.376247143593,20.5514960256,0.977808579215,0.366589665767
2250000000,ANT8,-1.18815733467,-62.7546397526,0.399272817894,-0.775390327923
2262500000,ANT1,-0.875462239362,-62.306945585,0.420176733054,-0.800554522116
2262500000,ANT2,0.0860442987168,18.9726644607,0.955088398391,0.32835369963
2262500000,ANT3,-0.501282092408,4.36321592221,0.941185864376,0.0718125134003
2262500000,ANT4,1.21338249965,37.3427903887,0.914213340434,0.697523543282
2262500000,ANT5,1.25680052179,38.2177310306,0.907982959209,0.714967233913
2262500000,ANT6,-0.521440726097,5.30845928772,0.937694330683,0.0871269098036
2262500000,ANT7,0.268256546377,20.7428537368,0.964512266116,0.365283448221
2262500000,ANT8,-0.926298808667,-62.6407692418,0.413080582312,-0.798303016748
2275000000,ANT1,-0.6787383592,-64.5977508195,0.396725945947,-0.835418262118
2275000000,ANT2,0.0156417311137,20.5810390647,0.937863323711,0.352165474502
2275000000,ANT3,-0.655209583653,4.40532056178,0.924601412176,0.0712305700077
2275000000,ANT4,1.21702345134,38.4457465102,0.900994905762,0.715291796761
2275000000,ANT5,1.30887427724,39.2190655055,0.900733686123,0.735119696575
2275000000,ANT6,-0.695850949053,5.36206156965,0.918973177801,0.086254643929
2275000000,ANT7,0.16335520079,21.4625313853,0.948325499082,0.372839147533
2275000000,ANT8,-0.675095768586,-64.8780137777,0.392799451374,-0.837700080982
2287500000,ANT1,-0.812132630234,-67.9257798779,0.34226195433,-0.843978743072
2287500000,ANT2,0.0522634841205,22.0548706314,0.932418246252,0.377760542228
2287500000,ANT3,-0.800307275927,5.56252041083,0.907684087477,0.0883997784455
2287500000,ANT4,1.45878836496,39.149727914,0.917319267359,0.746808053592
2287500000,ANT5,1.53940761557,40.075716857,0.913570613544,0.768636380767
2287500000,ANT6,-0.830328855717,6.47014285414,0.903043276789,0.102412123741
2287500000,ANT7,0.203104764215,22.8816731893,0.943106940074,0.398028523833
2287500000,ANT8,-0.810795466983,-68.2688719788,0.33725394541,-0.846143344681
2300000000,ANT1,-1.21860136098,-71.0328368868,0.282480400268,-0.821912566298
2300000000,ANT2,0.235982948033,23.6015668498,0.941588998705,0.411400783094
2300000000,ANT3,-0.797687402414,9.01792838705,0.900977636906,0.142989849706
2300000000,ANT4,1.73153202055,38.0608038463,0.961055056747,0.752502316574
2300000000,ANT5,1.78853218095,39.4629399301,0.948558405286,0.78090128605
2300000000,ANT6,-0.815721199333,7.42953299131,0.902718809506,0.117715888127
2300000000,ANT7,0.369704023368,25.6004417283,0.941043050654,0.450881204812
2300000000,ANT8,-1.29374121017,-72.1403768461,0.264245020484,-0.820093843523
2312500000,ANT1,-1.86566288713,-71.6093700421,0.254511705309,-0.765508369102
2312500000,ANT2,0.477116671279,23.598511224,0.968117745463,0.422930286246
2312500000,ANT3,-0.572664711971,9.24859047605,0.924025716409,0.150463809361
2312500000,ANT4,1.93999810573,37.8287294793,0.987513862461,0.766787670927
2312500000,ANT5,2.03081750093,38.4901813777,0.988881914313,0.786315545971
2312500000,ANT6,-0.638368530238,10.2708120965,0.914252334022,0.165666727941
2312500000,ANT7,0.617616818352,24.563672051,0.976525256682,0.446339444279
2312500000,ANT8,-1.98885296696,-72.3911266624,0.240606781689,-0.7580813142
2325000000,ANT1,-2.51015438353,-70.509075627,0.249915519188,-0.706095082446
2325000000,ANT2,0.684026625912,23.1844379342,0.994560790682,0.425949581814
2325000000,ANT3,-0.335052270363,10.2074922373,0.946931550965,0.170507714687
2325000000,ANT4,2.04816544126,36.3589365018,1.01947400935,0.750493857821
2325000000,ANT5,2.11941311877,36.8183077877,1.02177118563,0.764891834048
2325000000,ANT6,-0.335837961031,10.960819885,0.944522483003,0.182926372014
2325000000,ANT7,0.845420627173,24.0739372446,1.00635506995,0.44961511881
2325000000,ANT8,-2.5159811982,-71.0948559637,0.242520865443,-0.708138016351
2337500000,ANT1,-3.02928300131,-68.0170570099,0.264113819653,-0.654265355922
2337500000,ANT2,0.857710209586,22.581260005,1.01916667306,0.423847090635
2337500000,ANT3,-0.0148302946727,10.0799548927,0.982884860473,0.174723705643
2337500000,ANT4,2.06657073195,34.854425213,1.04103086257,0.725002817452
2337500000,ANT5,2.14263144892,35.0460233059,1.04773539379,0.734887158537
2337500000,ANT6,-0.0869455983093,10.972567097,0.971940465751,0.188443190356
2337500000,ANT7,1.0827075125,23.0233555319,1.0425245005,0.443027017555
2337500000,ANT8,-3.01856100868,-68.5405290355,0.258444138947,-0.657462122314
2350000000,ANT1,-3.38746804168,-64.3009942504,0.293602255136,-0.610087517784
2350000000,ANT2,0.981339068498,21.2069182856,1.04379059941,0.405004694429
2350000000,ANT3,0.254330220953,9.5094109275,1.01556391451,0.170118599145
2350000000,ANT4,2.03345511678,33.2240771193,1.05719822552,0.692445808719
2350000000,ANT5,2.01907574881,33.6348876656,1.0504657878,0.698850157875
2350000000,ANT6,0.196342383836,10.3340286385,1.00626999254,0.183487690708
2350000000,ANT7,1.19816751895,21.5666012199,1.06754719003,0.421952156011
2350000000,ANT8,-3.29524201616,-65.1749296059,0.287297125758,-0.62105411879
2362500000,ANT1,-3.42037933293,-59.8733180212,0.338539987814,-0.583385805253
2362500000,ANT2,1.05622262749,19.3850816278,1.06528340371,0.374833763579
2362500000,ANT3,0.412010184217,8.28317742849,1.03763881608,0.151064001675
2362500000,ANT4,1.84606348543,31.7044460183,1.05224170501,0.649990524966
2362500000,ANT5,1.89914016459,32.189538131,1.0531165779,0.662914384414
2362500000,ANT6,0.39845665802,9.08956913991,1.03379561369,0.165394200702
2362500000,ANT7,1.24054760897,19.9782858624,1.08410929383,0.394118290293
2362500000,ANT8,-3.43206139579,-60.7567801867,0.329061817145,-0.587745287609
2375000000,ANT1,-3.07457166528,-55.2113878415,0.400465762008,-0.576439158839
2375000000,ANT2,1.00883611283,16.0834937757,1.07919884137,0.311157961997
2375000000,ANT3,0.522784220972,6.92917054735,1.05427887478,0.128126413003
2375000000,ANT4,1.53839517719,31.0613115745,1.02259996918,0.61593035124
2375000000,ANT5,1.55914150589,31.4985021635,1.02030453991,0.625206737435
2375000000,ANT6,0.403849248246,7.56595765379,1.03847229845,0.137933843633
2375000000,ANT7,1.13500421873,18.5067333564,1.08066158697,0.361725531043
2375000000,ANT8,-3.09343881858,-56.4337812297,0.387235297989,-0.583582166174
2387500000,ANT1,-2.30818289118,-53.1812349968,0.459435821475,-0.613721384874
2387500000,ANT2,0.693697219213,14.7361924151,1.04751320771,0.275517293469
2387500000,ANT3,0.42147696151,4.95628038505,1.0457959111,0.0906912361765
2387500000,ANT4,1.13092513294,31.8759050966,0.967281967617,0.601515768971
2387500000,ANT5,1.13219665688,32.33850518,0.962534812947,0.609395013687
2387500000,ANT6,0.348486712057,5.85104831295,1.03551374363,0.106115856638
2387500000,ANT7,0.871739636869,17.5550260164,1.05408286899,0.333464353624
2387500000,ANT8,-2.29033942829,-54.1317224093,0.450115690443,-0.622535797595
2400000000,ANT1,-1.34549156267,-56.1854050908,0.476646344575,-0.711613617026
2400000000,ANT2,0.334797818827,17.2141948116,0.992742262645,0.307574600598
2400000000,ANT3,0.115544202202,3.52717696962,1.01147175222,0.0623458403019
2400000000,ANT4,0.887138921041,34.7083746309,0.910460057712,0.63062933551
2400000000,ANT5,0.91377572204,35.2601791831,0.907122046668,0.64133216313
2400000000,ANT6,0.0426447596301,4.68839088762,1.00155923176,0.0821388564964
2400000000,ANT7,0.47417692133,17.9898568198,1.00447734291,0.326177886479
2400000000,ANT8,-1.4225867824,-57.2027682118,0.459836582008,-0.713602419165
2412500000,ANT1,-1.01632304451,-62.5156557944,0.410545608297,-0.789177193831
2412500000,ANT2,0.115782981971,19.8683352322,0.953096578647,0.344420507727
2412500000,ANT3,-0.316486820027,2.73146876781,0.963123446637,0.0459499187453
2412500000,ANT4,1.16932020556,36.4596294071,0.920176201774,0.67989173587
2412500000,ANT5,1.23335149664,39.8722047118,0.88457062813,0.738887015273
2412500000,ANT6,-0.435620548301,4.73732136935,0.947835120529,0.0785478401349
2412500000,ANT7,0.331967968279,21.5304043273,0.9664634823,0.38129265122
2412500000,ANT8,-1.08199223962,-62.6837080211,0.405154381701,-0.78442487721
2425000000,ANT1,-1.64657238132,-69.3946365478,0.291156688473,-0.774389703193
2425000000,ANT2,0.340565699577,22.5019982748,0.960809650743,0.398019647764
2425000000,ANT3,-0.438812283168,7.41861064328,0.942776449749,0.122756690645
2425000000,ANT4,1.63446270264,38.1674182115,0.94898824135,0.745906670288
2425000000,ANT5,1.76421589841,38.9175336811,0.95327637066,0.769678840339
2425000000,ANT6,-0.497590191603,8.94319607478,0.932842649366,0.146799874717
2425000000,ANT7,0.528647821134,23.3752301886,0.975528973302,0.42164846607
2425000000,ANT8,-1.68491726567,-69.9293505263,0.282666484184,-0.773650246218
2437500000,ANT1,-2.67225343255,-71.6165667396,0.231853750864,-0.697651525942
2437500000,ANT2,0.705572118582,23.3995467145,0.995420716278,0.430747659451
2437500000,ANT3,-0.19158544376,10.3030769535,0.962411591103,0.174953220257
2437500000,ANT4,2.03190225568,36.8668291784,1.01088683982,0.758080542784
2437500000,ANT5,2.14153504695,37.3988221505,1.0165548261,0.777181738389
2437500000,ANT6,-0.223144489018,11.6872903662,0.95443034014,0.197432235479
2437500000,ANT7,0.891854350254,24.0396273955,1.01201982921,0.451419206789
2437500000,ANT8,-2.68388040614,-72.078626019,0.225917475946,-0.698562868322
2450000000,ANT1,-3.6343135849,-69.8650099319,0.226535872641,-0.617868926532
2450000000,ANT2,1.04717508166,23.1591837267,1.03721953886,0.443678502817
2450000000,ANT3,0.240483913051,11.2310300194,1.00838577795,0.200233350363
2450000000,ANT4,2.22170066053,34.6779664241,1.06205875457,0.734800260061
2450000000,ANT5,2.29597820577,35.003197015,1.06695587865,0.747179276296
2450000000,ANT6,0.154679618854,12.4132214275,0.994170324967,0.218823036492
2450000000,ANT7,1.2870111478,23.4872554688,1.06362940303,0.462197937
2450000000,ANT8,-3.61271504276,-70.1068441496,0.224483471821,-0.62036026977
2462500000,ANT1,-4.3046786541,-65.7997397921,0.249731185158,-0.555670338335
2462500000,ANT2,1.27820770491,21.4042822456,1.07863219916,0.422804336679
2462500000,ANT3,0.622258412963,10.9813716402,1.05459794299,0.204637264033
2462500000,ANT4,2.2696094668,32.5277157586,1.09490328014,0.698275145224
2462500000,ANT5,2.35036512693,32.7727586834,1.10210605611,0.709517487475
2462500000,ANT6,0.541856350922,12.2052052549,1.04031217752,0.22502238532
2462500000,ANT7,1.51766221507,22.0999399235,1.10342327314,0.448052381025
2462500000,ANT8,-4.2752806235,-66.1915337141,0.246759413742,-0.559254657733
2475000000,ANT1,-4.63697995179,-60.8243360721,0.285835183988,-0.51195232782
2475000000,ANT2,1.46219056831,20.1424966733,1.1109658169,0.407490370398
2475000000,ANT3,0.853476892625,10.0558340759,1.0863017189,0.192635991441
2475000000,ANT4,2.21271097502,30.4308859027,1.11240798674,0.653452208992
2475000000,ANT5,2.24430279939,30.5179577922,1.11546338792,0.657529154151
2475000000,ANT6,0.789200574283,11.0457455913,1.07482822133,0.209816159502
2475000000,ANT7,1.69286831519,20.364981394,1.13923235361,0.422884305618
2475000000,ANT8,-4.61777017303,-61.7335653574,0.27829012936,-0.517566998732
2487500000,ANT1,-4.72102390819,-55.6240558352,0.327872858866,-0.479277775814
2487500000,ANT2,1.47269234393,18.0863785226,1.12623147296,0.36781285588
2487500000,ANT3,1.08471957687,8.56513432456,1.12037952652,0.168744168724
2487500000,ANT4,2.04794726096,28.5652214169,1.11180105744,0.605298428419
2487500000,ANT5,2.06557461225,28.7196677428,1.11242066329,0.609528931344
2487500000,ANT6,1.03538870549,9.92874231292,1.10972606406,0.194251901664
2487500000,ANT7,1.7283694215,18.462575295,1.15736372973,0.386408064549
2487500000,ANT8,-4.71366801281,-56.7036637797,0.319054381996,-0.485781567688
2500000000,ANT1,-4.53904445939,-50.6288909527,0.376158096519,-0.458413444683
2500000000,ANT2,1.45039167147,17.751971387,1.12546571956,0.36030710965
2500000000,ANT3,1.20874636104,6.89660082675,1.14099447851,0.138006821127
2500000000,ANT4,1.83631897447,26.7244913755,1.10345485664,0.555571093846
2500000000,ANT5,1.78958846988,26.663193091,1.09812472159,0.551415600181
2500000000,ANT6,1.1361995123,8.20186618161,1.12809313719,0.162598210684
2500000000,ANT7,1.69647146279,16.1842799886,1.16751440193,0.338846953447
2500000000,ANT8,-4.57867199254,-51.7935118978,0.365093638071,-0.463843166485
2512500000,ANT1,-4.03376358342,-45.2645257406,0.442366740469,-0.446470393017
2512500000,ANT2,1.38168006647,12.7068149336,1.14370761134,0.257888590663
2512500000,ANT3,1.22592918239,5.76156931224,1.14576871393,0.115606550022
2512500000,ANT4,1.38439587848,25.7885862445,1.05598539422,0.510223789827
2512500000,ANT5,1.43098710465,25.7341662541,1.06215167484,0.511959381237
2512500000,ANT6,1.20112014041,6.65698849102,1.14055979459,0.133117033483
2512500000,ANT7,1.53229349484,14.8791099308,1.15293001933,0.306320882678
2512500000,ANT8,-4.12264228383,-46.2627094256,0.43009818892,-0.449485988312
2525000000,ANT1,-3.25519691652,-42.6679099672,0.505476947615,-0.465916799455
2525000000,ANT2,1.00476715166,13.6357826735,1.09099181007,0.264660035939
2525000000,ANT3,1.19813396645,5.19632214387,1.14318933268,0.103964389911
2525000000,ANT4,0.940919880999,26.5651278523,0.996760219261,0.498381777007
2525000000,ANT5,0.936340583396,25.555847767,1.004854338,0.480493784313
2525000000,ANT6,1.06291098196,3.61531448377,1.12792546737,0.0712657350315
2525000000,ANT7,1.32024812699,11.4742151437,1.14089277838,0.231582618764
2525000000,ANT8,-3.20812377494,-43.374700097,0.502406596302,-0.474682242011
2537500000,ANT1,-1.89111388998,-43.2930022737,0.585450361262,-0.551565527095
2537500000,ANT2,0.646405697618,12.7346258126,1.05076042212,0.237466440145
2537500000,ANT3,1.02866967609,2.04049577875,1.12501422829,0.0400824947808
2537500000,ANT4,0.346472468743,28.3518125995,0.91586216772,0.494209821826
2537500000,ANT5,0.201413770674,28.6055977348,0.898532203699,0.490009547936
2537500000,ANT6,0.92246300565,2.99235810605,1.11053074992,0.0580519262645
2537500000,ANT7,0.800528995112,12.8255660132,1.06918661804,0.243414999339
2537500000,ANT8,-2.05483972391,-44.2574537712,0.565326179595,-0.550859737977
2550000000,ANT1,-0.912352432641,-50.8460333698,0.568448879115,-0.698131633202
2550000000,ANT2,0.167694787303,15.3730105777,0.983017048414,0.270269884688
2550000000,ANT3,0.560983330616,0.891099501538,1.06658786927,0.0165895737154
2550000000,ANT4,0.24077876312,33.9395673369,0.852946464932,0.574011636934
2550000000,ANT5,0.216283356603,34.6719524542,0.843158481727,0.583220178375
2550000000,ANT6,0.411461121063,2.1259733475,1.04778944551,0.0388963257554
2550000000,ANT7,0.348859004959,15.1229647447,1.00493023328,0.271583144259
2550000000,ANT8,-1.03370793102,-51.2785345926,0.555349281114,-0.692657249961
2562500000,ANT1,-1.26212418582,-61.5013864334,0.41260770772,-0.759972717236
2562500000,ANT2,0.197249464335,19.0777328684,0.966783460213,0.334358066612
2562500000,ANT3,0.0622720980118,3.99825728848,1.00474376135,0.0702278183434
2562500000,ANT4,0.986284202037,37.2739690444,0.891435973909,0.6784524124
2562500000,ANT5,1.10303887259,38.0149240902,0.894531591745,0.699259980672
2562500000,ANT6,-0.0254125383549,5.39739390884,0.992657746245,0.0937882296955
2562500000,ANT7,0.372169222128,19.9289630612,0.981273068664,0.355777029509
2562500000,ANT8,-1.43347713493,-62.1898538282,0.395565202334,-0.7499342369
2575000000,ANT1,-2.67362905805,-66.4899703079,0.293219622241,-0.67403627416
2575000000,ANT2,0.703886575076,21.6050920352,1.00822532914,0.39928830062
2575000000,ANT3,0.219675858247,8.14714983853,1.01526251451,0.145345755857
2575000000,ANT4,1.66238903603,35.9748504427,0.979976211542,0.711337387863
2575000000,ANT5,1.6891519011,36.2088989646,0.980077445049,0.717542043515
2575000000,ANT6,0.158193940215,9.67112714659,1.00390665773,0.171080276051
2575000000,ANT7,0.929303666734,21.8543461786,1.03294089626,0.414283819107
2575000000,ANT8,-2.68897191935,-66.9714942984,0.287037138388,-0.675282829881
2587500000,ANT1,-3.949657661,-63.2728824545,0.285417333247,-0.566820717882
2587500000,ANT2,1.10492120746,20.2419040144,1.06551633654,0.392918688134
2587500000,ANT3,0.773446935736,9.49734152002,1.07814807412,0.180368685976
2587500000,ANT4,1.90908028059,32.812947707,1.0470390548,0.675105553596
2587500000,ANT5,1.9173876896,32.8646210421,1.04743108294,0.676696472415
2587500000,ANT6,0.705160490964,10.5713128298,1.0661630221,0.19897452969
2587500000,ANT7,1.48741956039,20.8708837013,1.10891212727,0.422806795808
2587500000,ANT8,-3.94775850374,-63.5861283602,0.282375910876,-0.568496952226
2600000000,ANT1,-4.58000210211,-57.4038825381,0.317949328692,-0.497237740739
2600000000,ANT2,1.40870093886,19.0010290287,1.11199395546,0.382912563991
2600000000,ANT3,1.12556056811,8.59430312339,1.12557349062,0.170112512896
2600000000,ANT4,1.89416420844,29.6799667661,1.08051393029,0.615813652948
2600000000,ANT5,1.98364475784,29.7050382973,1.09143037052,0.622668098348
2600000000,ANT6,1.11404935024,9.98518363298,1.11962790515,0.197122090324
2600000000,ANT7,1.60759752765,18.7381062003,1.13953692944,0.38655687286
2600000000,ANT8,-4.55371524903,-58.2997445105,0.311076113348,-0.503670127231
2612500000,ANT1,-4.76094158733,-51.7520454518,0.357840763945,-0.453952177234
2612500000,ANT2,1.46918146122,16.7766836611,1.13388575005,0.341836860607
2612500000,ANT3,1.39050364507,7.38069004595,1.16388977041,0.150764032511
2612500000,ANT4,1.80859842549,27.4946510031,1.09239561725,0.568535550868
2612500000,ANT5,1.80673891582,27.4062698143,1.09303728085,0.566728467746
2612500000,ANT6,1.29158466634,8.64604796187,1.14713783031,0.174431428873
2612500000,ANT7,1.74029130553,16.8220380667,1.16955594365,0.353600675413
2612500000,ANT8,-4.74595683215,-52.7743351013,0.350288467014,-0.461059018227
2625000000,ANT1,-4.68981614049,-46.4109203675,0.401820245786,-0.422113895863
2625000000,ANT2,1.4556746636,13.9901685522,1.14737775349,0.285864293951
2625000000,ANT3,1.5499474356,6.24196441391,1.18826973758,0.12996805331
2625000000,ANT4,1.57820353511,25.7979166717,1.07972738234,0.521912176734
2625000000,ANT5,1.56943529996,25.4454430491,1.08182501101,0.514740166167
2625000000,ANT6,1.48267541165,7.26717816139,1.17660590943,0.150041664847
2625000000,ANT7,1.74114577677,15.1116751575,1.17970485851,0.318566703556
2625000000,ANT8,-4.6872659822,-47.4434256384,0.394264400705,-0.429412071129
2637500000,ANT1,-4.32244712052,-42.6442450757,0.447202387825,-0.411861476226
2637500000,ANT2,1.37754848618,13.8225513289,1.1379277467,0.279976812138
2637500000,ANT3,1.54141236717,5.0891830838,1.18947459901,0.105931433107
2637500000,ANT4,1.36983585083,24.2334941609,1.06765180451,0.480572134654
2637500000,ANT5,1.33842709962,24.0549028648,1.06528544606,0.475519306338
2637500000,ANT6,1.52899833549,5.52087465917,1.18694509446,0.114726279682
2637500000,ANT7,1.65949238546,13.685409947,1.17615978549,0.286399568742
2637500000,ANT8,-4.49326740423,-43.7621709688,0.430530940676,-0.412319014761
2650000000,ANT1,-3.75068223608,-37.2225920452,0.517056433092,-0.392788631514
2650000000,ANT2,1.26478233492,11.6494168154,1.13292161586,0.233573891588
2650000000,ANT3,1.66309663334,3.35453371053,1.20895479631,0.0708624587161
2650000000,ANT4,0.826412846113,22.2602837545,1.01785091994,0.416627087628
2650000000,ANT5,0.814876320655,22.6492281407,1.01365205621,0.422964822193
2650000000,ANT6,1.57116137244,4.2230438147,1.19502593269,0.0882404530549
2650000000,ANT7,1.4655787005,11.5426235475,1.15986057096,0.236874996878
2650000000,ANT8,-3.85522597188,-38.4565377381,0.502394544293,-0.399000817242
2662500000,ANT1,-2.86362491633,-34.5578169921,0.592258014035,-0.407928213342
2662500000,ANT2,0.960889547659,10.4746870222,1.09836356264,0.203067774776
2662500000,ANT3,1.63386926578,1.81534418216,1.20635586952,0.0382346522378
2662500000,ANT4,0.300467465422,22.3419422797,0.957487330321,0.393513226968
2662500000,ANT5,0.207226940673,22.6931834724,0.944859563066,0.395111242917
2662500000,ANT6,1.53650498687,2.52195864573,1.1923517717,0.0525170510378
2662500000,ANT7,1.2284279178,9.98830605738,1.1344581381,0.199796847538
2662500000,ANT8,-3.00376120786,-35.2776046675,0.577690816141,-0.408688988369
2675000000,ANT1,-1.79012901536,-34.2390112788,0.672729178504,-0.457856182653
2675000000,ANT2,0.58497178849,10.2346484767,1.05264680183,0.190058301121
2675000000,ANT3,1.56946801833,0.122306936507,1.19804301504,0.00255741687756
2675000000,ANT4,-0.366322390147,23.967901903,0.876036669128,0.389448745153
2675000000,ANT5,-0.371479783512,24.2173180691,0.873814055956,0.393025112955
2675000000,ANT6,1.42799601664,1.10953954941,1.17846954562,0.022824055323
2675000000,ANT7,0.892632133703,9.43239534624,1.09325064212,0.181621600304
2675000000,ANT8,-1.94713676814,-34.8450990021,0.655884628559,-0.456617756485
2687500000,ANT1,-0.672521955782,-37.7783016846,0.731498985343,-0.566965202412
2687500000,ANT2,0.304785699429,10.4069729472,1.01867466312,0.18708993915
2687500000,ANT3,1.3312124392,-1.58812462234,1.16518200566,-0.0323047925669
2687500000,ANT4,-0.779313080186,28.5532463933,0.802996164498,0.436958070174
2687500000,ANT5,-0.912395241167,28.9257601283,0.78797229099,0.435446420102
2687500000,ANT6,1.23133823772,-0.260051597037,1.15229171304,-0.00523000752333
2687500000,ANT7,0.445139618846,10.4101595882,1.035258401,0.190195232043
2687500000,ANT8,-0.948245718062,-38.669661153,0.700012882641,-0.560207753335
2700000000,ANT1,0.0120108119437,-47.2333829993,0.679953272975,-0.735141459857
2700000000,ANT2,-0.084392876319,13.6157149195,0.962499163834,0.233132514778
2700000000,ANT3,0.868946569265,-2.26469319109,1.10435317444,-0.043673799816
2700000000,ANT4,-0.652647464862,35.4200099755,0.755936823302,0.537613772503
2700000000,ANT5,-0.700322759606,36.0619318598,0.745761662959,0.543060151008
2700000000,ANT6,0.76733513942,-0.853063891894,1.09224136245,-0.0162633361554
2700000000,ANT7,-0.00233425215595,13.0196757454,0.974030960722,0.225225110835
2700000000,ANT8,-0.208595167687,-47.7661924179,0.656207736963,-0.722838726951
2712500000,ANT1,-0.672340030984,-58.2566548948,0.486926945206,-0.787069461568
2712500000,ANT2,-0.0179531219328,17.3288783895,0.952639718948,0.297241045993
2712500000,ANT3,0.363195153067,1.27187789894,1.04244402612,0.0231444506763
2712500000,ANT4,0.393841905133,38.4187880391,0.819833017447,0.650229471839
2712500000,ANT5,0.389270898067,38.9682466424,0.813131775819,0.657715319376
2712500000,ANT6,0.212168798163,2.63394765196,1.02364500742,0.0470912227818
2712500000,ANT7,0.160344464296,17.7521401878,0.970129031985,0.310580702578
2712500000,ANT8,-0.828528065809,-58.1172239149,0.480129174642,-0.771876892972
2725000000,ANT1,-2.46383920398,-60.7451237709,0.367998776684,-0.656977939283
2725000000,ANT2,0.678899587901,19.4405546911,1.01964930957,0.359886630995
2725000000,ANT3,0.6355941257,5.37653205798,1.07118573507,0.100814210959
2725000000,ANT4,1.11783979985,35.0203846005,0.931425830188,0.652685364927
2725000000,ANT5,1.11135388305,35.1405087133,0.929361158669,0.654148073306
2725000000,ANT6,0.580125939309,6.89922791588,1.06132919928,0.128420434096
2725000000,ANT7,0.884004195363,19.3729702293,1.04444729775,0.367254214916
2725000000,ANT8,-2.5439783272,-60.5050544371,0.367343351622,-0.649410839274
2737500000,ANT1,-3.71527501365,-54.4188648317,0.37935969369,-0.530252780075
2737500000,ANT2,1.11046682726,16.9058880359,1.08726926492,0.330459711626
2737500000,ANT3,1.21024699743,6.12625812742,1.14294424639,0.122675312731
2737500000,ANT4,1.29083474556,30.2417493316,1.00232659386,0.584346183609
2737500000,ANT5,1.2976456707,30.7049451816,0.998352403954,0.592894830164
2737500000,ANT6,1.15729454634,7.6018516828,1.13248108392,0.151142489302
2737500000,ANT7,1.39588298787,17.4822807669,1.12009788128,0.352784705402
2737500000,ANT8,-3.7470967615,-54.6441082945,0.375892565646,-0.529795506706
2750000000,ANT1,-3.87874837789,-46.3353426869,0.441759817906,-0.462846505398
2750000000,ANT2,1.19377365537,14.5190817251,1.11068995131,0.287638629421
2750000000,ANT3,1.59318947642,7.85264800091,1.190056981,0.164131709029
2750000000,ANT4,1.11541698149,25.3616398145,1.02744308487,0.487023132367
2750000000,ANT5,1.09181308666,27.6974446905,1.0040080934,0.527058915179
2750000000,ANT6,1.44275099442,4.67008640561,1.17677465591,0.0961299786129
2750000000,ANT7,1.52063415667,13.0934386218,1.16035671333,0.269883392199
2750000000,ANT8,-4.07882997313,-46.8589965716,0.427548260076,-0.456233154427
2762500000,ANT1,-3.74369992858,-39.4833813951,0.501562279436,-0.413211760651
2762500000,ANT2,1.27420047555,12.3173527165,1.13134782527,0.247032672743
2762500000,ANT3,1.73097348088,3.43151911891,1.21834225716,0.0730554802525
2762500000,ANT4,0.688632882139,23.8004368263,0.99044903723,0.436849095548
2762500000,ANT5,0.686634169421,24.2096513376,0.987076602093,0.4438096829
2762500000,ANT6,1.68479133308,4.27941862521,1.21067357614,0.0905936671765
2762500000,ANT7,1.46968591395,12.0055766065,1.15845642558,0.246355364038
2762500000,ANT8,-3.79121832645,-40.5605738359,0.491011919568,-0.420262375145
2775000000,ANT1,-3.05053203487,-34.7119477224,0.578573568378,-0.400801852661
2775000000,ANT2,1.00141568677,10.6165966538,1.10299152726,0.206749960905
2775000000,ANT3,1.78821833547,1.49453318394,1.22818320005,0.0320438430892
2775000000,ANT4,0.228103847042,22.4726488966,0.948650749424,0.392413559304
2775000000,ANT5,0.137569335066,22.7842580591,0.936688226724,0.393444679938
2775000000,ANT6,1.74661647406,2.66417044632,1.22140911635,0.0568347150962
2775000000,ANT7,1.31029787361,10.1098079015,1.14477139235,0.20411702889
2775000000,ANT8,-3.16168951715,-35.4300674189,0.566212133518,-0.402833385107
2787500000,ANT1,-2.29508689338,-31.975479581,0.651301716479,-0.406591018316
2787500000,ANT2,0.774009118226,9.23391399127,1.07903578989,0.175421173224
2787500000,ANT3,1.83637025243,0.0924409331396,1.23542944316,0.00199324192145
2787500000,ANT4,-0.325452826615,22.6226503641,0.889111964989,0.370514047816
2787500000,ANT5,-0.427953061804,22.5756831005,0.878981283829,0.365446984606
2787500000,ANT6,1.78031494649,1.39495799696,1.22711995629,0.0298821154822
2787500000,ANT7,1.05636660648,8.83000686382,1.11593880815,0.173354947742
2787500000,ANT8,-2.39856814182,-32.7741736688,0.637925290991,-0.410707941067
2800000000,ANT1,-1.42068163484,-31.375850826,0.724948190819,-0.442090973978
2800000000,ANT2,0.502695794376,9.24324050598,1.04582419473,0.170196634174
2800000000,ANT3,1.88428232196,-1.23474467962,1.24197616473,-0.0267691777196
2800000000,ANT4,-0.9163051006,23.6668566703,0.824195824234,0.361228182248
2800000000,ANT5,-0.999840912969,23.7360998531,0.815874215576,0.35875701633
2800000000,ANT6,1.71017765608,0.0144186285853,1.21761185835,0.000306415126322
2800000000,ANT7,0.77680821396,8.18865449309,1.08240506198,0.15575817366
2800000000,ANT8,-1.53713633797,-32.2386746454,0.708643736578,-0.446925086494
2812500000,ANT1,-0.549047061211,-32.2070857616,0.79429775212,-0.500333185923
2812500000,ANT2,0.258180977804,8.61093421059,1.01855809733,0.154241260486
2812500000,ANT3,1.7605300275,-2.58005424916,1.22344946167,-0.0551297374214
2812500000,ANT4,-1.3956632894,26.0387829335,0.765126987727,0.373818686091
2812500000,ANT5,-1.54559271322,26.3470808823,0.750045357911,0.371462687117
2812500000,ANT6,1.70371472745,-1.34333138824,1.21637184999,-0.0285237405599
2812500000,ANT7,0.495503048892,8.05418951454,1.04826238622,0.148334819242
2812500000,ANT8,-0.72762571781,-32.920516142,0.771970626768,-0.499802396689
2825000000,ANT1,0.222081952813,-35.312434801,0.837145077518,-0.59300456248
2825000000,ANT2,-0.0507410459556,9.52758122152,0.980461633717,0.164558241754
2825000000,ANT3,1.65066944084,-4.38006151405,1.20576649309,-0.0923566048663
2825000000,ANT4,-1.7668496371,30.0834985329,0.706028325443,0.408998682977
2825000000,ANT5,-1.86135397597,30.3659898006,0.696385037136,0.408011214536
2825000000,ANT6,1.54668544509,-2.74749497224,1.19353389308,-0.057277241234
2825000000,ANT7,0.221260537284,8.29002359783,1.01508209929,0.1479039593
2825000000,ANT8,0.0382472830039,-35.8271018655,0.814365109868,-0.587924420162
2837500000,ANT1,0.848936900124,-40.4512071564,0.839088877216,-0.715414694934
2837500000,ANT2,-0.277167392635,9.93922348477,0.95405643995,0.167182605787
2837500000,ANT3,1.40327994323,-5.53086794861,1.16986940184,-0.113281751848
2837500000,ANT4,-1.86846295904,35.3033291176,0.658146180671,0.466050885341
2837500000,ANT5,-1.90405655277,35.731218677,0.65197018721,0.469026980585
2837500000,ANT6,1.23702053712,-3.89888127001,1.15038903533,-0.0784030902589
2837500000,ANT7,-0.107543740071,9.56212486428,0.973971933547,0.164072837079
2837500000,ANT8,0.66799326404,-40.6549397686,0.819293248442,-0.703583093343
2850000000,ANT1,1.05346169686,-48.723814837,0.744753508393,-0.848446101897
2850000000,ANT2,-0.549799043498,13.2140857633,0.913810504379,0.214569345161
2850000000,ANT3,0.890947504476,-5.78561616563,1.10237522893,-0.111695597999
2850000000,ANT4,-1.30783913697,40.5525148625,0.653601847517,0.559265578595
2850000000,ANT5,-1.39050287364,41.4940679683,0.638220537516,0.564532046307
2850000000,ANT6,0.822886487455,-4.51362193397,1.09596158849,-0.0865162286862
2850000000,ANT7,-0.379630533102,12.3506496423,0.935081381719,0.204746791261
2850000000,ANT8,0.860475898422,-48.5882652997,0.730349910102,-0.828077406723
2862500000,ANT1,0.144899064909,-55.7476386776,0.572307096165,-0.840471093324
2862500000,ANT2,-0.371525483015,15.3880585888,0.923780222621,0.254244339365
2862500000,ANT3,0.456788384917,-1.71083894165,1.05352726784,-0.0314674372849
2862500000,ANT4,-0.177313643061,42.0028115413,0.728095901575,0.655645191199
2862500000,ANT5,-0.290020569156,42.8549494218,0.709004684473,0.657809699885
2862500000,ANT6,0.402989728246,-0.665770236135,1.0474183211,-0.0121714258175
2862500000,ANT7,-0.17561829362,17.3167537163,0.935565269045,0.291696264618
2862500000,ANT8,0.00980081077984,-59.4383254128,0.509039603592,-0.862054493848
2875000000,ANT1,-1.76285254448,-57.4622827767,0.439058440981,-0.688183568997
2875000000,ANT2,0.447329205257,17.5603695734,1.00378665615,0.317655884727
2875000000,ANT3,0.858857923374,2.42638409166,1.10294371648,0.0467358339147
2875000000,ANT4,0.467978801047,36.2172583607,0.851442536014,0.623555668229
2875000000,ANT5,0.433872532142,36.6633255085,0.843244570308,0.627695899516
2875000000,ANT6,0.765149267708,4.10495142006,1.08928592743,0.0781756049609
2875000000,ANT7,0.639292045681,17.6560465362,1.02567410885,0.326467607549
2875000000,ANT8,-1.84962723073,-57.1660527138,0.438210796138,-0.679086086995
2887500000,ANT1,-2.66685749831,-47.9040033029,0.493145176045,-0.545851246306
2887500000,ANT2,0.715673652553,15.3697858371,1.04704829212,0.287811197267
2887500000,ANT3,1.5170129308,2.17603123688,1.1899736878,0.0452156449822
2887500000,ANT4,0.335484230909,29.953399932,0.900551564033,0.518957558386
2887500000,ANT5,0.300840765752,30.3245735795,0.893599561008,0.522691676827
2887500000,ANT6,1.45735120834,3.76071655255,1.1801341394,0.0775717603111
2887500000,ANT7,1.04243095513,13.8970077071,1.09450957099,0.270803073735
2887500000,ANT8,-2.70193624517,-47.5775115422,0.49424750844,-0.540843620218
2900000000,ANT1,-2.20666210407,-38.8460652195,0.604104065126,-0.486512325704
2900000000,ANT2,0.672580071224,11.6214927137,1.05835979671,0.217663836894
2900000000,ANT3,1.83471473699,0.346090401818,1.23517306854,0.00746105117057
2900000000,ANT4,-0.311680038689,26.4413054858,0.863830858809,0.429585846767
2900000000,ANT5,-0.44381224324,26.78935212,0.848203636666,0.428260653924
2900000000,ANT6,1.75401850637,1.75720872142,1.22319767315,0.0375261109724
2900000000,ANT7,0.95626494763,10.7441294893,1.09681233497,0.208119900624
2900000000,ANT8,-2.25542387621,-38.8535137125,0.600659285101,-0.48386683336
2912500000,ANT1,-1.33280146114,-34.377823233,0.707927314715,-0.484325582399
2912500000,ANT2,0.422090820218,9.39365876859,1.0357175902,0.171344167362
2912500000,ANT3,1.93771297293,-1.59440845083,1.24944594682,-0.0347781559763
2912500000,ANT4,-1.04146369294,26.2395361186,0.795603609738,0.392167660941
2912500000,ANT5,-1.13992438907,26.5235458426,0.784704122351,0.391641764086
2912500000,ANT6,1.79634759792,-0.457089610841,1.22971242066,-0.009810507884
2912500000,ANT7,0.736665089958,8.83358336037,1.0756007416,0.167157412932
2912500000,ANT8,-1.37862693789,-34.5610027955,0.702658350102,-0.484026009893
2925000000,ANT1,-0.423677474437,-33.2727839061,0.796265241085,-0.522507230951
2925000000,ANT2,0.158819443352,9.19279388536,1.00537231657,0.162705023072
2925000000,ANT3,1.95141988947,-3.63977719832,1.24937868573,-0.0794750882492
2925000000,ANT4,-1.67905657879,27.8265364167,0.728917967961,0.38474639511
2925000000,ANT5,-1.78927472914,28.1153555148,0.717802794344,0.383518254303
2925000000,ANT6,1.8552861463,-2.27214544041,1.23715104173,-0.0490867145717
2925000000,ANT7,0.434045645342,7.66343760794,1.04185181985,0.140186956203
2925000000,ANT8,-0.507562342109,-33.61341688,0.785521786963,-0.522164611178
2937500000,ANT1,0.384365768055,-34.1561594855,0.864951503092,-0.586853441266
2937500000,ANT2,-0.0811225922766,8.38896802494,0.980103801158,0.144536314662
2937500000,ANT3,1.98702062542,-5.12518854949,1.25201978959,-0.112294612176
2937500000,ANT4,-2.17945343869,30.5800644891,0.669868670517,0.39584469959
2937500000,ANT5,-2.28070530262,31.3218882415,0.656984250829,0.399796529985
2937500000,ANT6,1.80752369433,-3.81930907126,1.22860018786,-0.0820194170782
2937500000,ANT7,0.165091479495,7.43257895547,1.01062517939,0.131841681716
2937500000,ANT8,0.197279766288,-34.6228426048,0.841814270857,-0.581224234303
2950000000,ANT1,0.952309694222,-36.4410854955,0.897685669787,-0.662825084181
2950000000,ANT2,-0.293366631616,9.27963194158,0.954136661193,0.155897609209
2950000000,ANT3,1.90232590624,-6.54586491996,1.2367326478,-0.141910826587
2950000000,ANT4,-2.44081799893,34.0397143642,0.625648077881,0.422636219348
2950000000,ANT5,-2.58457380636,34.5192866546,0.611877543925,0.420835112484
2950000000,ANT6,1.69982315796,-5.44323900055,1.21067715649,-0.115364568922
2950000000,ANT7,-0.0913671331655,7.53072000979,0.981001090722,0.129686376779
2950000000,ANT8,0.855666811639,-36.9391635541,0.882021276584,-0.663183550766
2962500000,ANT1,1.49764250974,-38.8250477026,0.92566797802,-0.744922664654
2962500000,ANT2,-0.51964810161,8.72799866589,0.931020094301,0.142931742729
2962500000,ANT3,1.71813080116,-7.96550419341,1.20696863093,-0.168887414335
2962500000,ANT4,-2.58651209449,37.5832604824,0.588377501917,0.452837889274
2962500000,ANT5,-2.70914882184,38.4427126689,0.573366054223,0.455140689237
2962500000,ANT6,1.56827488627,-6.71485298771,1.18966416682,-0.140066086613
2962500000,ANT7,-0.29671247445,8.02960981352,0.956941853873,0.134993748307
2962500000,ANT8,1.32797329522,-39.278176747,0.901955886335,-0.737668824638
2975000000,ANT1,1.8757935256,-40.8841839339,0.938277073388,-0.812307857016
2975000000,ANT2,-0.713385585977,9.76017892777,0.907817997257,0.156157707912
2975000000,ANT3,1.54643427849,-10.6756915968,1.17419142471,-0.221349864
2975000000,ANT4,-2.61339762127,42.9728607242,0.541563419038,0.504536680174
2975000000,ANT5,-2.66760033815,41.1031022638,0.554267304968,0.483571039175
2975000000,ANT6,1.4103488566,-7.97645794323,1.16491774211,-0.163230436991
2975000000,ANT7,-0.564195669081,8.64503948606,0.926462291791,0.140859274614
2975000000,ANT8,1.72600255378,-42.9448479279,0.892929249491,-0.831064490501
2987500000,ANT1,2.2835320767,-47.2209570183,0.883399078067,-0.954684439825
2987500000,ANT2,-0.988451631076,10.5791654068,0.877267210546,0.163845943288
2987500000,ANT3,1.23917735328,-10.606145619,1.13363984265,-0.212280786835
2987500000,ANT4,-2.32506734686,46.5994927241,0.525729991561,0.555934018988
2987500000,ANT5,-2.41054626994,47.3066911687,0.513747446184,0.556873247718
2987500000,ANT6,1.06394001225,-9.01668388329,1.11634100983,-0.177144281796
2987500000,ANT7,-0.924763190187,9.79277142941,0.885905382021,0.152907330147
2987500000,ANT8,2.06217899583,-47.4343342084,0.857698908156,-0.933863101657
3000000000,ANT1,2.21229630782,-54.5694487613,0.747876525463,-1.05117700971
3000000000,ANT2,-1.25785827282,14.8329247296,0.83635030506,0.221487514766
3000000000,ANT3,0.681587293666,-10.3011780341,1.06419716613,-0.193420005646
3000000000,ANT4,-1.4689309973,49.626690458,0.546979413598,0.64330555682
3000000000,ANT5,-1.54913319306,50.0953812217,0.536719986708,0.641804757732
3000000000,ANT6,0.514789974208,-8.41219622792,1.04964321007,-0.155226134925
3000000000,ANT7,-1.13998941332,13.3163026429,0.8534222702,0.201996890828
3000000000,ANT8,2.0072383008,-54.588476029,0.730086328395,-1.0268937912
3012500000,ANT1,1.06527658345,-60.5084445611,0.556531176772,-0.98400388514
3012500000,ANT2,-0.807592868464,16.2200722235,0.87494388203,0.254527117379
3012500000,ANT3,0.377718050499,-5.03814533328,1.04041052122,-0.091722134061
3012500000,ANT4,-0.520842752553,46.8426856021,0.644193586411,0.687021468736
3012500000,ANT5,-0.533849882603,47.6377161035,0.633649234161,0.694852486994
3012500000,ANT6,0.205581269911,-3.11204806931,1.02244069427,-0.055589038985
3012500000,ANT7,-0.650609065957,17.7593679373,0.883617445977,0.283007458906
3012500000,ANT8,0.864318665721,-59.8012039026,0.555629711122,-0.95471357004
3025000000,ANT1,-0.522156810266,-56.7765811135,0.515938072617,-0.78773310439
3025000000,ANT2,-0.131078127655,17.0089121343,0.941936769888,0.288139187648
3025000000,ANT3,1.00404700579,-1.68974358149,1.12205322484,-0.0331007296079
3025000000,ANT4,-0.321877069245,39.6882184792,0.741535935381,0.615377461749
3025000000,ANT5,-0.407887227576,40.430672841,0.72627219222,0.618776810509
3025000000,ANT6,0.884776440747,0.362416005742,1.10721034251,0.00700358918181
3025000000,ANT7,0.0988956946327,16.3981360687,0.970308226984,0.285542941528
3025000000,ANT8,-0.604719906427,-55.422030834,0.529359467019,-0.767981833628
3037500000,ANT1,-0.561671902281,-46.6481979534,0.643490002009,-0.68161925018
3037500000,ANT2,-0.000298549610287,12.6403972884,0.975729175925,0.21882375105
3037500000,ANT3,1.61716367465,-3.6406444253,1.20221146049,-0.0764929716736
3037500000,ANT4,-1.05747910228,35.8185289617,0.717926104454,0.518137656844
3037500000,ANT5,-1.11742158766,35.9788179213,0.711546311368,0.516566849121
3037500000,ANT6,1.44016161706,-1.25631183778,1.1800588646,-0.0258790362905
3037500000,ANT7,0.280734797623,12.4051656939,1.00873476861,0.221880066968
3037500000,ANT8,-0.601188947505,-45.2977556489,0.656382262119,-0.66324015935
3050000000,ANT1,0.341131849401,-41.6895193621,0.776671832778,-0.691734554076
3050000000,ANT2,-0.225675633538,11.1691886666,0.955897994245,0.18873875996
3050000000,ANT3,1.87003425336,-6.00672509946,1.23341918954,-0.12978395451
3050000000,ANT4,-1.92939499414,35.9760623398,0.648066636704,0.470434419086
3050000000,ANT5,-2.03337212196,36.1684293627,0.638790738002,0.466983839223
3050000000,ANT6,1.66960834722,-4.46533636709,1.20825934624,-0.0943565897527
3050000000,ANT7,0.0161109361442,9.68425841844,0.987579827904,0.16853086672
3050000000,ANT8,0.291557363507,-40.8363579588,0.78240726924,-0.676222723682
3062500000,ANT1,1.24369370054,-40.930203432,0.871814078064,-0.75599383069
3062500000,ANT2,-0.56563135893,9.76967530395,0.923366494669,0.158989846726
3062500000,ANT3,1.84783065538,-8.68900100048,1.22286430976,-0.186884293087
3062500000,ANT4,-2.50559698888,38.8721455903,0.583452808169,0.4703189267
3062500000,ANT5,-2.57649130758,40.0099806278,0.569332414201,0.477895646011
3062500000,ANT6,1.71283515825,-6.98434354089,1.2089463339,-0.148104622832
3062500000,ANT7,-0.309373494887,8.69696509062,0.953913143153,0.145917512177
3062500000,ANT8,1.15273363611,-40.7452186394,0.865142804727,-0.745328942994
3075000000,ANT1,1.84158488155,-42.7552884747,0.907672184122,-0.839198918365
3075000000,ANT2,-0.812897948233,10.4101880955,0.895667561054,0.164550392794
3075000000,ANT3,1.72338085394,-10.6976067381,1.19827054971,-0.226363732164
3075000000,ANT4,-2.70097581778,42.5046587691,0.540193970643,0.495077386017
3075000000,ANT5,-2.83351827505,43.6686801328,0.521998660904,0.498287119649
3075000000,ANT6,1.64185193172,-8.67964754142,1.19423601123,-0.182309666301
3075000000,ANT7,-0.597164984995,8.60443294603,0.92305157359,0.13967147592
3075000000,ANT8,1.73773935884,-43.0554171891,0.892529016527,-0.833912177261
3087500000,ANT1,2.37834990343,-44.5380828717,0.937293686822,-0.92230135373
3087500000,ANT2,-1.03131253994,9.92808377081,0.874745260045,0.153109345283
3087500000,ANT3,1.60639533408,-11.3551652116,1.17959896996,-0.236888443431
3087500000,ANT4,-2.86206928566,45.7325639273,0.502061814323,0.5150671809
3087500000,ANT5,-2.90089682626,47.6339183904,0.482534235404,0.529071072494
3087500000,ANT6,1.53031036164,-11.954273086,1.16679199391,-0.247036187987
3087500000,ANT7,-0.909245075298,8.56366818618,0.890571115162,0.134108637125
3087500000,ANT8,2.18846812802,-44.0107131054,0.925292546981,-0.893879038191
3100000000,ANT1,2.80609444015,-47.1870038607,0.938778257582,-1.01332714601
3100000000,ANT2,-1.33042321815,10.9013838385,0.842500266503,0.162261082394
3100000000,ANT3,1.435924708,-14.0876451723,1.14428492307,-0.287162207613
3100000000,ANT4,-2.8439839883,50.5455704554,0.458027928916,0.556533570163
3100000000,ANT5,-2.85866335354,51.116129585,0.451699245844,0.560119588848
3100000000,ANT6,1.32460259951,-12.3879539661,1.13762481331,-0.249872309141
3100000000,ANT7,-1.16125038529,8.87691509966,0.864378882757,0.135001338309
3100000000,ANT8,2.62769919762,-47.7773959796,0.909415814218,-1.00215110338
3112500000,ANT1,3.17700965451,-51.0722444345,0.905826830242,-1.12149139687
3112500000,ANT2,-1.5815381838,10.9754586777,0.81828725041,0.158695221557
3112500000,ANT3,1.23027251014,-16.1068714402,1.10693510403,-0.319644219202
3112500000,ANT4,-2.61320035576,54.7435304573,0.427262170163,0.604417174961
3112500000,ANT5,-2.69420432928,55.8337753473,0.411825823635,0.606752367975
3112500000,ANT6,1.02988671414,-14.1065402942,1.09193379832,-0.274407324307
3112500000,ANT7,-1.6033972755,9.9706251882,0.818881004267,0.143957971324
3112500000,ANT8,3.05517126556,-50.2377335016,0.909220994896,-1.09274347524
3125000000,ANT1,3.50276799691,-55.8714624929,0.839732610741,-1.23895019899
3125000000,ANT2,-2.01005745007,14.1496456943,0.769337426751,0.193953033934
3125000000,ANT3,0.752088311737,-17.581476979,1.03951009321,-0.329382185478
3125000000,ANT4,-2.03307215487,58.2655634772,0.416215293309,0.673004896545
3125000000,ANT5,-2.05514835631,59.0038197166,0.406474896175,0.676589997057
3125000000,ANT6,0.548597025656,-15.2389772701,1.02774224858,-0.279982291895
3125000000,ANT7,-1.96773746737,12.7730296705,0.777554177972,0.176271112495
3125000000,ANT8,3.26256209432,-55.5001418166,0.824621336252,-1.19983785164
3137500000,ANT1,3.36318577406,-62.1577090984,0.687880252522,-1.30235001791
3137500000,ANT2,-2.06506249433,17.1342233591,0.753409059629,0.232271591422
3137500000,ANT3,0.101500245563,-16.7016992358,0.969072300979,-0.290766950594
3137500000,ANT4,-1.14752396485,59.6091332359,0.44328728861,0.755840914646
3137500000,ANT5,-1.16997507216,60.0776170239,0.435964013705,0.757479733488
3137500000,ANT6,-0.136651009662,-13.673390374,0.956491976208,-0.232697045946
3137500000,ANT7,-2.10558504886,17.4053279992,0.748800035617,0.234736179356
3137500000,ANT8,3.16011157024,-61.6935029099,0.682269853374,-1.26676847868
3150000000,ANT1,2.53511704097,-67.7135899566,0.507769030954,-1.23890575754
3150000000,ANT2,-1.65157123034,21.8964540412,0.767191142891,0.308353710027
3150000000,ANT3,-0.316881393008,-11.5961527342,0.944495121149,-0.193810913112
3150000000,ANT4,-0.427039759307,55.8968647097,0.533785057433,0.788304312952
3150000000,ANT5,-0.413038406219,56.6702484855,0.523940041565,0.796720613264
3150000000,ANT6,-0.491771241361,-9.01371216312,0.933286299159,-0.148046996184
3150000000,ANT7,-1.58178334802,21.0628020903,0.777820776472,0.299556033651
3150000000,ANT8,2.34696833728,-67.2029144728,0.507674132183,-1.20788102372
3162500000,ANT1,1.23957134674,-66.2207273701,0.465065865396,-1.05547943989
3162500000,ANT2,-0.957312611185,19.9924833222,0.84166820017,0.306217131158
3162500000,ANT3,0.174755579029,-5.96290259621,1.01480264504,-0.105995786495
3162500000,ANT4,-0.341585806997,50.4432588126,0.612283351575,0.741262223192
3162500000,ANT5,-0.361421749143,50.509500367,0.610031226103,0.74027710813
3162500000,ANT6,-0.00107359098103,-4.05596065908,0.99737215893,-0.0707220169795
3162500000,ANT7,-0.824256609323,20.4310403527,0.852255609289,0.317476699291
3162500000,ANT8,1.07132344186,-65.1366922291,0.475647857294,-1.0264162655
3175000000,ANT1,0.844483320571,-58.6588797867,0.573241883006,-0.941294772997
3175000000,ANT2,-0.696900153728,17.7476989389,0.878978083415,0.281324185449
3175000000,ANT3,0.957207803334,-6.99499535956,1.10819390207,-0.135970845469
3175000000,ANT4,-1.00137500511,47.2867720027,0.604465949016,0.654750106092
3175000000,ANT5,-1.06991534733,46.0280596751,0.613839953571,0.636273173742
3175000000,ANT6,0.776851391784,-3.98827995859,1.09091160651,-0.0760597332309
3175000000,ANT7,-0.509734948543,16.1409409726,0.905830902924,0.262155989976
3175000000,ANT8,0.699382939024,-57.5613164845,0.581373543319,-0.914732439746
3187500000,ANT1,1.48735786036,-52.3664127592,0.724655268136,-0.939843830257
3187500000,ANT2,-0.899303721859,14.2583536905,0.873868296298,0.222069906896
3187500000,ANT3,1.19282229682,-9.55906282982,1.13127620739,-0.190509741899
3187500000,ANT4,-1.80049483047,47.4624885017,0.549501262872,0.598887748827
3187500000,ANT5,-1.87276043405,47.1054645447,0.548638733555,0.590518526826
3187500000,ANT6,1.1630423177,-6.50551124211,1.13591709431,-0.129532087807
3187500000,ANT7,-0.814112789679,11.6848790392,0.891660651718,0.184408646786
3187500000,ANT8,1.54344930117,-52.080198945,0.734066232483,-0.94227759782
3200000000,ANT1,2.33386091246,-52.5886941426,0.794808718037,-1.03914162171
3200000000,ANT2,-1.3417045444,13.6039552711,0.832829994743,0.201543638645
3200000000,ANT3,1.22088424129,-13.8356670568,1.11752436991,-0.275228062957
3200000000,ANT4,-2.11106447635,52.0646748897,0.482126010438,0.618531016588
3200000000,ANT5,-2.19011271673,52.2325035127,0.475960789439,0.614324247953
3200000000,ANT6,1.09165390412,-10.4738982254,1.11502714497,-0.206132697706
3200000000,ANT7,-1.20880719747,12.0555328477,0.850891820949,0.181724789135
3200000000,ANT8,2.20528987708,-53.0584070965,0.774710403916,-1.03025888544
3212500000,ANT1,2.95952559305,-54.2936086944,0.820569221327,-1.14167414274
3212500000,ANT2,-1.71950299503,13.4419830989,0.797924330218,0.190710354025
3212500000,ANT3,1.11088123197,-16.3158234916,1.09066684386,-0.319260299273
3212500000,ANT4,-2.18548590182,56.0539063699,0.434191144659,0.645023065934
3212500000,ANT5,-2.24922475217,56.9904690441,0.420492981953,0.647266664717
3212500000,ANT6,0.889109984245,-13.6558445211,1.07646946361,-0.261536244497
3212500000,ANT7,-1.62871064161,12.2874606403,0.810027946302,0.176428958304
3212500000,ANT8,2.82340748137,-54.5085424462,0.803588326554,-1.12694464994
3225000000,ANT1,3.5080992037,-57.2658695541,0.80983149726,-1.25979085358
3225000000,ANT2,-2.00079859792,13.3105854885,0.772918615365,0.182861002485
3225000000,ANT3,0.822363659169,-18.8742389222,1.04019631251,-0.355616368189
3225000000,ANT4,-2.03278441911,60.3402627698,0.391591020116,0.687654507415
3225000000,ANT5,-2.06527568243,61.3477979021,0.378022115739,0.691841074201
3225000000,ANT6,0.571921974585,-15.5716994357,1.02885821741,-0.286714642795
3225000000,ANT7,-2.11847468536,13.6627617494,0.761394506671,0.185083796388
3225000000,ANT8,3.31494854736,-56.9495999977,0.798810736752,-1.22769503781
3237500000,ANT1,3.81803750529,-61.212212749,0.747409273649,-1.36021912265
3237500000,ANT2,-2.52765745472,15.5598020678,0.720114705702,0.200515137613
3237500000,ANT3,0.343012258988,-20.9320068491,0.971627583334,-0.371650550252
3237500000,ANT4,-1.4924558206,63.9562249683,0.369742029602,0.756615797778
3237500000,ANT5,-1.55332345775,65.0535100262,0.352704673956,0.758225597466
3237500000,ANT6,0.173460699725,-17.876675948,0.970916713805,-0.313161136
3237500000,ANT7,-2.49564527687,15.8831252993,0.72162641483,0.205330932469
3237500000,ANT8,3.73457154593,-60.4317668155,0.758543127723,-1.33700283932
3250000000,ANT1,3.97474059589,-65.6744547673,0.650954464874,-1.43999218903
3250000000,ANT2,-2.70766986588,21.2208228053,0.682530440283,0.265021518811
3250000000,ANT3,-0.204814765353,-21.4614519745,0.908975434948,-0.357348692046
3250000000,ANT4,-0.8599070681,64.3781448422,0.391669882249,0.816678518167
3250000000,ANT5,-0.847569674499,66.2949679233,0.364651519531,0.830501160491
3250000000,ANT6,-0.487417875479,-18.4215406449,0.896983026752,-0.298761128055
3250000000,ANT7,-2.72642645559,19.6195358395,0.688182001262,0.245315017854
3250000000,ANT8,3.85906510901,-65.9560240236,0.635352084688,-1.42408153615
3262500000,ANT1,3.78254454623,-70.7339811941,0.510013169468,-1.45914265465
3262500000,ANT2,-2.47562080341,24.0278603778,0.686839144065,0.30620075923
3262500000,ANT3,-0.805055449373,-19.4157949839,0.859645258898,-0.302995280723
3262500000,ANT4,-0.263121456394,64.2281117532,0.42181574559,0.873661456749
3262500000,ANT5,-0.219418480547,65.3340522151,0.406916793836,0.886087360742
3262500000,ANT6,-1.06963829546,-16.5744880935,0.847397942361,-0.252209501964
3262500000,ANT7,-2.52748462056,23.7279457255,0.684334122466,0.300799860742
3262500000,ANT8,3.57779455951,-70.5937058001,0.501619017975,-1.42392511046
3275000000,ANT1,3.37522436994,-74.0692133591,0.404823313463,-1.41825050663
3275000000,ANT2,-2.13052222203,27.064299883,0.69679671325,0.356021212613
3275000000,ANT3,-1.13837898215,-16.1744207044,0.842444708463,-0.244345017167
3275000000,ANT4,0.130949563625,61.766177514,0.480257038037,0.894407407935
3275000000,ANT5,0.108141788129,62.6392119441,0.465349896656,0.899256720321
3275000000,ANT6,-1.37213719879,-13.3081586687,0.8309429141,-0.196551520078
3275000000,ANT7,-2.11365504743,26.3319687648,0.702653351751,0.347760868097
3275000000,ANT8,3.1403777287,-74.2498653736,0.389670089318,-1.38165348997
3287500000,ANT1,2.7927488162,-76.3270201619,0.326022872948,-1.34014589221
3287500000,ANT2,-1.66369184926,26.7039217493,0.737619679121,0.371047311417
3287500000,ANT3,-1.21038455657,-12.5124551509,0.849261320586,-0.188470400177
3287500000,ANT4,0.286114406615,59.3248094513,0.527255482031,0.888875969931
3287500000,ANT5,0.268673673683,60.1733089082,0.513003572253,0.894787916568
3287500000,ANT6,-1.36277729661,-9.44670622247,0.843201236619,-0.140297351611
3287500000,ANT7,-1.70733663332,27.0612088166,0.731606142907,0.373756965423
3287500000,ANT8,2.59665343926,-74.9770673901,0.349524088519,-1.30235636288
3300000000,ANT1,2.27576855536,-75.2087001846,0.331770257157,-1.25647251838
3300000000,ANT2,-1.37158160642,26.6655994913,0.763104483607,0.383227677886
3300000000,ANT3,-0.939295950287,-10.5792214636,0.882245804579,-0.164776681459
3300000000,ANT4,0.181819983426,58.5123706359,0.533363201225,0.87079160366
3300000000,ANT5,0.19130820503,56.4014353098,0.565693980811,0.851484164797
3300000000,ANT6,-1.16298917269,-7.79986451231,0.866590285794,-0.118706015326
3300000000,ANT7,-1.2816979207,25.0497994513,0.781654076182,0.365318730805
3300000000,ANT8,2.10666790628,-73.0414187278,0.371741054355,-1.21906137327
3312500000,ANT1,1.84463458416,-72.4237199817,0.373424734774,-1.17887702567
3312500000,ANT2,-1.1936204582,23.9833082653,0.796352684488,0.354281108136
3312500000,ANT3,-0.435933446325,-8.90865638072,0.939576941689,-0.147279260529
3312500000,ANT4,-0.0249565867345,55.793576473,0.560563154968,0.824644749084
3312500000,ANT5,-0.0694880882754,56.0178732199,0.554480563082,0.822604646929
3312500000,ANT6,-0.631324826866,-6.88815711353,0.923182832769,-0.111523789093
3312500000,ANT7,-1.1481070822,23.5320427783,0.803316604792,0.349826324392
3312500000,ANT8,1.65879590443,-71.1062672606,0.391954199429,-1.14521328796
3325000000,ANT1,1.94676154911,-68.7862802911,0.452755801658,-1.16644562383
3325000000,ANT2,-1.32501873222,22.3415274811,0.794072248267,0.326345309099
3325000000,ANT3,-0.0411373166065,-10.7383188824,0.977846234508,-0.185443373023
3325000000,ANT4,-0.459885820684,56.3555588476,0.525466238638,0.789560930117
3325000000,ANT5,-0.525138996028,56.6373392322,0.517673152452,0.786206951489
3325000000,ANT6,-0.19263014686,-9.07268366649,0.965830247403,-0.154228694333
3325000000,ANT7,-1.24294447845,21.0489219669,0.808838819806,0.311276784521
3325000000,ANT8,1.83999394174,-67.7860646878,0.467269330953,-1.14421296081
3337500000,ANT1,2.52451486227,-67.0707129941,0.521001361881,-1.23162629396
3337500000,ANT2,-1.7069572471,20.7256773707,0.768415914546,0.290753784529
3337500000,ANT3,0.0660640108773,-14.2726603351,0.976532716824,-0.248418884102
3337500000,ANT4,-0.770747016273,58.7814109003,0.474293995332,0.782579350438
3337500000,ANT5,-0.778307731884,59.7846677684,0.460118227787,0.790075881471
3337500000,ANT6,-0.111887894806,-12.4174595645,0.964107248353,-0.212280738067
3337500000,ANT7,-1.63872397997,20.5597334452,0.775321582116,0.290802521839
3337500000,ANT8,2.41604499689,-66.0906565909,0.535265013942,-1.20736256699
3350000000,ANT1,3.251758004,-67.4877220721,0.556739675142,-1.34327423773
3350000000,ANT2,-2.23640014918,21.6692221995,0.718373730912,0.285428721063
3350000000,ANT3,-0.189773266873,-18.0176514768,0.930409565057,-0.302625323299
3350000000,ANT4,-0.644740093328,62.5095226551,0.428578035287,0.823624935313
3350000000,ANT5,-0.698653639294,62.9515104284,0.419599223656,0.821789774076
3350000000,ANT6,-0.389394991122,-15.5125156947,0.921328374748,-0.25572371794
3350000000,ANT7,-2.16827773748,21.7195688671,0.723776938573,0.288312211415
3350000000,ANT8,3.07548187328,-67.8319349065,0.537637189144,-1.31954159721
3362500000,ANT1,3.72242838406,-71.7603675871,0.480457075633,-1.45791889032
3362500000,ANT2,-2.51691632679,25.8519955112,0.673534340721,0.32635362095
3362500000,ANT3,-0.78508793592,-20.427670433,0.856126256149,-0.318861227125
3362500000,ANT4,-0.1983932223,65.7452812354,0.401517399041,0.891139580712
3362500000,ANT5,-0.197760790962,65.6121749774,0.403615944631,0.890269214042
3362500000,ANT6,-1.05512313653,-17.8362345615,0.843046516339,-0.271260856251
3362500000,ANT7,-2.52964213063,24.7780564846,0.678537904939,0.313213230109
3362500000,ANT8,3.56049515908,-71.963235627,0.466513098743,-1.43265110653
3375000000,ANT1,3.88180961407,-76.4164121342,0.367203117276,-1.51974035999
3375000000,ANT2,-2.49215181496,29.8861305749,0.65075905241,0.373993466612
3375000000,ANT3,-1.57359293303,-20.604957538,0.78092567003,-0.293607780623
3375000000,ANT4,0.395747495114,66.1959985404,0.422423846085,0.957581939762
3375000000,ANT5,0.369683408149,66.0008270418,0.42440783221,0.953272630151
3375000000,ANT6,-1.82424260027,-17.9684899062,0.77103080101,-0.250054378937
3375000000,ANT7,-2.54115714197,29.3597275385,0.650487204759,0.365928555304
3375000000,ANT8,3.78390397291,-76.4528241173,0.362132259085,-1.50293676957
3387500000,ANT1,3.72938633085,-81.1597785107,0.236094215532,-1.51802642815
3387500000,ANT2,-2.12266006853,32.7673872308,0.658564532835,0.423885532943
3387500000,ANT3,-2.28434936424,-18.0023744051,0.731110479728,-0.237585692177
3387500000,ANT4,0.878133228149,64.7380620828,0.472158157394,1.0005781317
3387500000,ANT5,0.872326332172,64.6375487326,0.473596007623,0.999080138696
3387500000,ANT6,-2.49787887766,-15.0161673177,0.724464283795,-0.194338737565
3387500000,ANT7,-2.14781370419,32.724418117,0.656976931955,0.422167187613
3387500000,ANT8,3.57285612346,-80.6890959296,0.244117465764,-1.4889596355
3400000000,ANT1,3.320849838,-85.3534223845,0.118734492204,-1.4608740289
3400000000,ANT2,-1.65159845495,34.7817285579,0.67910727056,0.471670742806
3400000000,ANT3,-2.65594336264,-13.6837445876,0.715644952312,-0.174240347742
3400000000,ANT4,1.21108468597,62.5826093442,0.529364551236,1.02048951571
3400000000,ANT5,1.09572414079,62.4509704057,0.524692639183,1.0058227778
3400000000,ANT6,-2.82528271596,-9.80718214145,0.711774617027,-0.123036710823
3400000000,ANT7,-1.65792222485,33.5698656494,0.68842954069,0.45686977129
3400000000,ANT8,3.16308809364,-84.5408248436,0.13693090748,-1.43278183727
3412500000,ANT1,2.86112202281,-86.6389997609,0.0814991185252,-1.38774111758
3412500000,ANT2,-1.19428413375,33.0809285302,0.730261180278,0.475704977066
3412500000,ANT3,-2.66416788549,-8.84575667067,0.727101589952,-0.11315592947
3412500000,ANT4,1.22206993065,59.8270830773,0.578543201504,0.995118413137
3412500000,ANT5,1.1603851803,60.4949370705,0.562893074817,0.994705044347
3412500000,ANT6,-2.79805537782,-3.33534158172,0.72337078446,-0.0421569910197
3412500000,ANT7,-1.1589762748,32.8490004096,0.735163151395,0.474670661141
3412500000,ANT8,2.5719065381,-87.4318510745,0.0602486705264,-1.34325639444
3425000000,ANT1,2.19765400231,-87.590992297,0.0541340215918,-1.28676344824
3425000000,ANT2,-0.931313914608,33.3259988448,0.750604187177,0.493542501188
3425000000,ANT3,-2.19172840999,-5.40449507518,0.773532656965,-0.0731815937538
3425000000,ANT4,1.11359823392,57.6514642398,0.608259697319,0.960369545365
3425000000,ANT5,1.05111593481,57.8398612566,0.600761394764,0.955466430953
3425000000,ANT6,-2.27288289369,-0.987937529791,0.769646487072,-0.0132721470914
3425000000,ANT7,-0.894484610486,32.1307266573,0.763968588411,0.479807705691
3425000000,ANT8,1.92804165773,-86.9646260966,0.066113245865,-1.24678725487
3437500000,ANT1,1.70365589975,-84.967090256,0.106738392342,-1.21200699025
3437500000,ANT2,-0.788775155402,29.9152276649,0.791520604129,0.455424499632
3437500000,ANT3,-1.60441547858,-3.91848496513,0.82939761119,-0.0568114893282
3437500000,ANT4,0.898329688611,56.448512064,0.612907651098,0.924196898638
3437500000,ANT5,0.821897591486,56.8173271452,0.601628470762,0.919991778029
3437500000,ANT6,-1.74642722829,-0.68770510515,0.817800467458,-0.00981630009227
3437500000,ANT7,-0.760742743738,30.7948587911,0.786971453366,0.469033435228
3437500000,ANT8,1.47647742617,-84.402645339,0.115609372216,-1.17963638922
3450000000,ANT1,1.61331635128,-81.5069357365,0.177834489002,-1.19090447937
3450000000,ANT2,-0.914754455893,29.0289015056,0.786973360405,0.43674554474
3450000000,ANT3,-1.09280504944,-5.56347319886,0.877625290598,-0.0854870708708
3450000000,ANT4,0.572082962481,55.8236968081,0.599985109279,0.883637184477
3450000000,ANT5,0.500308563528,56.6639731012,0.582131716029,0.884997650302
3450000000,ANT6,-1.21478602014,-2.95909389496,0.86832287866,-0.0448852583893
3450000000,ANT7,-0.871105708728,29.5068807162,0.787248747667,0.445528723841
3450000000,ANT8,1.40774335691,-80.9939493007,0.184081049228,-1.16144815482
3462500000,ANT1,2.01936174271,-78.4901230643,0.251762598121,-1.23636173541
3462500000,ANT2,-1.21842198386,25.8665832974,0.78204341965,0.379176385473
3462500000,ANT3,-0.967886797641,-9.29120600978,0.882816072995,-0.14442754786
3462500000,ANT4,0.320634612598,58.7700507878,0.537970861768,0.887248485735
3462500000,ANT5,0.22548191923,59.1297348421,0.526590011199,0.880904943904
3462500000,ANT6,-1.05966901823,-6.37841845796,0.879670118441,-0.0983353141452
3462500000,ANT7,-1.1974263744,28.136967288,0.768263140994,0.410851538761
3462500000,ANT8,1.8779258996,-77.7435886833,0.263523735999,-1.21306206978
3475000000,ANT1,2.70574377583,-79.1175179727,0.257797170418,-1.34092956349
3475000000,ANT2,-1.64657266174,28.6146747562,0.726267812655,0.396215408281
3475000000,ANT3,-1.33466408208,-13.0968570739,0.835257876701,-0.194322298461
3475000000,ANT4,0.458828222802,61.1861905057,0.508108890436,0.923719202469
3475000000,ANT5,0.362283256057,62.6720726646,0.478635632437,0.926231548598
3475000000,ANT6,-1.50147630349,-10.7919944031,0.826373274461,-0.157519470253
3475000000,ANT7,-1.61875806593,29.6109608442,0.721575772399,0.410094696695
3475000000,ANT8,2.57461585855,-79.0775293211,0.254856319607,-1.32066049448
3487500000,ANT1,3.17072405614,-83.0461488512,0.174410343235,-1.42997919853
3487500000,ANT2,-1.78056568873,32.2375793458,0.68906742777,0.434560353003
3487500000,ANT3,-2.12841052069,-14.697106719,0.757062851288,-0.198570860795
3487500000,ANT4,0.876164879541,63.4557907372,0.494318813895,0.989537349517
3487500000,ANT5,0.853364562365,63.3316531846,0.495160097997,0.985872732966
3487500000,ANT6,-2.28969146028,-11.1768617531,0.753701311988,-0.148920596804
3487500000,ANT7,-1.68521483411,32.931696704,0.691299813731,0.447764591161
3487500000,ANT8,2.98362900578,-83.0366026481,0.170926869985,-1.3994781941
3500000000,ANT1,3.25850094753,-89.0389729684,0.0244071828404,-1.45500321547
3500000000,ANT2,-1.49352284003,36.3940704308,0.677790647057,0.499602097918
3500000000,ANT3,-2.89373289043,-12.2269940242,0.700403751477,-0.151778096247
3500000000,ANT4,1.29679989443,62.7401736929,0.531778142731,1.03207619401
3500000000,ANT5,1.30857475853,61.7869712671,0.549618493548,1.02447471053
3500000000,ANT6,-3.06898215034,-8.30400961944,0.69498202943,-0.101436584609
3500000000,ANT7,-1.41243876281,35.9957601114,0.687636710533,0.499519572643
3500000000,ANT8,3.00480104312,-87.3469988902,0.0654183597412,-1.41180370359
3512500000,ANT1,2.83726062187,-93.6081122057,-0.0872435546153,-1.38357061778
3512500000,ANT2,-1.05746665173,36.307032368,0.713483448958,0.524240534713
3512500000,ANT3,-3.30468256058,-6.76867381134,0.678778820967,-0.0805631026796
3512500000,ANT4,1.61304105609,58.81525807,0.623466943106,1.03008526433
3512500000,ANT5,1.56440587881,60.434276612,0.590797245152,1.04144140186
3512500000,ANT6,-3.47491430362,-3.39872556074,0.6690980313,-0.0397368123525
3512500000,ANT7,-0.892236697484,39.4170269758,0.6971269974,0.572973606428
3512500000,ANT8,2.71459265664,-91.198082448,-0.0285799889565,-1.36657879843
3525000000,ANT1,2.41594742579,-95.1508986985,-0.118569391964,-1.31534600623
3525000000,ANT2,-0.693458178619,37.7126989474,0.73038504875,0.564764342559
3525000000,ANT3,-3.24372513474,-2.10973948431,0.687890413475,-0.0253408861326
3525000000,ANT4,1.61663085826,57.9094540216,0.639937668835,1.02052208435
3525000000,ANT5,1.57417744261,57.6745438693,0.640975852327,1.01292686793
3525000000,ANT6,-3.2899250914,1.8745310361,0.684338971587,0.022397331012
3525000000,ANT7,-0.583436293087,37.1373973642,0.745401135194,0.564507642358
3525000000,ANT8,2.2037889712,-95.0479870558,-0.113402609526,-1.28381279092
3537500000,ANT1,1.90335760701,-95.6335185671,-0.12221513598,-1.23898263095
3537500000,ANT2,-0.433039128368,35.3736061682,0.775739406397,0.550751647966
3537500000,ANT3,-2.92923786082,1.64102659722,0.713444100779,0.0204395681549
3537500000,ANT4,1.57701452396,56.8768886993,0.655228939059,1.00423347905
3537500000,ANT5,1.47830064175,56.5723930287,0.653091978664,0.989428281604
3537500000,ANT6,-2.91816871748,3.91476846631,0.712979506544,0.0487907002671
3537500000,ANT7,-0.367718315647,36.7131378408,0.768409452999,0.573028888303
3537500000,ANT8,1.68949124959,-95.4583022333,-0.115545332082,-1.20920757081
3550000000,ANT1,1.50333488468,-95.3057240723,-0.109943080516,-1.18386449707
3550000000,ANT2,-0.311869516972,35.6324056346,0.784106280532,0.562036018871
3550000000,ANT3,-2.45658231293,2.74847226504,0.752785097202,0.0361387426249
3550000000,ANT4,1.44257300113,55.9862991229,0.660456512374,0.978662161338
3550000000,ANT5,1.32204626622,54.5719498954,0.674979762135,0.948804726163
3550000000,ANT6,-2.50649362736,5.41093314979,0.745994753286,0.0706608909815
3550000000,ANT7,-0.213225113933,35.8632395806,0.79076539136,0.571645840198
3550000000,ANT8,1.22021641917,-94.9075755761,-0.0984518818165,-1.14661011633
3562500000,ANT1,1.19925135622,-94.0655236253,-0.0813939130308,-1.14516572855
3562500000,ANT2,-0.218537720479,33.2594604865,0.815419322143,0.53480486857
3562500000,ANT3,-2.06090976542,3.03307669641,0.787672541196,0.041736152657
3562500000,ANT4,1.26242636338,54.8355799178,0.666019699508,0.945388929854
3562500000,ANT5,1.16167869565,54.8138111943,0.658694161334,0.934236515529
3562500000,ANT6,-2.08374723816,6.14588171419,0.782184747588,0.0842250066172
3562500000,ANT7,-0.192791447756,35.0537687046,0.800643690507,0.561737224098
3562500000,ANT8,0.932629756571,-93.0760550884,-0.0597440025235,-1.11174528949
3575000000,ANT1,0.956657717103,-91.9950810157,-0.038867179274,-1.11575680737
3575000000,ANT2,-0.256134077736,33.5587283415,0.80910506036,0.536728427567
3575000000,ANT3,-1.66540404911,1.54622768156,0.82522358785,0.0222755221449
3575000000,ANT4,1.1259915947,54.8151182991,0.655972157445,0.930420923655
3575000000,ANT5,0.990706282652,54.8321035775,0.64556276277,0.916233029724
3575000000,ANT6,-1.72101679349,5.32042716094,0.816721612878,0.0760586674083
3575000000,ANT7,-0.169050956635,33.1050530864,0.821524840756,0.535648554547
3575000000,ANT8,0.738250282522,-91.1825771312,-0.022469247207,-1.08847886801
3587500000,ANT1,1.0263085569,-89.8041144324,0.00384763962584,-1.12541549338
3587500000,ANT2,-0.386628768882,32.9231247586,0.802856302434,0.519850804797
3587500000,ANT3,-1.42353939859,-0.622881165824,0.848784354822,-0.00922777597039
3587500000,ANT4,0.930273902091,55.5565684401,0.629531086859,0.917913573519
3587500000,ANT5,0.839981198965,55.7443709835,0.620039860388,0.91045821932
3587500000,ANT6,-1.48079005454,2.80000465027,0.842251315236,0.0411930301207
3587500000,ANT7,-0.335121510084,31.6466383533,0.819080571895,0.504821256033
3587500000,ANT8,0.829516074145,-88.2437115875,0.0337194897447,-1.09969370394
3600000000,ANT1,1.55926749277,-88.9035861012,0.0228975369571,-1.19642052014
3600000000,ANT2,-0.79066130655,33.7716255964,0.75893353657,0.507517620878
3600000000,ANT3,-1.61600050831,-3.53374323821,0.82865442213,-0.0511725389277
3600000000,ANT4,0.930705791745,57.1444739158,0.603883400347,0.935052278834
3600000000,ANT5,0.844754852519,58.0387014443,0.583415060823,0.935064124964
3600000000,ANT6,-1.73630442082,-0.947958750048,0.818701026655,-0.0135466456962
3600000000,ANT7,-0.589681459805,32.5439504015,0.787648964995,0.502637551474
3600000000,ANT8,1.39791955845,-88.1134632686,0.0386687501876,-1.17397951103
3612500000,ANT1,1.9653545725,-91.6392744523,-0.0358705069723,-1.25340075865
3612500000,ANT2,-0.768205207754,34.8064171229,0.751584834263,0.52248991674
3612500000,ANT3,-2.3158818254,-3.53257820372,0.764504298664,-0.047195422168
3612500000,ANT4,1.23250202029,57.4347200042,0.620322239879,0.971267071371
3612500000,ANT5,1.17287846566,59.0766368261,0.588186452767,0.981879127834
3612500000,ANT6,-2.4509264487,-1.59013666576,0.753852538386,-0.0209271334599
3612500000,ANT7,-0.658605013967,36.0343203723,0.749615001515,0.545313521592
3612500000,ANT8,1.82288343737,-90.5901050037,-0.0127040782079,-1.23344883054
3625000000,ANT1,1.94939256177,-95.498220186,-0.119922968423,-1.24585329354
3625000000,ANT2,-0.501584589291,38.6428716672,0.737227483391,0.589424676071
3625000000,ANT3,-2.89434775568,-0.709686445145,0.71655461294,-0.00887596099488
3625000000,ANT4,1.58473390104,57.0621240456,0.652558555294,1.00724132456
3625000000,ANT5,1.44775255905,57.7457538103,0.630472676734,0.999074642792
3625000000,ANT6,-3.06420625935,1.67283550241,0.702432434718,0.0205143890939
3625000000,ANT7,-0.374135053759,36.8505264281,0.766466749061,0.574445264557
3625000000,ANT8,1.85239463622,-95.7662048225,-0.124352296123,-1.23144972294
3637500000,ANT1,1.65389364579,-99.2540304664,-0.194541886529,-1.19400256466
3637500000,ANT2,-0.185975253138,36.9661356833,0.782065562416,0.588604282281
3637500000,ANT3,-2.98044926022,3.97777119023,0.707831810182,0.0492204719324
3637500000,ANT4,1.6482991545,55.5523436554,0.683856741675,0.996967705056
3637500000,ANT5,1.5215687163,56.2594529805,0.661774684868,0.990769629583
3637500000,ANT6,-3.0068923702,6.97190091748,0.702153701879,0.0858641122575
3637500000,ANT7,-0.0741298629697,37.3356111708,0.788339795065,0.601328684144
3637500000,ANT8,1.42368522994,-97.8091851314,-0.160074404639,-1.16718004293
3650000000,ANT1,1.14008250947,-100.980222107,-0.217185596076,-1.1193858568
3650000000,ANT2,0.00346989194093,37.9140288863,0.789248884262,0.614723913721
3650000000,ANT3,-2.66132979551,7.30423412305,0.730121024731,0.0935855018222
3650000000,ANT4,1.661515334,54.2782390187,0.706930554915,0.983009907138
3650000000,ANT5,1.42062348596,54.199712639,0.688903891348,0.955178704958
3650000000,ANT6,-2.71124934063,10.5436745539,0.719518838503,0.133922318507
3650000000,ANT7,0.134794720737,36.5886239977,0.815493641449,0.605387844011
3650000000,ANT8,1.01209319403,-99.8482911115,-0.192177391184,-1.10702470693
3662500000,ANT1,0.827623773204,-101.186625879,-0.21340025674,-1.0790719488
3662500000,ANT2,0.189023209827,35.2477515379,0.834631324646,0.589809990675
3662500000,ANT3,-2.34800969159,10.1333086466,0.751227694811,0.134264659875
3662500000,ANT4,1.47284119565,53.3557594977,0.707136604697,0.950625878638
3662500000,ANT5,1.38118786173,53.5468599343,0.696572884958,0.942976173516
3662500000,ANT6,-2.36842688744,12.0813572742,0.744477390774,0.159348772229
3662500000,ANT7,0.261202373411,36.0991104972,0.832666243439,0.607170867604
3662500000,ANT8,0.584558165203,-99.277521509,-0.172439906498,-1.05562444
3675000000,ANT1,0.565733539741,-100.585093973,-0.19605841585,-1.04913834482
3675000000,ANT2,0.193253517952,35.640271345,0.830975735423,0.595804071779
3675000000,ANT3,-2.01032340356,10.1459747676,0.780977882283,0.139759990393
3675000000,ANT4,1.4121249436,53.5635953802,0.698781891064,0.946544966429
3675000000,ANT5,1.21823556434,53.3101092333,0.687444782656,0.922617616711
3675000000,ANT6,-2.03274643962,12.3352172679,0.773070695896,0.169054500274
3675000000,ANT7,0.307712777008,35.7073928981,0.841290660131,0.604693283545
3675000000,ANT8,0.346009500531,-100.117466919,-0.182805932712,-1.0244576126
3687500000,ANT1,0.346684999996,-100.428158547,-0.188373082501,-1.02353087034
3687500000,ANT2,0.267280700411,34.2569871759,0.852350038202,0.580496627603
3687500000,ANT3,-1.75430514463,10.8177395488,0.802597085298,0.153361135025
3687500000,ANT4,1.30495346488,52.6233961039,0.705461207292,0.923486243539
3687500000,ANT5,1.14405073713,53.4978257452,0.678597734635,0.916999426486
3687500000,ANT6,-1.77988770494,13.854256284,0.791013105045,0.195085880072
3687500000,ANT7,0.403202099987,35.0494607065,0.857554778762,0.601570229366
3687500000,ANT8,0.0680208471673,-99.6715070176,-0.169319970308,-0.993537329169
3700000000,ANT1,0.059254450458,-100.500597995,-0.183493304403,-0.989983611295
3700000000,ANT2,0.233408729019,35.0343490833,0.841109488834,0.58970299777
3700000000,ANT3,-1.35844178881,11.416290891,0.838299536356,0.169278895023
3700000000,ANT4,1.13146324862,52.9251781766,0.686732791868,0.908853381959
3700000000,ANT5,1.04414488836,52.7989414842,0.681844468637,0.898262453438
3700000000,ANT6,-1.37097975607,12.5402259055,0.833613648808,0.185421815826
3700000000,ANT7,0.46268369757,34.7181279382,0.866935766478,0.600700678009
3700000000,ANT8,-0.201533469154,-98.9325154838,-0.151709844331,-0.965214777249
3712500000,ANT1,-0.229655219536,-97.7971106162,-0.13212561128,-0.964902369559
3712500000,ANT2,0.343275969271,34.061027953,0.861837995255,0.582653650138
3712500000,ANT3,-0.969667144577,9.31254587183,0.882581298357,0.144726675766
3712500000,ANT4,0.997209727768,52.3561374488,0.685054371938,0.888153894165
3712500000,ANT5,0.871645586506,52.8921243778,0.667003763563,0.8816851364
3712500000,ANT6,-0.999111924056,11.9329065891,0.872080517271,0.184299355836
3712500000,ANT7,0.465858327602,33.6624855766,0.878176478643,0.58484054202
3712500000,ANT8,-0.479555322978,-96.4201172009,-0.105811620539,-0.940351183441
3725000000,ANT1,-0.0619027950167,-95.1353628785,-0.0888733878536,-0.988913028483
3725000000,ANT2,0.145125539114,33.2657075298,0.850223493312,0.55776428775
3725000000,ANT3,-0.847958530766,6.41525812396,0.901309726648,0.101341134237
3725000000,ANT4,0.895592757564,54.1299796822,0.649589551167,0.898362029532
3725000000,ANT5,0.719985539071,54.4767777262,0.631247950665,0.884218711781
3725000000,ANT6,-0.960227839687,7.95426517977,0.886727061809,0.123899655728
3725000000,ANT7,0.321711650686,32.6608284717,0.873646497435,0.560027993527
3725000000,ANT8,-0.212326320964,-93.7674538352,-0.0641203655346,-0.973742527158
3737500000,ANT1,0.410180702964,-95.5529598764,-0.101445044729,-1.04343685537
3737500000,ANT2,-0.0628337713451,33.573423386,0.827172376527,0.549019132383
3737500000,ANT3,-1.33285818088,2.87825423675,0.856660765553,0.0430706012775
3737500000,ANT4,1.00827834549,54.7526642597,0.648142382995,0.917190745895
3737500000,ANT5,0.879745166783,56.6176810059,0.608872090423,0.924023333818
3737500000,ANT6,-1.43233124463,8.41985420769,0.838835982663,0.124165549135
3737500000,ANT7,0.142806311986,33.1537460398,0.851084515475,0.555953339613
3737500000,ANT8,0.387012669629,-93.8426632595,-0.0700704173466,-1.0432134368
3750000000,ANT1,0.715251823506,-98.7550872081,-0.165275710187,-1.07317977357
3750000000,ANT2,0.0710993228011,36.2960366866,0.812593658522,0.596822848923
3750000000,ANT3,-1.94389119367,5.57648123972,0.795692394698,0.0776885789555
3750000000,ANT4,1.26845480165,54.8361861399,0.666472100928,0.946052356128
3750000000,ANT5,1.12318742081,56.2001225299,0.633087328007,0.94569893484
3750000000,ANT6,-2.0817032513,8.13037411914,0.778982284276,0.11128695374
3750000000,ANT7,0.236934203088,35.7483662656,0.83403397129,0.60038243848
3750000000,ANT8,0.610666873119,-98.0324797729,-0.149912140312,-1.0623104357
3762500000,ANT1,0.468722149524,-101.557650987,-0.211462695151,-1.03404557195
3762500000,ANT2,0.312184786421,36.040318023,0.838194263614,0.609885408832
3762500000,ANT3,-2.04006612541,9.56413510696,0.779682444793,0.131371455381
3762500000,ANT4,1.40830869265,53.5075954148,0.699399337749,0.94544605189
3762500000,ANT5,1.16253375879,54.5202111347,0.66353810633,0.930940566049
3762500000,ANT6,-2.11161420581,12.6677191415,0.765097903365,0.171969362621
3762500000,ANT7,0.482330773429,35.9078161587,0.856211369471,0.619971691348
3762500000,ANT8,0.317600170397,-100.650143993,-0.191694236293,-1.01937425085
3775000000,ANT1,0.150870001076,-102.694609028,-0.223604793461,-0.992648199919
3775000000,ANT2,0.450828508741,36.0749868116,0.851305700939,0.620213703164
3775000000,ANT3,-1.77866009762,11.9904591546,0.797052181131,0.169279955007
3775000000,ANT4,1.30864697185,52.5674372075,0.70666324024,0.923189287506
3775000000,ANT5,1.12764507272,54.1828394352,0.666326358591,0.923301283633
3775000000,ANT6,-1.86791492455,14.5064603639,0.780788086236,0.202019457175
3775000000,ANT7,0.631615225462,35.7115665109,0.873209495307,0.627732012922
3775000000,ANT8,-0.0230307576745,-102.339140456,-0.213131913369,-0.974312986572
3787500000,ANT1,-0.0440525820644,-102.886937768,-0.221899609091,-0.969880587091
3787500000,ANT2,0.539873965023,34.2968792395,0.879106637625,0.599615727303
3787500000,ANT3,-1.62226742492,13.2397811928,0.807582590281,0.19000844431
3787500000,ANT4,1.2791154855,52.2507884581,0.70933867451,0.916149636758
3787500000,ANT5,1.0553284299,53.8059907753,0.666809810844,0.911279977728
3787500000,ANT6,-1.62529134285,16.5098010399,0.795152418786,0.235682838246
3787500000,ANT7,0.688698715501,35.0185766325,0.88654508424,0.621194015369
3787500000,ANT8,-0.271405246079,-102.234879571,-0.205400367461,-0.947222245649
3800000000,ANT1,-0.214744878622,-103.911133364,-0.234545615257,-0.946965738899
3800000000,ANT2,0.587819897428,35.6681918259,0.869290319969,0.623916975696
3800000000,ANT3,-1.42792492513,14.1756576511,0.822571640698,0.207770814615
3800000000,ANT4,1.19996086839,51.9087298694,0.708311110186,0.9036261571
3800000000,ANT5,0.975217878321,53.1100172882,0.671606761402,0.894822009295
3800000000,ANT6,-1.44941868716,17.7134860976,0.80618559664,0.257495743245
3800000000,ANT7,0.760873424517,34.7437805104,0.896936324746,0.62208266029
3800000000,ANT8,-0.431783577752,-103.408729878,-0.220650186799,-0.925566962725
3812500000,ANT1,-0.580857485554,-104.881494436,-0.240207784612,-0.903942062728
3812500000,ANT2,0.653121905827,34.1788970055,0.891892640133,0.605649514524
3812500000,ANT3,-1.17360454974,15.1810831245,0.843127861845,0.22877387982
3812500000,ANT4,1.12745546276,51.6053436478,0.707158233556,0.892382601362
3812500000,ANT5,1.02677722339,53.4768987556,0.6698275387,0.904457071715
3812500000,ANT6,-1.1899214319,19.0302435215,0.824318395712,0.284322377939
3812500000,ANT7,0.897723619278,35.8022326913,0.899350546905,0.648685348045
3812500000,ANT8,-0.760694744053,-104.393204311,-0.227731296575,-0.887391776384
3825000000,ANT1,-1.02438049101,-104.910018618,-0.228677663039,-0.858829460481
3825000000,ANT2,0.917726143398,37.2149262969,0.885120703399,0.67220668865
3825000000,ANT3,-0.755847927394,16.4585032245,0.879098653951,0.259708476316
3825000000,ANT4,1.04866569661,51.1551461552,0.707699413858,0.878790883197
3825000000,ANT5,0.819591644991,51.0665730055,0.690601469283,0.854850796161
3825000000,ANT6,-0.76917986847,19.045856417,0.865149643231,0.298669638236
3825000000,ANT7,1.04090183589,34.6635793406,0.927222648007,0.641167790196
3825000000,ANT8,-1.27747703401,-104.694565822,-0.218972086977,-0.834994589884
3837500000,ANT1,-1.47892181893,-103.938233878,-0.203164113649,-0.818605182384
3837500000,ANT2,1.04444408291,33.0120938774,0.945701464279,0.614429551886
3837500000,ANT3,-0.237412635188,16.7034102687,0.931980111569,0.279667899178
3837500000,ANT4,0.83587903476,51.3150940192,0.688176288712,0.859448324753
3837500000,ANT5,0.73679152303,52.1046881124,0.668596312902,0.858994773475
3837500000,ANT6,-0.211729490509,18.0832889397,0.927714224251,0.302924290474
3837500000,ANT7,1.13660288995,33.3639613363,0.951957330673,0.626841452104
3837500000,ANT8,-1.82565358603,-100.644302675,-0.149696226183,-0.796488106799
3850000000,ANT1,-1.77035916288,-100.409623173,-0.14736778445,-0.802185063615
3850000000,ANT2,0.947426162215,32.7591228532,0.937870689137,0.603469834856
3850000000,ANT3,0.28126557958,14.3957842997,1.00047996646,0.256801130264
3850000000,ANT4,0.695869028334,51.1481731237,0.679633264212,0.843729316799
3850000000,ANT5,0.482722283439,51.6191595759,0.656368541298,0.828700119118
3850000000,ANT6,0.202620086939,16.3972049484,0.981969525739,0.288957296169
3850000000,ANT7,1.20146378177,31.9970853192,0.973884551981,0.608481724399
3850000000,ANT8,-2.0410077594,-97.9069069465,-0.108756256272,-0.78307069797
3862500000,ANT1,-1.53838031217,-95.1645357209,-0.0754052144364,-0.834284727432
3862500000,ANT2,0.879124438739,29.5892719058,0.96220910115,0.54637256569
3862500000,ANT3,0.379669178264,9.76367247528,1.02954888027,0.177161798401
3862500000,ANT4,0.504686191641,52.1717713135,0.649986949487,0.837106188588
3862500000,ANT5,0.331577837656,53.8127781816,0.613400510309,0.838497823564
3862500000,ANT6,0.209209903095,12.1741127715,1.00134162645,0.216024196658
3862500000,ANT7,0.976909085694,30.9169317193,0.960038740446,0.574956726052
3862500000,ANT8,-1.74279632291,-93.264002646,-0.0465857535739,-0.816874037058
3875000000,ANT1,-0.871901278526,-94.8550037876,-0.0765512056859,-0.90124717331
3875000000,ANT2,0.54438578999,32.3920760734,0.899018344987,0.57035999882
3875000000,ANT3,-0.116489964373,6.69794757857,0.979943881671,0.115081361639
3875000000,ANT4,0.636866546604,53.4637705693,0.640621926843,0.864606929008
3875000000,ANT5,0.388886847247,54.8524487557,0.602044433121,0.855113154869
3875000000,ANT6,-0.297514320954,10.034213886,0.951546322189,0.168369229219
3875000000,ANT7,0.726211218862,31.1128759072,0.930809744309,0.561785672034
3875000000,ANT8,-1.01044483885,-93.6983289826,-0.0574194525123,-0.888326047597
3887500000,ANT1,-0.549855358353,-97.6264374901,-0.12457277346,-0.930354685545
3887500000,ANT2,0.569702733378,32.4716146335,0.900847596007,0.573275981523
3887500000,ANT3,-0.743459102476,8.14537696026,0.90870627499,0.130062389497
3887500000,ANT4,0.870359805097,54.1949204289,0.646689506335,0.896489582002
3887500000,ANT5,0.686046119968,55.1877896975,0.617808157707,0.888505344823
3887500000,ANT6,-0.861453221322,10.7569683213,0.889667939515,0.169020840214
3887500000,ANT7,0.722442046326,33.3238303903,0.908049634326,0.597017906329
3887500000,ANT8,-0.693783022619,-96.4540629417,-0.103777350079,-0.917380829636
3900000000,ANT1,-0.629478172747,-100.755796961,-0.173577037315,-0.913752082077
3900000000,ANT2,0.693443981778,34.2617707598,0.895161617801,0.609763044404
3900000000,ANT3,-0.918375664804,11.0358495374,0.88302883411,0.172216867724
3900000000,ANT4,0.935811001428,53.1997129342,0.66717135318,0.891817039294
3900000000,ANT5,0.77310594224,54.0169585662,0.642239484327,0.884517246119
3900000000,ANT6,-0.999934115409,13.8818520849,0.865226309716,0.213831050453
3900000000,ANT7,0.876837432006,34.0154732201,0.916931626149,0.618838542194
3900000000,ANT8,-0.731410404491,-99.6558201414,-0.154183654422,-0.906218395134
3912500000,ANT1,-0.832107069186,-103.253256412,-0.208312251494,-0.8844451839
3912500000,ANT2,0.847323111394,33.4350268066,0.920022217067,0.607450181828
3912500000,ANT3,-0.863623977533,13.5052394486,0.880320429119,0.211431379468
3912500000,ANT4,0.927273634284,52.9594851413,0.670245549447,0.888138534267
3912500000,ANT5,0.746173285079,53.4994189495,0.648189831243,0.87595970342
3912500000,ANT6,-0.926437278749,17.2584739218,0.858362286442,0.266667770645
3912500000,ANT7,1.06877849956,34.4759676068,0.932304500317,0.640179532277
3912500000,ANT8,-0.967380204848,-101.880355463,-0.184171009831,-0.875441559339
3925000000,ANT1,-1.13412934693,-105.013867742,-0.227343148565,-0.847635488811
3925000000,ANT2,0.95269473488,35.2187156131,0.911661685647,0.64355265966
3925000000,ANT3,-0.641172534998,15.9517237215,0.893074669597,0.25527087863
3925000000,ANT4,0.949794111441,51.5103634436,0.694289342794,0.873165460958
3925000000,ANT5,0.701115917411,52.4142302871,0.661224397175,0.859058659012
3925000000,ANT6,-0.677718743236,18.8173485238,0.875504483208,0.298341883002
3925000000,ANT7,1.17818397249,35.1792082358,0.936093874115,0.659832985373
3925000000,ANT8,-1.32876811105,-104.077722083,-0.20873381592,-0.832373803344
3937500000,ANT1,-1.62042358295,-105.814590327,-0.226144272801,-0.798400839664
3937500000,ANT2,1.16895242846,34.5793925541,0.941948430494,0.649306803167
3937500000,ANT3,-0.238071831299,18.2967700016,0.92377325913,0.305451024109
3937500000,ANT4,0.790945756558,51.074609286,0.688208118213,0.852132695522
3937500000,ANT5,0.610106170843,51.6521555567,0.665581120054,0.84132650929
3937500000,ANT6,-0.26339936201,20.3375948617,0.90965335615,0.337169704261
3937500000,ANT7,1.35470490142,34.7308452351,0.960552645657,0.665883522059
3937500000,ANT8,-1.80281448102,-104.856777168,-0.208345234675,-0.785402878843
3950000000,ANT1,-2.25347590599,-104.770670124,-0.196690141115,-0.745988324522
3950000000,ANT2,1.35040210878,34.0376967261,0.968058161227,0.653890575147
3950000000,ANT3,0.263195848968,19.4861287245,0.971725417311,0.343841285328
3950000000,ANT4,0.774919183071,48.4540262612,0.725110329534,0.818264194268
3950000000,ANT5,0.536492513212,52.6823209879,0.644859031377,0.845956856518
3950000000,ANT6,0.196564928063,20.365104399,0.958951835491,0.355966320931
3950000000,ANT7,1.55372571457,35.2962535929,0.976044844858,0.690982460876
3950000000,ANT8,-2.42182439068,-105.550860568,-0.202859495444,-0.728974269521
3962500000,ANT1,-2.69227474982,-103.834751595,-0.175390710709,-0.712198020019
3962500000,ANT2,1.6085794921,34.2583540942,0.994662781934,0.677454065698
3962500000,ANT3,0.881335104102,18.7444881301,1.04809070702,0.355666413059
3962500000,ANT4,0.474343990754,50.0442012436,0.678242653999,0.809565659094
3962500000,ANT5,0.245077546539,50.66126329,0.652044606049,0.795544869819
3962500000,ANT6,0.717759635525,20.7627922922,1.01560689911,0.385038355796
3962500000,ANT7,1.75945228974,32.5996504987,1.03161982374,0.659739534979
3962500000,ANT8,-2.99427330894,-103.235997954,-0.162199946998,-0.689593881873
3975000000,ANT1,-3.03935550266,-100.134006417,-0.124000665817,-0.693750572318
3975000000,ANT2,1.54902347941,31.7068419371,1.01683922683,0.628180460931
3975000000,ANT3,1.42651559738,16.0474635533,1.13256749717,0.325774101574
3975000000,ANT4,0.357292198654,49.9745555968,0.670134305518,0.797915075135
3975000000,ANT5,-0.0135802423655,51.6863639668,0.618997237327,0.783403049321
3975000000,ANT6,1.17842837687,18.6214277906,1.08534785901,0.365711842162
3975000000,ANT7,1.83425979968,30.5932481592,1.06320316579,0.628607501038
3975000000,ANT8,-3.29258370697,-98.4958945865,-0.101126419701,-0.676984494381
3987500000,ANT1,-2.98679561347,-95.4914303955,-0.067851267155,-0.705768785738
3987500000,ANT2,1.61292616328,29.0268620481,1.0528163994,0.584231081348
3987500000,ANT3,1.65781809167,12.6213951808,1.18104759676,0.264458511881
3987500000,ANT4,0.0518966014195,50.8729686456,0.634823510924,0.780397607746
3987500000,ANT5,-0.250277030119,52.1348842514,0.596370739794,0.767034939659
3987500000,ANT6,1.39072333887,15.2170470203,1.13249365151,0.308053564033
3987500000,ANT7,1.7416208343,28.7735880551,1.07114228555,0.588222614995
3987500000,ANT8,-3.21791238596,-93.1553148058,-0.0380018642168,-0.689359061891
4000000000,ANT1,-2.48588541379,-91.2592300748,-0.0165064325587,-0.750932385296
4000000000,ANT2,1.2921841324,28.1284769148,1.02335174149,0.547072747386
4000000000,ANT3,1.5637130893,8.0528275182,1.18544651833,0.167718374989
4000000000,ANT4,-0.0528189921433,52.1400520966,0.610012652558,0.784726831327
4000000000,ANT5,-0.367586549956,54.022436012,0.563125496317,0.775714346342
4000000000,ANT6,1.29333609985,10.6006176796,1.14075106416,0.213498487557
4000000000,ANT7,1.43711991142,27.5538191844,1.04609786224,0.545813593772
4000000000,ANT8,-2.68006227708,-89.2389993307,0.00975543238895,-0.734443815155
4012500000,ANT1,-1.7267867432,-91.2305626709,-0.017603879138,-0.819521761017
4012500000,ANT2,0.963526805017,26.9218885753,0.996227195476,0.505893538156
4012500000,ANT3,1.03921279627,5.01826844136,1.12277498673,0.0985908238336
4012500000,ANT4,-0.0162135245503,55.0546089692,0.571727225088,0.818169687906
4012500000,ANT5,-0.243230974907,56.7796957747,0.532730817723,0.813468706783
4012500000,ANT6,0.838151996436,7.70657775359,1.09135777723,0.147684944769
4012500000,ANT7,0.99977527392,28.6011821362,0.985076532455,0.53710752692
4012500000,ANT8,-1.85443562899,-88.8516589794,0.0161881562979,-0.807590098726
4025000000,ANT1,-1.15703692445,-94.6090204317,-0.0703340565697,-0.872451862167
4025000000,ANT2,0.761890028769,29.9626925143,0.945775973264,0.54522321306
4025000000,ANT3,0.274787293392,5.53133652136,1.0273357603,0.0994882980382
4025000000,ANT4,0.269691225079,55.7207188743,0.58098945039,0.85236061673
4025000000,ANT5,0.0864895207578,56.8980196678,0.551596164328,0.846082883158
4025000000,ANT6,0.14662441068,8.35621443222,1.00622699264,0.147801034733
4025000000,ANT7,0.87316239331,31.0771468422,0.947047621582,0.570780572544
4025000000,ANT8,-1.25560794754,-92.9371084205,-0.0443431687434,-0.864268590202
4037500000,ANT1,-1.19190326911,-99.5758140357,-0.145022109137,-0.859628832372
4037500000,ANT2,0.885958303471,31.6560879694,0.942619591272,0.581176195954
4037500000,ANT3,-0.126763511843,10.0825886581,0.970291965966,0.172531126759
4037500000,ANT4,0.508461292138,54.4185504649,0.616937731045,0.862319217207
4037500000,ANT5,0.289745068577,55.9706135264,0.5786007018,0.856862506638
4037500000,ANT6,-0.184064537194,12.3679460104,0.956310627644,0.209697728765
4037500000,ANT7,1.12097741185,33.2654848569,0.951320383066,0.624080660922
4037500000,ANT8,-1.30241075788,-98.1854574505,-0.122552298676,-0.851985792197
4050000000,ANT1,-1.71146662041,-102.897994436,-0.183295575513,-0.800439259909
4050000000,ANT2,1.18844451852,33.1868198288,0.959601094968,0.627630138225
4050000000,ANT3,0.0757070161997,14.417632707,0.976985070021,0.251167643076
4050000000,ANT4,0.531317128954,52.9026794826,0.641218559626,0.847925332858
4050000000,ANT5,0.277317693651,54.2220860536,0.603612347407,0.837609517294
4050000000,ANT6,0.0384957996444,16.6401636216,0.962377889037,0.287632031567
4050000000,ANT7,1.43389699641,33.3671587013,0.985068038833,0.648722881805
4050000000,ANT8,-1.83371253297,-101.838545959,-0.166109897615,-0.792459530296
4062500000,ANT1,-2.38168633649,-105.110699817,-0.198167028705,-0.733894712392
4062500000,ANT2,1.53731936193,31.3366416003,1.01950209129,0.620760347748
4062500000,ANT3,0.592492052957,17.3458440737,1.02190564421,0.319185366999
4062500000,ANT4,0.367077397302,50.9711594989,0.656894298261,0.810362524272
4062500000,ANT5,0.126962178938,54.5039057887,0.589197149806,0.826143058046
4062500000,ANT6,0.51519780195,19.485138033,1.00033696499,0.353945908754
4062500000,ANT7,1.78548559942,34.0916098515,1.01713667225,0.68843609932
4062500000,ANT8,-2.542848056,-102.623599029,-0.163079299835,-0.728165924996
4075000000,ANT1,-3.00231122897,-102.678156099,-0.155334544193,-0.690501094914
4075000000,ANT2,1.75165960188,33.6004222792,1.01902488745,0.677049342217
4075000000,ANT3,1.21700130689,17.5425250016,1.09690193825,0.346747118934
4075000000,ANT4,0.207930455785,50.907487923,0.64585175686,0.794932649557
4075000000,ANT5,-0.0989266122285,52.2638522763,0.605095066041,0.781881539976
4075000000,ANT6,1.10927993552,18.8110842325,1.07553484653,0.366374125502
4075000000,ANT7,2.02009838344,31.3276983428,1.07787485426,0.656072096126
4075000000,ANT8,-3.20473184232,-101.774913956,-0.141103292324,-0.676903794677
4087500000,ANT1,-3.49812475558,-99.4683370374,-0.109968008815,-0.659381183219
4087500000,ANT2,1.96369918566,29.9020240565,1.08678468846,0.624980000795
4087500000,ANT3,1.79768763545,16.3233385959,1.18036344862,0.345684406797
4087500000,ANT4,-0.0117839851843,51.0523022217,0.627758468143,0.776665707144
4087500000,ANT5,-0.332363850778,52.3771314994,0.587543430683,0.762311096102
4087500000,ANT6,1.63438483216,17.8212883355,1.14911468017,0.369411384987
4087500000,ANT7,2.17544303515,29.8296638429,1.11441169019,0.638996026365
4087500000,ANT8,-3.72894209688,-97.8374115145,-0.088766216822,-0.644877300784
4100000000,ANT1,-3.7013842953,-95.0340210836,-0.0573012754261,-0.6505075971
4100000000,ANT2,2.04806052264,27.8930891771,1.11883969256,0.592222351563
4100000000,ANT3,2.20765683062,13.5101196795,1.25370666505,0.301222545011
4100000000,ANT4,-0.199443842787,50.9759051664,0.615354032674,0.759245878888
4100000000,ANT5,-0.59383151071,52.5856204122,0.567424991666,0.74177518049
4100000000,ANT6,1.966295476,15.6271645722,1.2076937735,0.337811459037
4100000000,ANT7,2.23155819998,27.5650872048,1.14617163003,0.598315038259
4100000000,ANT8,-3.95891138044,-93.1229651286,-0.0345369411645,-0.633007691601
4112500000,ANT1,-3.60529861477,-90.7378137226,-0.00850251021601,-0.660235785665
4112500000,ANT2,1.99449821453,25.4660869123,1.13588842945,0.540965936692
4112500000,ANT3,2.39640026505,10.515628634,1.29557978608,0.240487074802
4112500000,ANT4,-0.459753320249,51.95733933,0.584477611539,0.746950196568
4112500000,ANT5,-0.832170572502,54.0647285488,0.533253916777,0.735707458954
4112500000,ANT6,2.13403989554,12.2430609919,1.24942644531,0.271118628161
4112500000,ANT7,2.12010582571,25.3616375276,1.15343260536,0.546743961568
4112500000,ANT8,-3.74782169331,-88.8706682219,0.0128020556403,-0.649418336443
4125000000,ANT1,-3.20063350235,-88.0023573458,0.024114346862,-0.691360093041
4125000000,ANT2,1.72654622554,24.5556194943,1.10957801659,0.506965228535
4125000000,ANT3,2.38902614195,7.0761264679,1.30656426998,0.162188356838
4125000000,ANT4,-0.644203443127,53.2120168779,0.556047606044,0.743609274579
4125000000,ANT5,-0.93860260491,56.0335152218,0.501481194956,0.744415364072
4125000000,ANT6,2.1176612513,9.26226166411,1.25945736304,0.20539234714
4125000000,ANT7,1.88407241427,23.744384048,1.13708062004,0.500194421616
4125000000,ANT8,-3.33386648267,-85.8815664283,0.0489262647899,-0.679491078911
4137500000,ANT1,-2.79374252544,-86.9331750276,0.0387857177749,-0.723919771276
4137500000,ANT2,1.60211958475,23.3231893177,1.10429230291,0.476113330046
4137500000,ANT3,2.22624136141,4.83089816572,1.28755719107,0.108818473033
4137500000,ANT4,-0.706324895831,55.1307091484,0.527055882253,0.756380508115
4137500000,ANT5,-0.984388046845,57.8688870405,0.474872159569,0.756098700278
4137500000,ANT6,1.97179782677,7.3090474287,1.24464803483,0.159642858998
4137500000,ANT7,1.58205500902,23.5419918309,1.09992228297,0.479218662253
4137500000,ANT8,-2.89775831384,-85.0715479042,0.0615409644994,-0.713679819173
4150000000,ANT1,-2.36577808344,-87.5014434865,0.0332001453352,-0.760848212167
4150000000,ANT2,1.25183986443,24.5131730114,1.05091933857,0.479223366095
4150000000,ANT3,1.96272154111,3.13260107868,1.25166077395,0.0685018255989
4150000000,ANT4,-0.636854027955,56.5922300704,0.511668561236,0.775757170757
4150000000,ANT5,-0.891116836772,59.5943343951,0.456769232219,0.778367952287
4150000000,ANT6,1.80445055591,5.63192253374,1.22495760624,0.12079723177
4150000000,ANT7,1.35957840218,23.7955303091,1.07002964938,0.471839599002
4150000000,ANT8,-2.48484141546,-85.7583479119,0.0555614501015,-0.749146495801
4162500000,ANT1,-1.99686258182,-89.6415346231,0.00497139899333,-0.794599653169
4162500000,ANT2,1.08879267613,24.4532057913,1.0318676826,0.469231808272
4162500000,ANT3,1.54827751532,2.88407683427,1.19361272624,0.0601332467477
4162500000,ANT4,-0.443184615093,58.2212960316,0.500442863956,0.807801970889
4162500000,ANT5,-0.674000972293,60.39459418,0.457138618828,0.804532745814
4162500000,ANT6,1.37459756113,5.32403807524,1.16641263765,0.108698420313
4162500000,ANT7,1.16793560126,26.0934980674,1.02733147304,0.503139942563
4162500000,ANT8,-2.06555518464,-87.7291743567,0.031237027045,-0.787736656591
4175000000,ANT1,-1.94902696285,-93.6491394809,-0.0508537325734,-0.797383473043
4175000000,ANT2,1.16337005953,27.9368883399,1.01008390319,0.535644806639
4175000000,ANT3,1.15341275181,6.94138981005,1.1336413139,0.13801666752
4175000000,ANT4,-0.171712144622,56.9459128086,0.534753714495,0.821749180641
4175000000,ANT5,-0.419907436314,60.0370673824,0.475869227324,0.825462511428
4175000000,ANT6,0.984277014773,5.89458239223,1.11406733406,0.115021195039
4175000000,ANT7,1.33359908389,28.2941784474,1.02664879352,0.552658872191
4175000000,ANT8,-2.09401236622,-92.4008796998,-0.032916984754,-0.78508735949
4187500000,ANT1,-2.5627443725,-96.6390860507,-0.0860748252712,-0.739504206716
4187500000,ANT2,1.51038966365,26.9579585947,1.06062678275,0.539436412518
4187500000,ANT3,1.35072837905,9.71616374087,1.15149417037,0.197162859313
4187500000,ANT4,-0.135653015905,55.9746810913,0.550888097571,0.815947194276
4187500000,ANT5,-0.428548205832,58.1270992509,0.502616484237,0.80833909765
4187500000,ANT6,1.21340835754,11.4169907966,1.12717321985,0.227625857177
4187500000,ANT7,1.73334377422,29.4581991636,1.06302401096,0.600406677883
4187500000,ANT8,-2.68092458023,-95.0120065872,-0.0641636049492,-0.73162750686
4200000000,ANT1,-3.29214842614,-95.6669459715,-0.0675943975212,-0.681184643131
4200000000,ANT2,1.87678676093,28.3750774864,1.09207038586,0.589866493833
4200000000,ANT3,1.9877747426,11.3406703271,1.2326091994,0.247209630557
4200000000,ANT4,-0.344961249175,54.4247401107,0.559119475346,0.781682699094
4200000000,ANT5,-0.702441370592,56.4812698768,0.509309583885,0.768936574939
4200000000,ANT6,1.76629793521,12.0331129129,1.19857679431,0.255489440097
4200000000,ANT7,2.08854292329,27.3561889137,1.1295924656,0.58442973703
4200000000,ANT8,-3.37985131613,-94.3441136561,-0.0513298279478,-0.675706284451
4212500000,ANT1,-3.66845100076,-92.1442557183,-0.0245261857112,-0.655048183855
4212500000,ANT2,2.08024401588,25.0284249752,1.15129701243,0.53755414061
4212500000,ANT3,2.50664446942,9.71432455363,1.31540635259,0.225185014401
4212500000,ANT4,-0.639213995098,54.1104220851,0.544632603495,0.752668635387
4212500000,ANT5,-1.03207402091,56.6062912547,0.488726736156,0.741370120877
4212500000,ANT6,2.27453222275,11.3721593661,1.27384134525,0.256207394568
4212500000,ANT7,2.26827974199,25.4578501816,1.17234242167,0.558120375503
4212500000,ANT8,-3.78996143327,-90.145216698,-0.00163830738279,-0.646398787962
4225000000,ANT1,-3.62284318395,-87.9956832206,0.0230469250836,-0.658555006719
4225000000,ANT2,2.05965852186,23.7785729352,1.15999595155,0.511101065722
4225000000,ANT3,2.8052966553,6.57766498793,1.37213435052,0.158219340073
4225000000,ANT4,-0.945037248415,54.8618258122,0.516215889982,0.733461658111
4225000000,ANT5,-1.32210517424,57.85684297,0.456915799748,0.727168880845
4225000000,ANT6,2.48897637598,8.27954654283,1.31794875726,0.191787461115
4225000000,ANT7,2.2655379847,22.8469717336,1.19617168554,0.503978591522
4225000000,ANT8,-3.72948393124,-86.2057417612,0.0430737402844,-0.649490541196
4237500000,ANT1,-3.33393449653,-85.1491395519,0.0576076911066,-0.678804825775
4237500000,ANT2,1.89700196451,21.1216020796,1.16050467659,0.44830424877
4237500000,ANT3,2.8684699419,3.80107194451,1.38824812643,0.0922334261134
4237500000,ANT4,-1.20832143062,56.7178585187,0.477494286305,0.727409566691
4237500000,ANT5,-1.50915671307,60.045563398,0.419675319668,0.72823577373
4237500000,ANT6,2.5895132584,6.15537936695,1.33956752342,0.144468155377
4237500000,ANT7,2.07890126044,20.5560947439,1.18952474045,0.446072950435
4237500000,ANT8,-3.38247378503,-83.2484304996,0.0796439668833,-0.672750594241
4250000000,ANT1,-3.02549670951,-84.2525299971,0.0706888064912,-0.702322261719
4250000000,ANT2,1.74378722807,21.0874668951,1.14047566039,0.439786339113
4250000000,ANT3,2.80079451499,2.15901166546,1.37953054359,0.0520078978398
4250000000,ANT4,-1.28231399378,58.2163736698,0.454420852746,0.733373685451
4250000000,ANT5,-1.60121106737,61.0753299877,0.402234187662,0.727905030274
4250000000,ANT6,2.58078386139,4.39636422091,1.34202142525,0.103177257365
4250000000,ANT7,1.90348632665,20.0737301587,1.16938175946,0.427325100068
4250000000,ANT8,-3.11983016045,-82.7557466006,0.0880484600202,-0.692672379226
4262500000,ANT1,-2.85309132449,-83.5099548267,0.0813844451294,-0.715407197751
4262500000,ANT2,1.644045643,19.6558602929,1.13796438051,0.406461451311
4262500000,ANT3,2.78857270542,0.824377702716,1.37842671161,0.0198343172297
4262500000,ANT4,-1.37461278447,59.3863229077,0.434708095917,0.734650945763
4262500000,ANT5,-1.61542671363,62.826805366,0.379177309544,0.738649052888
4262500000,ANT6,2.60698015329,3.30112578251,1.34780721828,0.077740645853
4262500000,ANT7,1.73081752013,19.7505229249,1.14870974143,0.412440774907
4262500000,ANT8,-2.92728519925,-82.23506015,0.0964541600002,-0.707351363453
4275000000,ANT1,-2.7069424228,-83.7001485525,0.0803498593687,-0.727817222281
4275000000,ANT2,1.57111343688,19.1567223995,1.13191777496,0.393217064254
4275000000,ANT3,2.84480823726,0.0246199712671,1.38752357801,0.000596218308153
4275000000,ANT4,-1.48635516144,60.3051712938,0.417465840658,0.732049046559
4275000000,ANT5,-1.69928157476,64.3188032206,0.356359301114,0.741082231052
4275000000,ANT6,2.59978761568,1.48258202639,1.34847832627,0.0349009311022
4275000000,ANT7,1.6130691881,18.590937005,1.14124477287,0.383870343414
4275000000,ANT8,-2.7361993189,-80.1786873641,0.124482427713,-0.719081537141
4287500000,ANT1,-2.34814843972,-81.8609113205,0.108039885467,-0.755432873435
4287500000,ANT2,1.32381916751,17.4643569346,1.11095265647,0.349522359069
4287500000,ANT3,2.80795997014,-2.15203686821,1.38067538779,-0.0518827460235
4287500000,ANT4,-1.53392973089,62.6861012147,0.384581635908,0.744669990774
4287500000,ANT5,-1.72689134773,66.0004112242,0.333397033721,0.748836462374
4287500000,ANT6,2.55337256496,-0.161552833684,1.34173547297,-0.00378320609293
4287500000,ANT7,1.36853528324,18.2585088047,1.111710045,0.366770052731
4287500000,ANT8,-2.44471746751,-80.2348771559,0.128001373786,-0.743747889603
4300000000,ANT1,-1.9413445131,-82.4532689824,0.105029797746,-0.792783422531
4300000000,ANT2,0.962057893217,19.2161358921,1.05488567559,0.367683199502
4300000000,ANT3,2.5312925929,-4.26488293351,1.33462838498,-0.099528620501
4300000000,ANT4,-1.35074454848,64.350291028,0.370525632068,0.771627932011
4300000000,ANT5,-1.53125584779,67.9815800993,0.314309883409,0.777224767553
4300000000,ANT6,2.26239203782,-2.15872790501,1.2966157052,-0.0488756020085
4300000000,ANT7,1.05415103161,18.3995717919,1.07131725224,0.356370923894
4300000000,ANT8,-1.98654864618,-81.0706989904,0.123483223361,-0.785917632227
4312500000,ANT1,-1.72573932706,-84.4030782027,0.0799555702896,-0.815901337397
4312500000,ANT2,0.817200139635,18.5677761335,1.04146423357,0.349839489944
4312500000,ANT3,2.18767314398,-3.44172812057,1.28410235876,-0.0772282818686
4312500000,ANT4,-1.04107645371,64.6053822831,0.380409950766,0.801335762331
4312500000,ANT5,-1.2480073141,67.9832321941,0.324705389324,0.802997368955
4312500000,ANT6,1.84010150378,-1.41385068366,1.23558559364,-0.0304959321567
4312500000,ANT7,0.936385954613,21.2334725874,1.03821565504,0.403395255045
4312500000,ANT8,-1.76653764715,-83.1312061913,0.0975866005835,-0.810111475608
4325000000,ANT1,-1.94513647401,-86.5970140037,0.0474488118747,-0.797951920749
4325000000,ANT2,1.03921461477,21.4829884363,1.04879209098,0.412770521206
4325000000,ANT3,2.1158229687,-2.06232193651,1.27499873484,-0.0459125268502
4325000000,ANT4,-0.98470847268,63.1666314024,0.403017154535,0.796685113836
4325000000,ANT5,-1.18874678252,65.7009908015,0.358864931287,0.794834367951
4325000000,ANT6,1.78306679356,1.46743572231,1.2274699975,0.0314443277097
4325000000,ANT7,1.18440158428,21.8864405413,1.06348830869,0.427227232277
4325000000,ANT8,-2.00391423212,-85.0451509636,0.0685757608389,-0.791003345851
4337500000,ANT1,-2.22502652162,-84.9227697823,0.0684990211125,-0.770976759781
4337500000,ANT2,1.18617066189,19.3296415402,1.08170838763,0.379437246659
4337500000,ANT3,2.37708892574,-1.01185495437,1.31457908483,-0.0232181440487
4337500000,ANT4,-1.15102746006,62.5137318836,0.404253902574,0.777019143662
4337500000,ANT5,-1.35952711263,65.4924071374,0.354712807098,0.778072955036
4337500000,ANT6,2.06959474987,1.7572543028,1.26845611904,0.0389155911912
4337500000,ANT7,1.37875409673,20.6859740067,1.09646726708,0.414013742337
4337500000,ANT8,-2.27602733993,-83.844384134,0.0825109750624,-0.765045714393
4350000000,ANT1,-2.27039164321,-82.8385477137,0.0959903306772,-0.763974943232
4350000000,ANT2,1.26026278115,19.3163209379,1.09106395228,0.382434105697
4350000000,ANT3,2.63989939815,-2.88849256278,1.35345196578,-0.0682903931002
4350000000,ANT4,-1.41051647897,62.5894023478,0.39135917712,0.754666713691
4350000000,ANT5,-1.62658298552,66.3008257014,0.333293023774,0.759292431276
4350000000,ANT6,2.29027932034,0.324409597621,1.30168830988,0.00737025828129
4350000000,ANT7,1.40027894472,18.5923099768,1.11361683723,0.374607085546
4350000000,ANT8,-2.28322933666,-81.396228285,0.115019474815,-0.760192372601
4362500000,ANT1,-2.07203859365,-82.0584049071,0.108840789517,-0.780212373036
4362500000,ANT2,1.14060801119,16.9726285658,1.09066177521,0.332879116612
4362500000,ANT3,2.63865384457,-4.29828884811,1.3511683463,-0.101554277286
4362500000,ANT4,-1.52625702063,64.4913571136,0.361250803077,0.757084132204
4362500000,ANT5,-1.67572956968,68.1068495851,0.307453154444,0.765078023353
4362500000,ANT6,2.29660660692,-1.00339067454,1.30245800948,-0.0228115901114
4362500000,ANT7,1.33630539158,17.6630482195,1.11133032185,0.353881179576
4362500000,ANT8,-2.13814867029,-79.8737990542,0.137452682289,-0.769616317148
4375000000,ANT1,-1.94406105554,-81.0025468335,0.125028058188,-0.789623257285
4375000000,ANT2,1.00129582449,16.6259768353,1.07527057768,0.321082986172
4375000000,ANT3,2.67624407261,-5.32732241444,1.3549779296,-0.12634923455
4375000000,ANT4,-1.62340904931,65.3856965925,0.345503655966,0.754147973451
4375000000,ANT5,-1.73062456145,69.6525767418,0.284897226191,0.768222540544
4375000000,ANT6,2.36537486439,-2.13077949731,1.31210428175,-0.0488185086853
4375000000,ANT7,1.20774751879,16.0099036034,1.10460621019,0.316947374781
4375000000,ANT8,-1.95256761398,-79.2135050277,0.149472374506,-0.784566285313
4387500000,ANT1,-1.89034699455,-78.7572218757,0.156835034657,-0.788982689308
4387500000,ANT2,1.03547889107,13.8164702474,1.09401315897,0.269048886921
4387500000,ANT3,2.75295136993,-5.52786149445,1.36654255195,-0.132253789436
4387500000,ANT4,-1.73171951407,66.0935274118,0.331995001785,0.748960869249
4387500000,ANT5,-1.85290401385,70.8406388359,0.265148427656,0.763144991852
4387500000,ANT6,2.4699666532,-3.98434389289,1.3257065576,-0.0923384186411
4387500000,ANT7,1.06727510796,14.8865366749,1.09279089373,0.290494228578
4387500000,ANT8,-1.85070149969,-77.3677459069,0.176725407619,-0.788538644408
4400000000,ANT1,-1.58369282167,-77.2094100238,0.184488841197,-0.81264842002
4400000000,ANT2,0.793459037229,13.3456373606,1.06606504889,0.252903862688
4400000000,ANT3,2.62881083871,-8.4940379479,1.33859916881,-0.199912586043
4400000000,ANT4,-1.74683165461,68.7880658804,0.295903084975,0.762412645736
4400000000,ANT5,-1.79074382406,73.1732040782,0.235548636788,0.778858096251
4400000000,ANT6,2.46180570956,-5.80864651046,1.32085344433,-0.134368790012
4400000000,ANT7,0.90427381284,12.4363554186,1.08368203076,0.23898390738
4400000000,ANT8,-1.667081098,-76.2311682557,0.196441062529,-0.801647034488
4412500000,ANT1,-1.33125464989,-76.4513100811,0.200981882159,-0.834026813467
4412500000,ANT2,0.468654609209,12.2497596742,1.03140779333,0.223936053791
4412500000,ANT3,2.61820660959,-10.6842957448,1.32835826219,-0.250618828773
4412500000,ANT4,-1.68273432003,71.4461156626,0.262155221648,0.781057475512
4412500000,ANT5,-1.68369624762,75.4091499722,0.207524270517,0.797219850852
4412500000,ANT6,2.34557668023,-8.53496894463,1.29551484959,-0.194424408543
4412500000,ANT7,0.605049274543,11.9848000326,1.04877259672,0.222632714752
4412500000,ANT8,-1.33980195603,-75.419250571,0.215759232486,-0.829454831387
4425000000,ANT1,-0.952678444391,-77.3197239326,0.196707587265,-0.874263597384
4425000000,ANT2,0.0517541989525,12.2741304615,0.982981262737,0.213859697697
4425000000,ANT3,2.38515785502,-12.8166065817,1.28321791107,-0.291931107406
4425000000,ANT4,-1.39944217328,74.2519581576,0.231020131374,0.81924276906
4425000000,ANT5,-1.32846285451,77.4259961744,0.186825493632,0.837594145332
4425000000,ANT6,2.0155178573,-10.1716983335,1.24135460475,-0.222721975948
4425000000,ANT7,0.162975122355,12.5735201177,0.994503577297,0.221815351238
4425000000,ANT8,-0.934821561449,-76.2175760634,0.21392693744,-0.872109279948
4437500000,ANT1,-0.668683409296,-78.3730405431,0.186605543105,-0.906904665467
4437500000,ANT2,-0.232943637082,14.458792022,0.942703390618,0.243076454587
4437500000,ANT3,2.06593233837,-13.1848405734,1.23507891119,-0.289340408157
4437500000,ANT4,-1.06153207895,73.9288775715,0.244983672226,0.850374222372
4437500000,ANT5,-0.956368500301,77.6647217169,0.191358495654,0.87506035221
4437500000,ANT6,1.7115470854,-10.5578279782,1.19718704546,-0.223135551163
4437500000,ANT7,-0.144987982764,13.5549999336,0.956052668457,0.230498802602
4437500000,ANT8,-0.712963815379,-77.4916821493,0.199513760451,-0.899330536706
4450000000,ANT1,-0.641223905624,-80.2011046518,0.158078978401,-0.915284883844
4450000000,ANT2,-0.296611527035,15.8057229216,0.929887950733,0.263232087901
4450000000,ANT3,1.87443276866,-12.8519097641,1.20977106928,-0.276006104212
4450000000,ANT4,-0.722497706563,73.8119936271,0.256538432216,0.883701494357
4450000000,ANT5,-0.780360424745,76.4888376385,0.213559799203,0.888777748291
4450000000,ANT6,1.45407512842,-10.1005218362,1.16391207846,-0.207335255307
4450000000,ANT7,-0.169199179187,16.3093246573,0.941244619738,0.275405478919
4450000000,ANT8,-0.718615153927,-79.2623425924,0.171518506741,-0.904477206272
4462500000,ANT1,-0.737759233169,-80.4962850368,0.151666444209,-0.905962075947
4462500000,ANT2,-0.146662961095,15.9594183213,0.945358590628,0.270352723485
4462500000,ANT3,1.77774501959,-12.0053489479,1.2002812587,-0.255244776719
4462500000,ANT4,-0.729658642651,72.4926541755,0.276589333722,0.876837286802
4462500000,ANT5,-0.72949112649,76.4463411113,0.215477214434,0.893838612067
4462500000,ANT6,1.36566000323,-9.1370353634,1.15541270319,-0.185833217087
4462500000,ANT7,-0.0137708519802,16.9393028911,0.955098506635,0.290896903779
4462500000,ANT8,-0.78606220744,-80.199047151,0.155497172008,-0.900143357575
4475000000,ANT1,-0.778222392942,-80.5417249979,0.150246344529,-0.901870913243
4475000000,ANT2,-0.0962304305348,16.5286101812,0.948115281736,0.281359591325
4475000000,ANT3,1.82203843101,-12.8889321327,1.20231802604,-0.275123163224
4475000000,ANT4,-0.843940514021,72.8521117728,0.267539569175,0.867071659188
4475000000,ANT5,-0.794852278647,76.6386269651,0.210883386145,0.887850465
4475000000,ANT6,1.4634967767,-9.05061260765,1.16878284911,-0.186175517597
4475000000,ANT7,0.00435210716323,15.9005983998,0.962220452717,0.274106571174
4475000000,ANT8,-0.776641698727,-79.4386775806,0.16761057629,-0.898975036253
4487500000,ANT1,-0.82208318735,-80.2670362585,0.153789821051,-0.896601254479
4487500000,ANT2,-0.11706176329,14.4226384313,0.955519890171,0.245738279417
4487500000,ANT3,1.83133624415,-12.9744984888,1.20319308177,-0.277215001212
4487500000,ANT4,-0.892864267501,74.4643117794,0.241673965132,0.869345064042
4487500000,ANT5,-0.827128097714,77.7076814413,0.193561073962,0.888323411376
4487500000,ANT6,1.60430064081,-10.0817413988,1.18428651714,-0.210564206273
4487500000,ANT7,0.00329935356872,15.6133581456,0.963465748685,0.269246622992
4487500000,ANT8,-0.779798922666,-78.8847136515,0.176230272648,-0.896986398088
4500000000,ANT1,-0.678060556048,-78.6833011048,0.181495834668,-0.906922218423
4500000000,ANT2,-0.12627791003,13.1982613324,0.959533959338,0.225025939218
4500000000,ANT3,1.86714124669,-13.3635342227,1.20624523692,-0.286556989238
4500000000,ANT4,-1.00322906439,74.7353909086,0.234558839514,0.859488223574
4500000000,ANT5,-0.882825863972,80.2281680073,0.153322042362,0.890249157442
4500000000,ANT6,1.6282427432,-10.6048872822,1.18557806763,-0.221979576923
4500000000,ANT7,-0.0996374864542,13.5873729892,0.960926364088,0.232248399216
4500000000,ANT8,-0.705353109002,-79.0974706278,0.174386538025,-0.905361203084
4512500000,ANT1,-0.546685806107,-78.8521952882,0.181546910594,-0.921282907727
4512500000,ANT2,-0.486931881199,12.3043881442,0.923763874466,0.201487210364
4512500000,ANT3,1.86930853276,-16.0607983007,1.1917211701,-0.34308951218
4512500000,ANT4,-0.904171503514,78.5504233654,0.1788808729,0.883205401337
4512500000,ANT5,-0.798072902737,82.3111612585,0.122047867857,0.90401175321
4512500000,ANT6,1.6827166033,-13.759012401,1.17893892577,-0.288681073625
4512500000,ANT7,-0.34347211141,12.9730519961,0.936693344269,0.215788710387
4512500000,ANT8,-0.472690931095,-77.4670187743,0.205507803731,-0.924467118766
4525000000,ANT1,-0.148126535058,-78.1889432009,0.201223907911,-0.962276802175
4525000000,ANT2,-0.822472379215,12.8041165718,0.887034330006,0.201596277412
4525000000,ANT3,1.68158323153,-18.0178188536,1.1540950512,-0.375385066725
4525000000,ANT4,-0.722423214769,80.0800311419,0.158523845828,0.906435332698
4525000000,ANT5,-0.527428964959,84.5256937069,0.0897788519892,0.936792139979
4525000000,ANT6,1.42930521081,-16.9679267776,1.12755004913,-0.34403658167
4525000000,ANT7,-0.725361697355,13.2238622926,0.895489723489,0.210428723465
4525000000,ANT8,-0.165075650989,-77.4590148811,0.213050180363,-0.957764513789
4537500000,ANT1,0.155673956914,-78.9315816402,0.195452869012,-0.999146443611
4537500000,ANT2,-1.30036221787,13.2552687202,0.838020362041,0.197408937568
4537500000,ANT3,1.3977891918,-20.3280442451,1.10144338698,-0.408049278733
4537500000,ANT4,-0.30358780482,82.4929227206,0.126161126219,0.957375060749
4537500000,ANT5,-0.150199986768,85.545455152,0.0763366503626,0.979887294785
4537500000,ANT6,1.16887800978,-17.5374064615,1.09087226898,-0.344733861383
4537500000,ANT7,-1.12850877405,13.8057794288,0.852791932693,0.209557002311
4537500000,ANT8,0.160317625026,-78.3023936748,0.206523274417,-0.997473025327
4550000000,ANT1,0.384471081341,-81.2048249112,0.159822702904,-1.03296721218
4550000000,ANT2,-1.52038422949,14.3592698431,0.813199034454,0.208177944089
4550000000,ANT3,1.07897596156,-19.7186510394,1.06587159971,-0.382028776314
4550000000,ANT4,0.108718882769,82.4863752984,0.132408947286,1.00390103416
4550000000,ANT5,0.308930420967,85.3592632812,0.0838370251449,1.0328099033
4550000000,ANT6,0.719171020983,-17.2614286719,1.037394842,-0.322346552572
4550000000,ANT7,-1.425897974,16.4377009819,0.813919894256,0.240131720745
4550000000,ANT8,0.346014835876,-80.4577047821,0.172512839298,-1.02624171603
4562500000,ANT1,0.626488259271,-83.3068759024,0.125268668598,-1.06746687953
4562500000,ANT2,-1.611164137,17.547111295,0.792042600294,0.250446256676
4562500000,ANT3,0.661193494051,-18.48736644,1.02340677546,-0.342176213815
4562500000,ANT4,0.484905926518,80.8500975612,0.168147959785,1.04395970611
4562500000,ANT5,0.591091592637,82.81804787,0.133824787644,1.06202251709
4562500000,ANT6,0.345889627271,-16.1586475253,0.999515415242,-0.289603959316
4562500000,ANT7,-1.53287285601,19.0508673262,0.792306957301,0.273600213943
4562500000,ANT8,0.43446809327,-82.3132341847,0.140617977681,-1.04184532588
4575000000,ANT1,0.484024900348,-85.0916398453,0.0904656486264,-1.05343000081
4575000000,ANT2,-1.45375808052,19.6187314881,0.796780876258,0.284014459311
4575000000,ANT3,0.720115751462,-18.1162208049,1.03258280958,-0.337823676236
4575000000,ANT4,0.342784915486,79.8671387413,0.183013224152,1.02402822399
4575000000,ANT5,0.549071667218,82.3269471236,0.142232949817,1.05571682454
4575000000,ANT6,0.221785297182,-14.703606446,0.992267579165,-0.260383283652
4575000000,ANT7,-1.32419050748,20.3499837804,0.805010509683,0.298581059394
4575000000,ANT8,0.460166056304,-84.2513340373,0.105614572292,-1.04910428378
4587500000,ANT1,0.414794913763,-85.3750985604,0.0845761423116,-1.04549833319
4587500000,ANT2,-1.39082709811,19.5767251846,0.802784197123,0.28549118936
4587500000,ANT3,0.849509272732,-17.4181772183,1.0521799667,-0.330099839747
4587500000,ANT4,0.258441457293,79.8139813013,0.182185499173,1.01396403348
4587500000,ANT5,0.387405173693,82.3872729726,0.138518989573,1.03639540382
4587500000,ANT6,0.331198851137,-13.7684681527,1.00901555906,-0.24724927402
4587500000,ANT7,-1.21436416782,19.538352304,0.819455339785,0.290801808361
4587500000,ANT8,0.36384159731,-84.7545878312,0.0953327750177,-1.03841163319
4600000000,ANT1,0.422451834283,-84.6384319247,0.098097461854,-1.04524554694
4600000000,ANT2,-1.30371617281,18.5686087824,0.815823900026,0.274057570788
4600000000,ANT3,0.854183794071,-17.956671042,1.04959581559,-0.340157032751
4600000000,ANT4,0.182585154899,80.4409550046,0.169591674701,1.00706341483
4600000000,ANT5,0.278713941486,82.7629486812,0.130082624549,1.02438217089
4600000000,ANT6,0.43661184023,-14.190277785,1.01946557303,-0.257780392223
4600000000,ANT7,-1.26370701325,18.9446731159,0.817765696971,0.280696315968
4600000000,ANT8,0.392876621089,-83.9318048325,0.110603412592,-1.04040765638
4612500000,ANT1,0.596371081262,-83.3714927447,0.123635291811,-1.06391209778
4612500000,ANT2,-1.52063063061,17.1484717312,0.802082647336,0.247495810314
4612500000,ANT3,0.754832625309,-20.2398144745,1.02343796623,-0.377359513377
4612500000,ANT4,0.231748107716,79.9091121285,0.17994785379,1.01115288658
4612500000,ANT5,0.304394004957,85.3290340924,0.0843378638007,1.03222628128
4612500000,ANT6,0.482894752972,-15.0576940629,1.02087155242,-0.274643778547
4612500000,ANT7,-1.46426840568,19.8313987591,0.794758924189,0.286622905996
4612500000,ANT8,0.614658464077,-83.5490154292,0.120591954666,-1.06653318695
4625000000,ANT1,0.911842057449,-83.5868734214,0.124060083775,-1.10373776798
4625000000,ANT2,-1.86386056054,17.4164798825,0.769884494654,0.241510385518
4625000000,ANT3,0.58417334466,-20.5003998294,1.00183260045,-0.374577829155
4625000000,ANT4,0.310063222914,83.100055821,0.124501867226,1.02883639722
4625000000,ANT5,0.486098154725,85.2617210204,0.0873590218615,1.0539454428
4625000000,ANT6,0.382627454051,-17.3311222387,0.997590733637,-0.31130945837
4625000000,ANT7,-1.78597897748,18.4030358034,0.772507782185,0.257024597207
4625000000,ANT8,0.975035304218,-82.7628970379,0.140941354659,-1.10988512144
4637500000,ANT1,1.22722341951,-83.9621782592,0.121147575469,-1.14536865205
4637500000,ANT2,-2.2768650073,18.1469452722,0.731138395345,0.2396360973
4637500000,ANT3,0.399938108779,-22.0921934539,0.970241333862,-0.393820167628
4637500000,ANT4,0.686897170773,84.0272194514,0.11261906642,1.07641773129
4637500000,ANT5,0.799018308402,87.0247863243,0.0569051080242,1.09487648196
4637500000,ANT6,0.0829388214099,-19.4888194281,0.951751333543,-0.33682382581
4637500000,ANT7,-2.22705431529,19.4848479198,0.72951544258,0.258117871898
4637500000,ANT8,1.30790349371,-83.1406078264,0.138841804396,-1.15418498374
4650000000,ANT1,1.70664709523,-85.2509267813,0.100767663476,-1.21293851832
4650000000,ANT2,-2.69176592634,20.5651770192,0.68677471544,0.257665376437
4650000000,ANT3,0.0504685097749,-23.676608295,0.921163427356,-0.403914010381
4650000000,ANT4,1.0915678058,84.8924043226,0.100947812785,1.12940704446
4650000000,ANT5,1.18913048398,86.4351699305,0.0713004859507,1.1444989181
4650000000,ANT6,-0.369450321902,-21.1157799014,0.894007837209,-0.345251824649
4650000000,ANT7,-2.63395023706,22.3418578526,0.682986963045,0.280696432124
4650000000,ANT8,1.65735259052,-84.1912941473,0.122484228783,-1.20401509363
4662500000,ANT1,2.01402027939,-86.9885468317,0.0662452156698,-1.25921782238
4662500000,ANT2,-2.89737225056,23.517991433,0.656855516556,0.285854195395
4662500000,ANT3,-0.439942148751,-23.8859019428,0.869194719312,-0.384918239377
4662500000,ANT4,1.51008729862,83.096054568,0.143030159337,1.181255524
4662500000,ANT5,1.58879874264,85.5155040556,0.0938831018324,1.19703904747
4662500000,ANT6,-0.968485151597,-20.3672829017,0.838567759103,-0.311315602944
4662500000,ANT7,-2.63245748967,25.1388115956,0.668591186735,0.313743449443
4662500000,ANT8,1.82535071993,-86.026629976,0.0854979609603,-1.2308989283
4675000000,ANT1,2.03130480028,-90.5945729557,-0.0131111251898,-1.26340285965
4675000000,ANT2,-2.77389055484,29.5453159484,0.632131936199,0.358303335331
4675000000,ANT3,-0.926844752565,-22.5931800012,0.8298123218,-0.34530164842
4675000000,ANT4,1.80469711281,81.0034515004,0.192487301855,1.21579100387
4675000000,ANT5,1.95945427981,82.3246915395,0.167357905009,1.24183606878
4675000000,ANT6,-1.48062674842,-18.7146474047,0.798688568463,-0.27056875926
4675000000,ANT7,-2.62178362165,28.845393671,0.647705530244,0.356747668392
4675000000,ANT8,2.00768948457,-89.8164522977,0.00403654734949,-1.26003394701
4687500000,ANT1,2.11710836895,-93.2039429126,-0.0713166925618,-1.27401942719
4687500000,ANT2,-2.36468706326,29.5511596851,0.662586825872,0.37565499041
4687500000,ANT3,-1.44706213773,-18.8021845293,0.801364972523,-0.272840984582
4687500000,ANT4,1.90469313185,78.3091180413,0.252314104778,1.21935590345
4687500000,ANT5,2.00669525301,80.1246522049,0.216078784766,1.2412285723
4687500000,ANT6,-1.89167696843,-15.224501583,0.77606909092,-0.211209717776
4687500000,ANT7,-2.25632440176,32.0171766946,0.653917379691,0.408885563399
4687500000,ANT8,1.93125381737,-92.7714776012,-0.0603923679504,-1.24753980932
4700000000,ANT1,1.58310092371,-94.4926814757,-0.093992437307,-1.19624064856
4700000000,ANT2,-1.95767277126,30.8795937019,0.685060672144,0.409669041752
4700000000,ANT3,-1.31288232535,-15.8930137669,0.826854768689,-0.235426778895
4700000000,ANT4,1.69554505669,74.8407642395,0.317872641503,1.17326420611
4700000000,ANT5,1.86967287253,77.5576125345,0.267205804117,1.21104906719
4700000000,ANT6,-1.75231402262,-11.2029124798,0.801731746755,-0.158789512845
4700000000,ANT7,-1.81217524373,31.8934610212,0.689152430768,0.428850493436
4700000000,ANT8,1.68672551002,-93.5828237747,-0.07588501417,-1.21195534788
4712500000,ANT1,1.24656159721,-93.8351229306,-0.0772076597614,-1.15174000958
4712500000,ANT2,-1.56611121118,27.603630202,0.739969045812,0.386906167824
4712500000,ANT3,-0.901236054045,-12.9161640374,0.878634696825,-0.201495104976
4712500000,ANT4,1.28800400992,75.3411251656,0.293514721886,1.12209226683
4712500000,ANT5,1.45781239565,75.1221609509,0.303680070168,1.1430927008
4712500000,ANT6,-1.20228163506,-8.43224405342,0.861322159501,-0.127684323508
4712500000,ANT7,-1.42477177368,30.3132908525,0.732676618699,0.428369672127
4712500000,ANT8,1.10202267118,-93.1966761496,-0.0633070105753,-1.13350866765
4725000000,ANT1,1.24128634715,-91.1096017738,-0.022339923414,-1.15340776598
4725000000,ANT2,-1.72166896049,26.2192714282,0.735804029512,0.362367929514
4725000000,ANT3,-0.587118404783,-16.1327324864,0.897833822938,-0.259702163646
4725000000,ANT4,1.14070189149,76.8034316095,0.260331578277,1.1102284419
4725000000,ANT5,1.18490100356,78.8158517298,0.222312471221,1.12439259811
4725000000,ANT6,-0.84942271975,-12.1592974239,0.886492061339,-0.191007271909
4725000000,ANT7,-1.56086454311,27.1835422555,0.743234707076,0.381700919694
4725000000,ANT8,1.15218538593,-89.6204653389,0.00756371062054,-1.14182550861
4737500000,ANT1,1.54551912752,-89.3677778445,0.0131829990867,-1.19467428746
4737500000,ANT2,-2.18637639517,23.7147040513,0.711815942593,0.312683254491
4737500000,ANT3,-0.674618397777,-19.6104690687,0.871601973463,-0.310542965969
4737500000,ANT4,1.27776653766,80.0647870085,0.199877667915,1.14110626491
4737500000,ANT5,1.45653987979,82.7075977795,0.150107294966,1.17300489533
4737500000,ANT6,-1.00356926457,-15.7927417981,0.857256082003,-0.242461731642
4737500000,ANT7,-1.98013886045,26.6189089891,0.711760189179,0.356716802882
4737500000,ANT8,1.56487737299,-88.3350091171,0.0347914052284,-1.19690717645
4750000000,ANT1,1.95255371734,-89.2749204347,0.0158445214604,-1.25196707845
4750000000,ANT2,-2.63658327378,26.1276275391,0.662762390981,0.325080315038
4750000000,ANT3,-1.13366383972,-22.3029684791,0.811984548642,-0.333068279157
4750000000,ANT4,1.80587013967,81.5641560049,0.180604763044,1.21778091449
4750000000,ANT5,1.91257076386,83.2080002669,0.147396083357,1.23757044121
4750000000,ANT6,-1.41238341014,-18.8064814256,0.804550300772,-0.273992827549
4750000000,ANT7,-2.46002110642,27.8298592236,0.666219184125,0.351701358956
4750000000,ANT8,1.97165700918,-88.3452726951,0.0362348340777,-1.25430082277
4762500000,ANT1,2.41029011719,-90.9877731938,-0.0227524200143,-1.31962326471
4762500000,ANT2,-2.93213864708,29.2197338574,0.622708671981,0.348301632051
4762500000,ANT3,-1.74279750117,-23.1507146588,0.752314641639,-0.321676737125
4762500000,ANT4,2.25629308629,80.7678112376,0.208025111681,1.27982966951
4762500000,ANT5,2.42900312627,82.2519036055,0.178319183563,1.31059045702
4762500000,ANT6,-2.054938958,-19.3423911578,0.744767651458,-0.261432686578
4762500000,ANT7,-2.71998392945,31.5340516497,0.623172552128,0.382390255847
4762500000,ANT8,2.35427270595,-90.2926213397,-0.00669722838463,-1.31131784494
4775000000,ANT1,2.65752437449,-93.4514746955,-0.081751472953,-1.35546327664
4775000000,ANT2,-2.89640687748,32.8229931418,0.602059507069,0.388342920446
4775000000,ANT3,-2.32334671587,-22.0224911846,0.709462765195,-0.286965571957
4775000000,ANT4,2.61859030869,79.1142587796,0.255298905019,1.32752754858
4775000000,ANT5,2.80948948418,80.8382526552,0.220027942209,1.36426407707
4775000000,ANT6,-2.79393284102,-19.1649051295,0.684764148715,-0.237989909721
4775000000,ANT7,-2.59888264426,34.7044538035,0.609509393505,0.422114412829
4775000000,ANT8,2.52696491127,-92.8410873705,-0.0663028526247,-1.33602352115
4787500000,ANT1,2.66522558915,-95.791210692,-0.137141305806,-1.35219414553
4787500000,ANT2,-2.67446862087,35.1819446925,0.600720084196,0.423477965049
4787500000,ANT3,-2.94399622515,-20.4390150413,0.667667697917,-0.248821044784
4787500000,ANT4,3.0064370152,76.9746769853,0.318596097876,1.37721398739
4787500000,ANT5,3.02494865853,78.5652706894,0.280843182039,1.38848279553
4787500000,ANT6,-3.38814533944,-16.6286223016,0.648693753598,-0.19373691611
4787500000,ANT7,-2.37225853805,37.8461058741,0.600935783573,0.466908586644
4787500000,ANT8,2.68225746062,-95.7091502065,-0.135469896797,-1.35504363242
4800000000,ANT1,2.74872732623,-99.2962225765,-0.221673157852,-1.35423712453
4800000000,ANT2,-2.33173166172,37.3168722354,0.608053324776,0.463495535677
4800000000,ANT3,-3.35659217215,-17.086090361,0.6494813207,-0.199633959996
4800000000,ANT4,2.9901970269,74.9916370313,0.365378163307,1.36281416559
4800000000,ANT5,3.07760836014,75.9831451153,0.345197532407,1.38277864207
4800000000,ANT6,-3.7632648774,-12.111285874,0.633958742605,-0.136039597268
4800000000,ANT7,-2.05024566884,38.4120998737,0.618815565228,0.49067998705
4800000000,ANT8,2.68530166683,-98.2101554441,-0.194538949602,-1.34831387597
4812500000,ANT1,2.55434306654,-102.118866787,-0.281717242579,-1.31198556832
4812500000,ANT2,-1.77026000686,38.2918497663,0.640149926049,0.505412109544
4812500000,ANT3,-3.5735200519,-12.1926896848,0.647761856672,-0.139964562341
4812500000,ANT4,2.86983780455,72.142659464,0.426709254478,1.32448814948
4812500000,ANT5,3.03471514049,72.9855883499,0.414981025065,1.35612168352
4812500000,ANT6,-3.87727249384,-7.18660600034,0.63490840146,-0.0800567973389
4812500000,ANT7,-1.70768281391,39.6669042454,0.632376812197,0.524392588406
4812500000,ANT8,2.46983935492,-101.588839353,-0.266958669829,-1.30180857462
4825000000,ANT1,2.34667283311,-104.598884848,-0.330233589857,-1.26788744102
4825000000,ANT2,-1.57388583136,38.2655085212,0.655025145557,0.516667734586
4825000000,ANT3,-3.42118459883,-6.54038988458,0.670046681083,-0.0768206866565
4825000000,ANT4,2.82548010274,69.542213744,0.483885409528,1.29712291065
4825000000,ANT5,2.79754373355,73.0571374816,0.402154938504,1.3200964907
4825000000,ANT6,-3.79291933641,-4.35304767787,0.644316729125,-0.0490463777027
4825000000,ANT7,-1.46164461542,38.8444349828,0.658222288233,0.530065303827
4825000000,ANT8,2.27993771262,-104.216972319,-0.319312268672,-1.26033978048
4837500000,ANT1,2.01190884096,-105.835490665,-0.344002131202,-1.21280981394
4837500000,ANT2,-1.31536232648,36.7819552393,0.688368543169,0.514627419588
4837500000,ANT3,-3.16290697098,-4.90955064179,0.692242587357,-0.0594623641419
4837500000,ANT4,2.61275428541,68.7045710153,0.490632068687,1.25870288501
4837500000,ANT5,2.49834629299,70.6041293904,0.442769028273,1.25760009268
4837500000,ANT6,-3.40141775257,0.33301023548,0.675961213476,0.00392881534261
4837500000,ANT7,-1.13079894127,39.6754299343,0.675719627486,0.560503924521
4837500000,ANT8,1.88747657194,-105.354054508,-0.329051445024,-1.1983663843
4850000000,ANT1,1.5803403017,-107.438794836,-0.359488236761,-1.14441230803
4850000000,ANT2,-1.26335076553,36.8367278019,0.692007660853,0.518380049829
4850000000,ANT3,-2.6045378222,-3.15466943672,0.739800272179,-0.0407741468574
4850000000,ANT4,2.17308259217,67.5005535996,0.49145488867,1.18650948309
4850000000,ANT5,2.36770420021,70.182980025,0.445253350959,1.23558701081
4850000000,ANT6,-2.81184106747,2.64339791733,0.722679238225,0.0333652035454
4850000000,ANT7,-0.881366857142,39.2171017184,0.699997511742,0.571252038932
4850000000,ANT8,1.43996941827,-105.787296789,-0.321125050735,-1.13579298051
4862500000,ANT1,1.26886691629,-104.036992787,-0.280699477005,-1.12273550406
4862500000,ANT2,-1.14546840791,32.8469319968,0.736324492392,0.475382838362
4862500000,ANT3,-1.89689260347,-4.1886380883,0.801666635353,-0.0587108900345
4862500000,ANT4,1.8309082175,70.1529433308,0.419178191136,1.16131871097
4862500000,ANT5,1.81149484773,71.6503256303,0.387820543397,1.16925953249
4862500000,ANT6,-2.06036425909,-0.0242561158852,0.788826965293,-0.000333949194673
4862500000,ANT7,-0.949915516999,35.9418736928,0.725740959646,0.526157593091
4862500000,ANT8,1.14137080596,-102.342187659,-0.243766564214,-1.11407265928
4875000000,ANT1,1.71547092927,-100.538536743,-0.222833092893,-1.19780309076
4875000000,ANT2,-1.69465626144,33.8599666474,0.68321196242,0.458406786812
4875000000,ANT3,-1.93996393659,-11.0015464228,0.785138187412,-0.152637395388
4875000000,ANT4,1.83064751376,73.1980124431,0.356884671137,1.18191088147
4875000000,ANT5,1.92739906426,75.099532096,0.321026400836,1.2064662597
4875000000,ANT6,-2.20823703251,-7.20789534141,0.769382792691,-0.0973033645806
4875000000,ANT7,-1.36054049613,35.3841670428,0.697082116117,0.495100615505
4875000000,ANT8,1.72988021939,-98.7936997219,-0.186567779761,-1.20603170128
4887500000,ANT1,2.41426936913,-102.004677474,-0.274637063112,-1.29154732668
4887500000,ANT2,-2.05164241479,35.4131891432,0.643535513326,0.457559874923
4887500000,ANT3,-2.87606094775,-12.7204990428,0.700494225405,-0.158126560959
4887500000,ANT4,2.39145709213,74.4540278649,0.352960609708,1.26878075656
4887500000,ANT5,2.46828829513,75.9576067798,0.322386144772,1.28895658378
4887500000,ANT6,-3.15862394678,-8.56367582291,0.687384370054,-0.103511401754
4887500000,ANT7,-1.59849240825,38.5998191654,0.650154889361,0.519008469839
4887500000,ANT8,2.41080496118,-101.135790614,-0.254918305668,-1.29504687297
4900000000,ANT1,2.73856873061,-105.870188014,-0.374817874976,-1.31841159284
4900000000,ANT2,-1.85619483489,40.0113845228,0.618545713523,0.519230953293
4900000000,ANT3,-3.69754236708,-9.70056655745,0.643974147095,-0.110083070697
4900000000,ANT4,2.70533669501,72.2201788228,0.416945146448,1.30020515952
4900000000,ANT5,2.8008520341,73.0833743275,0.40170337116,1.32078347391
4900000000,ANT6,-3.9938172536,-5.22965649598,0.628778306645,-0.0575514775104
4900000000,ANT7,-1.42632399517,40.5709895835,0.644568629398,0.551896260176
4900000000,ANT8,2.72912099102,-105.08551619,-0.356339697041,-1.32198224996
4912500000,ANT1,2.76672373036,-108.500615478,-0.436341554564,-1.30404088954
4912500000,ANT2,-1.53733667761,40.003386805,0.641749575992,0.538556479283
4912500000,ANT3,-4.06226047832,-5.07475678468,0.623995207873,-0.0554129917128
4912500000,ANT4,2.81733624657,70.0550366977,0.471813771825,1.30018227078
4912500000,ANT5,2.85549649768,70.9450159596,0.453550084883,1.31311015655
4912500000,ANT6,-4.34113804061,-0.701189168056,0.606611410168,-0.00742411726986
4912500000,ANT7,-1.21193516697,41.4765417408,0.651653350672,0.576058716231
4912500000,ANT8,2.71311388891,-108.203419773,-0.426928421178,-1.2982490081
4925000000,ANT1,2.62913165485,-111.314857136,-0.491985619951,-1.26091167365
4925000000,ANT2,-1.41451594347,40.8811031777,0.642444841973,0.556132410785
4925000000,ANT3,-4.11781015178,-0.528129525959,0.622430753473,-0.00573747965038
4925000000,ANT4,2.7840982203,67.402985357,0.529438651771,1.27208148587
4925000000,ANT5,2.79590788299,69.4664953169,0.483948707759,1.29207577233
4925000000,ANT6,-4.25526746832,4.12450864628,0.611097337885,0.044066753939
4925000000,ANT7,-0.97143370901,41.2792231088,0.671984528805,0.589921221342
4925000000,ANT8,2.54988951443,-111.311328945,-0.487440662703,-1.24949059714
4937500000,ANT1,2.40928078236,-115.206827384,-0.562028751161,-1.19400256554
4937500000,ANT2,-1.03956561434,39.9465334333,0.680166793393,0.569646950223
4937500000,ANT3,-4.03810873695,3.47976076039,0.627036924228,0.0381289020447
4937500000,ANT4,2.62896101406,67.1620378391,0.525316591433,1.24736466167
4937500000,ANT5,2.6244345996,67.3540911591,0.520861024964,1.24846771811
4937500000,ANT6,-4.28240575472,8.31347077148,0.60435472453,0.0883109378623
4937500000,ANT7,-0.74489923667,43.1136206298,0.670004614916,0.627278049887
4937500000,ANT8,2.44230294666,-114.162687209,-0.54223507204,-1.20863224792
4950000000,ANT1,2.32312707644,-115.22133341,-0.556780943138,-1.18207709283
4950000000,ANT2,-1.13197997554,41.0067315753,0.662424679064,0.575973640067
4950000000,ANT3,-3.73879484698,5.46657247209,0.647262666676,0.0619432000232
4950000000,ANT4,2.48565359654,64.5356964228,0.572399577238,1.20198730886
4950000000,ANT5,2.44107303876,66.7566044925,0.522699990762,1.21700395125
4950000000,ANT6,-3.91038139238,10.0904180882,0.627640536097,0.11169151623
4950000000,ANT7,-0.686619840342,41.6252720171,0.690690067419,0.613768343955
4950000000,ANT8,2.2179223435,-114.259961658,-0.530405889872,-1.17691095135
4962500000,ANT1,2.13044977209,-115.252789385,-0.545200620866,-1.15584487056
4962500000,ANT2,-1.01156782626,39.3035442864,0.688733029396,0.563792602936
4962500000,ANT3,-3.48776851802,7.69836331103,0.663253488866,0.0896560975077
4962500000,ANT4,2.30503216004,63.8163292048,0.575355729477,1.17011893773
4962500000,ANT5,2.30967173521,65.5868991781,0.539215395426,1.18797163756
4962500000,ANT6,-3.71125108663,11.7927586562,0.63851744762,0.133309025644
4962500000,ANT7,-0.673604604107,42.0813368142,0.686811116105,0.620175215276
4962500000,ANT8,2.13903836766,-115.026442066,-0.541165045125,-1.15913524879
4975000000,ANT1,2.1453866593,-116.478599074,-0.570783306213,-1.14588585007
4975000000,ANT2,-0.999539128389,40.6848961272,0.675876982914,0.581036003159
4975000000,ANT3,-3.43962220095,9.57615067871,0.663627839255,0.111960130396
4975000000,ANT4,2.12544507875,63.41602136,0.571576110372,1.14220875308
4975000000,ANT5,2.22609159986,63.8755164256,0.568952259888,1.16012099865
4975000000,ANT6,-3.47482106127,13.5062336537,0.651747113188,0.156545635786
4975000000,ANT7,-0.628309059952,41.3754328842,0.698030214545,0.614864685987
4975000000,ANT8,2.04536811264,-115.955652055,-0.55388611285,-1.13786930907
4987500000,ANT1,1.85456093085,-117.496471975,-0.571586906379,-1.09817332525
4987500000,ANT2,-0.787683362764,39.3175273654,0.706575134292,0.578686088998
4987500000,ANT3,-3.0422084125,12.3505761186,0.688209459845,0.150690427573
4987500000,ANT4,2.03214643335,61.976799353,0.593672854891,1.11544637798
4987500000,ANT5,1.94680532679,63.1043238701,0.566019734988,1.11589455162
4987500000,ANT6,-3.12719283994,16.3212834844,0.669539634017,0.196057098928
4987500000,ANT7,-0.514684298113,41.7704246819,0.702910101309,0.627821576968
4987500000,ANT8,1.63825622232,-117.344462899,-0.554684635184,-1.07263861144
5000000000,ANT1,1.46170853237,-118.331410114,-0.561547452834,-1.04153852186
5000000000,ANT2,-0.715521191255,40.4372573857,0.700930874426,0.597325293315
5000000000,ANT3,-2.46080836722,14.15456893,0.730415372812,0.184207381435
5000000000,ANT4,1.66277464333,60.7192697566,0.592279555981,1.05626198671
5000000000,ANT5,1.61351202262,61.9279315998,0.566644552985,1.06247722836
5000000000,ANT6,-2.5582214949,17.3021757839,0.711178088753,0.221536935099
5000000000,ANT7,-0.397592660215,41.2386957592,0.718324719497,0.629703195173
5000000000,ANT8,1.39414851528,-117.448489101,-0.541205450745,-1.04193200863
5012500000,ANT1,1.00450837207,-115.584069272,-0.484778377211,-1.01253291034
5012500000,ANT2,-0.511368523788,36.7804418324,0.755143140693,0.564517315168
5012500000,ANT3,-1.62674909667,11.8883322293,0.811420528504,0.170820555812
5012500000,ANT4,1.31281333045,62.3155367552,0.540407893767,1.03000389262
5012500000,ANT5,1.29284780976,63.460672193,0.518522026657,1.03820907125
5012500000,ANT6,-1.86706641164,14.8804843641,0.779528833791,0.207132295846
5012500000,ANT7,-0.384773048758,40.0412218289,0.732407766171,0.615461573815
5012500000,ANT8,0.779787568578,-113.782619931,-0.441146516133,-1.00103533729
5025000000,ANT1,1.2575602035,-111.832249196,-0.429826268526,-1.07289059482
5025000000,ANT2,-0.959483919911,38.5225255922,0.700542206188,0.557686248056
5025000000,ANT3,-1.71438258437,3.95941854563,0.818922985047,0.0566818393825
5025000000,ANT4,1.42135649788,66.038417319,0.478328757949,1.07628557657
5025000000,ANT5,1.33288985842,66.5793288178,0.463402797636,1.06980158719
5025000000,ANT6,-2.06420366488,7.40017253413,0.781911014844,0.10155490427
5025000000,ANT7,-0.535267296712,39.2067014997,0.728560791846,0.594341593386
5025000000,ANT8,1.26153090607,-109.874315112,-0.393098881887,-1.0874465615
5037500000,ANT1,1.9714275179,-113.257073584,-0.495463345506,-1.15282973071
5037500000,ANT2,-1.08870433469,38.3418450031,0.691926589046,0.54727168653
5037500000,ANT3,-2.96342019753,4.36349424892,0.708872828108,0.0540904843995
5037500000,ANT4,1.82398621453,66.3700624569,0.494489563429,1.13023178666
5037500000,ANT5,1.91733747477,66.1180619852,0.504852623746,1.14023499237
5037500000,ANT6,-3.16117679951,8.76222770607,0.686819645172,0.105861708144
5037500000,ANT7,-0.564703452795,42.5373806655,0.6904558408,0.633515409328
5037500000,ANT8,2.06525357733,-113.235998481,-0.500415728725,-1.16553438979
5050000000,ANT1,2.03835617097,-116.121305669,-0.556723988768,-1.13534624754
5050000000,ANT2,-0.996697205985,40.2381908225,0.680609081106,0.575937346406
5050000000,ANT3,-3.23816557927,9.86798509771,0.678607154815,0.118045213982
5050000000,ANT4,2.0317044713,62.3055864526,0.587232337694,1.11877780853
5050000000,ANT5,1.88620394558,64.1254472513,0.542246984725,1.1179769992
5050000000,ANT6,-3.42743702065,14.0062455238,0.653913737976,0.163114719288
5050000000,ANT7,-0.331604752458,40.6112011062,0.730708174212,0.626540485391
5050000000,ANT8,2.03763997051,-115.033350585,-0.535022397057,-1.14561776897
5062500000,ANT1,1.82802273517,-117.415064884,-0.568287065861,-1.09563171214
5062500000,ANT2,-0.749922822698,39.2813612817,0.710020271918,0.580759250852
5062500000,ANT3,-3.08108919063,13.2016702359,0.682831779287,0.160177748429
5062500000,ANT4,1.8233538074,61.1508332962,0.595209610426,1.08048495344
5062500000,ANT5,1.90099824084,62.1891541656,0.580700102871,1.10089057185
5062500000,ANT6,-3.25220706194,17.3070331774,0.656549716884,0.204580879613
5062500000,ANT7,-0.283854433138,41.1946441589,0.728283057809,0.637443379814
5062500000,ANT8,1.81469872501,-116.909631431,-0.5577437626,-1.09891513787
5075000000,ANT1,1.77149197073,-118.425881099,-0.58371542963,-1.07839451957
5075000000,ANT2,-0.733677266147,40.6218162098,0.697543564498,0.598328010096
5075000000,ANT3,-2.86585624509,14.9869908558,0.694508196635,0.185923909337
5075000000,ANT4,1.77470833707,60.0563724996,0.612300312074,1.06294909847
5075000000,ANT5,1.63074527672,61.0553242404,0.583916977009,1.05581713944
5075000000,ANT6,-3.03407619439,19.0862084889,0.666408771939,0.23058509824
5075000000,ANT7,-0.214288930129,40.9179496216,0.737233856972,0.639016371241
5075000000,ANT8,1.67095305124,-118.298780818,-0.574631783318,-1.06726143928
5087500000,ANT1,1.72070182585,-119.711452468,-0.604219417786,-1.05881758868
5087500000,ANT2,-0.730589513728,39.8483388994,0.705807886602,0.5890665001
5087500000,ANT3,-2.76010863883,16.4456871424,0.69799653485,0.206036481857
5087500000,ANT4,1.55342115973,59.8435954115,0.600742008027,1.03398697024
5087500000,ANT5,1.54372675654,60.8820161156,0.581255430241,1.04353897011
5087500000,ANT6,-2.79563647357,21.4982756505,0.674374634598,0.265619788451
5087500000,ANT7,-0.128233343298,40.5024170853,0.749235246384,0.639962018159
5087500000,ANT8,1.5967182273,-119.308877836,-0.588307244528,-1.04797066467
5100000000,ANT1,1.49810738745,-121.332789358,-0.617896036987,-1.0149515241
5100000000,ANT2,-0.562412158411,40.1112151673,0.716843918184,0.603878483362
5100000000,ANT3,-2.5728812079,19.0837590047,0.702759747705,0.243129313285
5100000000,ANT4,1.42423331833,58.9757324767,0.607235272465,1.00964031344
5100000000,ANT5,1.4819694172,60.3491015557,0.586749522477,1.03073288203
5100000000,ANT6,-2.58253144751,23.0948070159,0.683272230042,0.291367111662
5100000000,ANT7,-0.0974775788787,40.910009672,0.747305188897,0.647564613431
5100000000,ANT8,1.41099226972,-121.191835534,-0.609256001348,-1.00632482586
5112500000,ANT1,1.27909782118,-121.550659715,-0.606269880295,-0.987381832904
5112500000,ANT2,-0.449628089012,39.8624419078,0.728862049595,0.608611912651
5112500000,ANT3,-2.15120664082,21.279853519,0.727396457466,0.2833054202
5112500000,ANT4,1.26549149681,57.8360838016,0.615837782173,0.979301020271
5112500000,ANT5,1.41519040617,59.4144370097,0.598863091707,1.01320477384
5112500000,ANT6,-2.27878929981,24.491464714,0.700023986686,0.318893379115
5112500000,ANT7,-0.0786266965914,40.8324227806,0.749806933384,0.647956787126
5112500000,ANT8,0.998471002081,-122.166044018,-0.597229087521,-0.94963134085
5125000000,ANT1,1.14057482888,-122.94510599,-0.620149091712,-0.9569518185
5125000000,ANT2,-0.470047526731,40.3022486891,0.722468440271,0.612746543371
5125000000,ANT3,-1.7911835204,23.1626571052,0.748068721669,0.320045702351
5125000000,ANT4,1.14285074382,57.4315720846,0.61400533648,0.961259978733
5125000000,ANT5,0.925013612918,58.7360885881,0.577300567891,0.950841271077
5125000000,ANT6,-1.92122630093,25.2635338072,0.724898701772,0.342093761711
5125000000,ANT7,-0.0240184788672,40.5384703588,0.757871144551,0.648163662938
5125000000,ANT8,0.998036641298,-122.489464643,-0.602549847451,-0.946197699584
5137500000,ANT1,0.918043011862,-123.963299727,-0.620942081498,-0.921857665879
5137500000,ANT2,-0.54443481065,39.5018943827,0.724723723151,0.597456380156
5137500000,ANT3,-1.25283667072,23.3902994855,0.794541452316,0.343669089725
5137500000,ANT4,0.869968315522,57.958242593,0.586427386722,0.936959799838
5137500000,ANT5,0.712669210782,61.4324396424,0.519084673736,0.953352539259
5137500000,ANT6,-1.4871583795,26.1269752382,0.756539356814,0.371066575421
5137500000,ANT7,0.101547774582,39.5086597925,0.780601400948,0.643676315962
5137500000,ANT8,0.682201548116,-123.955211407,-0.604182284454,-0.897249216862
5150000000,ANT1,0.564231863657,-124.3342121,-0.601873884026,-0.88118339951
5150000000,ANT2,-0.29564136303,39.2463184161,0.748517484524,0.611484237495
5150000000,ANT3,-0.803594481125,24.6075014791,0.828840403719,0.379604035258
5150000000,ANT4,0.685539903727,58.6456993706,0.563060097874,0.924097123785
5150000000,ANT5,0.48253335974,59.2879190409,0.539899732255,0.908858192539
5150000000,ANT6,-1.0686667104,26.2639479226,0.792949146979,0.391279251258
5150000000,ANT7,0.0498138966235,38.6413865451,0.785561953246,0.628035448612
5150000000,ANT8,0.385783530805,-122.358560675,-0.559523405636,-0.883078899172
5162500000,ANT1,0.227527625133,-123.670318657,-0.569128161919,-0.85433012092
5162500000,ANT2,-0.0257930944116,39.0404860233,0.774398057054,0.628001728685
5162500000,ANT3,-0.10605802952,22.6211963641,0.911865505147,0.379968829023
5162500000,ANT4,0.279008703906,58.8111511305,0.53476532925,0.883390477891
5162500000,ANT5,0.237666832098,60.7100701084,0.502800484313,0.896349027297
5162500000,ANT6,-0.655861646191,24.1453655722,0.84614506929,0.379303282012
5162500000,ANT7,0.0885007883934,40.2315129616,0.771259394131,0.652492189093
5162500000,ANT8,-0.0449911794076,-121.889463503,-0.525552880935,-0.844682214382
5175000000,ANT1,0.086380484898,-121.205723989,-0.523290753352,-0.863860955254
5175000000,ANT2,-0.385043425034,38.6345835811,0.747272147583,0.597278365623
5175000000,ANT3,0.240528512188,15.905339666,0.988719648649,0.281743823743
5175000000,ANT4,0.192430937717,61.3096876856,0.49082966298,0.896878699059
5175000000,ANT5,0.0907022397115,63.0269306241,0.458332881266,0.90057512153
5175000000,ANT6,-0.222147798281,20.8288381096,0.911045663718,0.34659859783
5175000000,ANT7,0.0762477191532,39.6791567299,0.776417710717,0.644117418767
5175000000,ANT8,-0.0790986703528,-118.178812408,-0.467944004969,-0.873487334304
5187500000,ANT1,0.831550666642,-117.334981276,-0.505326239904,-0.977586748646
5187500000,ANT2,-0.570168004112,37.5195609607,0.742753048534,0.570337447888
5187500000,ANT3,-0.745873941279,10.0977735392,0.903496411518,0.160901000138
5187500000,ANT4,0.452892131983,62.6982206064,0.483227579769,0.936164947576
5187500000,ANT5,0.421061767528,65.9178176619,0.428314542614,0.958308562254
5187500000,ANT6,-1.09459497437,15.8879238621,0.847919427811,0.241342998196
5187500000,ANT7,-0.0597579252908,41.0840387506,0.748578600409,0.652659590565
5187500000,ANT8,0.764890278897,-115.870354105,-0.476503221096,-0.98261325864
5200000000,ANT1,1.2903717918,-120.811265672,-0.594248539871,-0.996415700683
5200000000,ANT2,-0.461943313566,40.4398825016,0.721667464863,0.615053858214
5200000000,ANT3,-1.69419052982,14.6026007788,0.796214705988,0.207436990804
5200000000,ANT4,0.7309934953,61.1242672112,0.52531192706,0.95255425013
5200000000,ANT5,0.503288520889,62.9287728056,0.482246589088,0.943560600524
5200000000,ANT6,-1.73129937404,20.072812672,0.769519397125,0.281190139104
5200000000,ANT7,0.0810777640131,41.5225124882,0.755716665812,0.669131166881
5200000000,ANT8,1.28170164542,-119.879582786,-0.577391408125,-1.00494295658
5212500000,ANT1,1.30375469993,-123.873377355,-0.647624172524,-0.964734453656
5212500000,ANT2,-0.544080292509,39.7030498342,0.722651190977,0.600021560586
5212500000,ANT3,-1.60009652131,20.3288709347,0.779947863323,0.288958346038
5212500000,ANT4,0.552130203177,59.5594827506,0.539894679031,0.918739031307
5212500000,ANT5,0.396439861399,61.2417350482,0.503583045674,0.917596774266
5212500000,ANT6,-1.58295470535,24.3634574737,0.759181034203,0.343796129507
5212500000,ANT7,0.217830136864,41.360845173,0.769623916929,0.677580578572
5212500000,ANT8,1.25697661779,-122.684063859,-0.624090557703,-0.972715956742
5225000000,ANT1,1.32365482691,-126.806939076,-0.697745384644,-0.932460045791
5225000000,ANT2,-0.419803277678,41.8833161705,0.709378507377,0.636116173286
5225000000,ANT3,-0.986208836734,23.8275286675,0.816581275301,0.360624014843
5225000000,ANT4,0.230424985044,58.8257196563,0.531559135848,0.87859829562
5225000000,ANT5,0.157705611003,59.9820224764,0.509437864521,0.8817332328
5225000000,ANT6,-1.42077352576,26.6528294074,0.75887982311,0.380894299777
5225000000,ANT7,0.11374925219,41.2628844388,0.761600309851,0.668208589478
5225000000,ANT8,1.00125096503,-125.627361741,-0.653682456841,-0.912133398821
5237500000,ANT1,0.830958710691,-126.493770209,-0.654442824121,-0.884629862774
5237500000,ANT2,-0.0789886685656,40.7772156926,0.750399648558,0.647207041401
5237500000,ANT3,-0.831785568511,25.8026141895,0.818083149074,0.395522896184
5237500000,ANT4,-0.0154292869031,57.5955500777,0.534941274756,0.842787880442
5237500000,ANT5,0.161599860999,57.6276764057,0.545473526813,0.860447165234
5237500000,ANT6,-1.07767444614,29.4444372623,0.769220879247,0.434220040516
5237500000,ANT7,0.0945328686729,41.7091230591,0.7547015071,0.67263010783
5237500000,ANT8,0.916786529753,-126.462846478,-0.660459329962,-0.893771073585
5250000000,ANT1,0.854263520778,-128.588633058,-0.688186273765,-0.862426915055
5250000000,ANT2,-0.162730740303,41.8332132296,0.731260147156,0.654585195793
5250000000,ANT3,-0.517901932544,26.6043905327,0.842365701273,0.421906060741
5250000000,ANT4,-0.170635123314,58.7939645776,0.508037976163,0.838671017034
5250000000,ANT5,-0.218415029213,59.2969206052,0.497909959882,0.838473288127
5250000000,ANT6,-0.720900254481,29.3421746795,0.802280841936,0.450995853828
5250000000,ANT7,0.215519716169,40.6102003913,0.778227714465,0.667262189306
5250000000,ANT8,0.720799842908,-127.892230958,-0.667320379694,-0.857450609025
5262500000,ANT1,0.935039569608,-127.700094229,-0.68103364497,-0.881151575816
5262500000,ANT2,-0.189936502542,41.4862467115,0.732911482687,0.648111737985
5262500000,ANT3,-0.0677518152161,26.6427629322,0.886874934498,0.44494210297
5262500000,ANT4,-0.351343372759,58.8648838803,0.496560442483,0.82201814194
5262500000,ANT5,-0.570369388582,59.2423947703,0.478903853143,0.804721896418
5262500000,ANT6,-0.433312732021,29.8310471157,0.825281022666,0.473236958564
5262500000,ANT7,0.193300436717,40.2382956577,0.780543208214,0.66050492808
5262500000,ANT8,0.484373804797,-128.605536839,-0.65973882222,-0.826276769761
5275000000,ANT1,0.530798642883,-128.219376289,-0.657660687567,-0.835156342763
5275000000,ANT2,0.274609511438,41.0039262555,0.778904954441,0.677185461359
5275000000,ANT3,0.196931700959,27.1914919287,0.909881515933,0.467444796647
5275000000,ANT4,-0.521099905555,58.7963749799,0.487913433689,0.805525814772
5275000000,ANT5,-0.776148087454,59.8420347804,0.459441159599,0.790732757611
5275000000,ANT6,-0.179765094033,29.598416871,0.85169797706,0.4838006634
5275000000,ANT7,0.288821892877,40.2749603818,0.78874695445,0.668313667935
5275000000,ANT8,0.185851338884,-128.487828908,-0.635808204756,-0.799669080521
5287500000,ANT1,0.350135374339,-128.410566889,-0.646848749187,-0.815810883361
5287500000,ANT2,0.00575815762598,40.3807575504,0.762261091941,0.648293738865
5287500000,ANT3,0.688763102851,26.3312220945,0.970207954148,0.480164649271
5287500000,ANT4,-0.710637614047,58.8586559082,0.476524841608,0.788657014289
5287500000,ANT5,-1.10655448612,61.2261563526,0.42377611904,0.771680159575
5287500000,ANT6,0.228025997234,29.2409709628,0.895783520392,0.501477455551
5287500000,ANT7,0.245007530567,40.22109544,0.78540307168,0.664212891776
5287500000,ANT8,0.29950193755,-127.848291419,-0.635098672985,-0.817340873004
5300000000,ANT1,0.214663899793,-128.589786379,-0.63934751317,-0.801189676563
5300000000,ANT2,0.167878112235,41.1374632183,0.767831305676,0.670706559486
5300000000,ANT3,1.51638056114,27.2891686255,1.05822038797,0.545934953033
5300000000,ANT4,-1.03945627269,58.5313739098,0.463152463807,0.756725926321
5300000000,ANT5,-1.22030354398,60.6364139798,0.426079821305,0.757294816623
5300000000,ANT6,0.114969075825,26.990265833,0.902956699587,0.459886201947
5300000000,ANT7,0.365868619325,38.9090400216,0.811621302845,0.655107291355
5300000000,ANT8,-0.120000451645,-124.903939209,-0.564351320646,-0.808860129752
5312500000,ANT1,0.0640944770554,-125.99258882,-0.59203322396,-0.815085518143
5312500000,ANT2,0.37280803611,35.6936717428,0.847765163988,0.609039097137
5312500000,ANT3,0.804475575437,21.3876151574,1.02149506716,0.400064846996
5312500000,ANT4,-0.987816661999,60.8436221738,0.43482240766,0.779415922179
5312500000,ANT5,-1.2752279385,62.9208922497,0.393061218477,0.768800116717
5312500000,ANT6,0.950253100254,28.1283627883,0.983849895449,0.525952968942
5312500000,ANT7,0.221174068553,42.2809813749,0.758935722388,0.690118010315
5312500000,ANT8,-0.149760656914,-125.262556666,-0.567455343587,-0.802557507791
5325000000,ANT1,0.0378253993721,-126.273182883,-0.594217981781,-0.809723810504
5325000000,ANT2,0.114391085331,38.7610472792,0.79010100557,0.634373606574
5325000000,ANT3,1.45628014685,22.4332293537,1.09304652185,0.451263062278
5325000000,ANT4,-1.17105183258,61.5836427591,0.415853718185,0.768580831835
5325000000,ANT5,-1.59303919753,63.0960575176,0.376671580094,0.742333642228
5325000000,ANT6,1.10909215077,25.283892697,1.02735463708,0.485275009659
5325000000,ANT7,0.412833753738,39.8231591407,0.805409763461,0.67159383795
5325000000,ANT8,-0.366331505954,-124.707845864,-0.545877082134,-0.788116014782
5337500000,ANT1,0.00505055910628,-123.873302812,-0.557682480801,-0.830754994742
5337500000,ANT2,0.152752376321,35.7623356935,0.825844739423,0.594793132671
5337500000,ANT3,1.49356009647,17.5412262367,1.13239737831,0.35793952504
5337500000,ANT4,-1.3951874947,63.3830065688,0.381541833855,0.761357338066
5337500000,ANT5,-1.34169017324,64.9814674893,0.362380542704,0.776471770452
5337500000,ANT6,1.17915400108,21.67698046,1.06439979053,0.423080837809
5337500000,ANT7,0.365350575941,40.258392115,0.795921997962,0.673997859788
5337500000,ANT8,-0.458989940984,-119.730105751,-0.470389656153,-0.82367492229
5350000000,ANT1,0.343398545488,-123.376445054,-0.572322947637,-0.868750249372
5350000000,ANT2,0.151909240922,39.2224309822,0.788364994996,0.643488903959
5350000000,ANT3,0.658853610378,16.3623455137,1.03511202085,0.303910981383
5350000000,ANT4,-0.842029723897,62.2531095353,0.422552063953,0.803245160631
5350000000,ANT5,-1.2014107431,65.0253845292,0.367675639007,0.789395861735
5350000000,ANT6,0.285614635646,20.8549203766,0.965723950774,0.367903762053
5350000000,ANT7,0.297760513617,41.2889892224,0.777595947464,0.682870009346
5350000000,ANT8,0.305903920942,-121.630735105,-0.5432418986,-0.881966659678
5362500000,ANT1,0.553933464878,-125.706405612,-0.622065000995,-0.865490849632
5362500000,ANT2,-0.166721785367,38.5096965652,0.767626231568,0.610809611387
5362500000,ANT3,0.317025074331,21.4700660141,0.965202557334,0.379621006627
5362500000,ANT4,-0.931549011885,61.6412703538,0.426685070345,0.790497952723
5362500000,ANT5,-1.21053902784,63.0265218823,0.394570888066,0.775275938141
5362500000,ANT6,0.249983724376,24.9256579605,0.93333428303,0.433747474512
5362500000,ANT7,0.607354426352,40.5581771326,0.814772234815,0.697313257802
5362500000,ANT8,0.580513135155,-124.424984296,-0.604401022548,-0.881880253807
5375000000,ANT1,0.366407989508,-127.436467192,-0.634072928381,-0.828239906623
5375000000,ANT2,0.0818748069031,40.0290765256,0.77297006847,0.649267642957
5375000000,ANT3,0.792122543749,25.2352269173,0.990936797028,0.46704383791
5375000000,ANT4,-1.24270743625,60.7621571798,0.423323506368,0.756274870397
5375000000,ANT5,-1.6188518777,61.3083857489,0.398459964878,0.728054965175
5375000000,ANT6,0.598261751732,26.8969502585,0.955412853096,0.484644662791
5375000000,ANT7,0.66171969275,39.773936108,0.829415275467,0.690403784043
5375000000,ANT8,0.361172529308,-126.569265546,-0.6210904574,-0.837236899212
5387500000,ANT1,0.227151399516,-127.612050325,-0.626483049236,-0.813150985068
5387500000,ANT2,-0.0730660755864,38.54075217,0.775613178922,0.617851799074
5387500000,ANT3,1.2235273864,25.5756960489,1.03846169114,0.497005968353
5387500000,ANT4,-1.51200139021,61.4875426571,0.401085254818,0.738324285303
5387500000,ANT5,-1.85667156457,63.0203959111,0.366361338258,0.719657810138
5387500000,ANT6,0.906078550131,27.566972787,0.983939081851,0.51366895021
5387500000,ANT7,0.753287076483,40.5562212348,0.828601168255,0.709099585607
5387500000,ANT8,0.331694617841,-129.135530484,-0.655725520772,-0.805848528565
5400000000,ANT1,0.039148456159,-128.628842876,-0.627092968761,-0.784735257605
5400000000,ANT2,0.293536258542,38.8039333817,0.806080978259,0.64819686208
5400000000,ANT3,1.61219746877,25.0159358004,1.09101127443,0.509116387693
5400000000,ANT4,-1.75433220624,61.9467719665,0.384282521823,0.721113376705
5400000000,ANT5,-2.1098435114,63.4953531368,0.350030509613,0.701910024158
5400000000,ANT6,1.20887472905,27.5153727849,1.01932337179,0.530973813207
5400000000,ANT7,0.741264866124,39.950175853,0.83489877714,0.699326948588
5400000000,ANT8,-0.0308460610028,-128.098700047,-0.614830700603,-0.784159298355
5412500000,ANT1,-0.0280353594265,-128.64835922,-0.622526430688,-0.778476880985
5412500000,ANT2,0.236263065518,38.38696151,0.805448334398,0.638092102079
5412500000,ANT3,1.94986893027,24.2374108499,1.14134759492,0.513837964692
5412500000,ANT4,-1.94518227913,62.6628487847,0.367085323266,0.710084701802
5412500000,ANT5,-2.51170444764,65.8886774971,0.305927392449,0.68354682275
5412500000,ANT6,1.5862485155,27.2573415752,1.06707242081,0.549751419025
5412500000,ANT7,0.852605011881,38.731051033,0.860549322221,0.690196047273
5412500000,ANT8,-0.140063436975,-128.51593203,-0.612770954464,-0.76991913224
5425000000,ANT1,-0.154360590478,-129.177996339,-0.620604050402,-0.76153266667
5425000000,ANT2,0.320722574831,39.2028969682,0.8040606576,0.655843570251
5425000000,ANT3,2.19913833567,23.208504954,1.18388289305,0.507620886479
5425000000,ANT4,-2.14982229,63.5709578525,0.347500860754,0.699145901305
5425000000,ANT5,-2.4247789668,66.0652874444,0.306874744316,0.69137107654
5425000000,ANT6,1.79183053863,26.5335039552,1.09965385248,0.549070293726
5425000000,ANT7,0.721821665876,38.7712279674,0.847212146667,0.680475869031
5425000000,ANT8,-0.30455126773,-128.174382803,-0.596761706917,-0.759046940238
5437500000,ANT1,-0.237028126047,-129.533959307,-0.619399984745,-0.750485543668
5437500000,ANT2,0.383588810914,38.6595984178,0.816128960097,0.652898266237
5437500000,ANT3,2.3274643023,22.8591890114,1.20462204109,0.507841436746
5437500000,ANT4,-2.32064534016,64.1151662327,0.334206824748,0.688735705506
5437500000,ANT5,-2.69336003974,67.025279041,0.28625845534,0.675210776698
5437500000,ANT6,2.0154962578,26.3941298182,1.12970532011,0.560646334526
5437500000,ANT7,0.856132881161,38.9568928713,0.858170594284,0.69386445339
5437500000,ANT8,-0.331648746231,-128.476296085,-0.598881854285,-0.753537361441
5450000000,ANT1,-0.259084077294,-129.660670776,-0.619483148424,-0.747214085695
5450000000,ANT2,0.443255390206,38.7941595135,0.820208362783,0.659326808992
5450000000,ANT3,2.52927214306,23.0906439555,1.23082810527,0.524755140441
5450000000,ANT4,-2.51722739895,64.6110010438,0.320888826569,0.676125309551
5450000000,ANT5,-2.86899482683,67.6752507658,0.273003987598,0.664834363027
5450000000,ANT6,2.26698754633,26.6592614339,1.1602099505,0.582491575841
5450000000,ANT7,0.844849750303,38.0656877113,0.867731106452,0.679549351414
5450000000,ANT8,-0.439058526829,-129.235333648,-0.601329439216,-0.736375105241
5462500000,ANT1,-0.37723050028,-130.428264138,-0.62093399253,-0.728866193474
5462500000,ANT2,0.420226727335,38.3465197267,0.823149169946,0.651169917847
5462500000,ANT3,2.95782493051,23.6397550356,1.28773615081,0.563662462513
5462500000,ANT4,-2.84223759463,66.0627979722,0.292503270598,0.658915766381
5462500000,ANT5,-3.20882595364,68.9672839062,0.248046631138,0.645082360918
5462500000,ANT6,2.5839013103,25.6450503115,1.21382810169,0.582742917559
5462500000,ANT7,0.885192445197,38.0555573914,0.871891460702,0.682558797846
5462500000,ANT8,-0.418851364802,-130.288700206,-0.616196977951,-0.726885100562
5475000000,ANT1,-0.396805025725,-131.464679854,-0.632588842575,-0.71590039914
5475000000,ANT2,0.191616107603,39.7052017806,0.786502303173,0.653087423395
5475000000,ANT3,3.36612250304,20.8968227009,1.37643993355,0.525523841835
5475000000,ANT4,-2.96960825884,67.0844349277,0.276622017115,0.654360054243
5475000000,ANT5,-3.33708564603,71.3641836988,0.217614015023,0.64529230807
5475000000,ANT6,2.90668746681,24.4561422396,1.27206302195,0.578536983672
5475000000,ANT7,0.935644935391,38.8249715633,0.867672485713,0.698249433834
5475000000,ANT8,-0.696572082252,-130.867077057,-0.60388264995,-0.697951185901
5487500000,ANT1,-0.570174067695,-130.3864695,-0.606772819024,-0.713296864742
5487500000,ANT2,0.60128763474,36.2831585701,0.863882192857,0.634193695637
5487500000,ANT3,3.65385170465,20.0551447636,1.43062575062,0.522265059396
5487500000,ANT4,-3.1653966358,70.1351356373,0.236024568357,0.653262059821
5487500000,ANT5,-3.54852650501,73.5027044576,0.188732315624,0.637260075585
5487500000,ANT6,3.08893836712,22.5103735572,1.3183468512,0.546356809731
5487500000,ANT7,0.803338663663,37.3515147916,0.871956659766,0.665492765639
5487500000,ANT8,-0.863319161674,-129.451562278,-0.575305853632,-0.699105136927
5500000000,ANT1,-0.597523847774,-129.752981135,-0.596966688711,-0.717698466257
5500000000,ANT2,0.368083578572,37.2021158291,0.830986747825,0.630801640411
5500000000,ANT3,3.74008022576,15.9532247835,1.47892842884,0.422769565018
5500000000,ANT4,-3.15253526598,71.9181966004,0.215903321852,0.661268146851
5500000000,ANT5,-3.45078805492,75.3339729546,0.170175676608,0.650241646447
5500000000,ANT6,3.03187724161,19.3935556042,1.33728904142,0.470764752413
5500000000,ANT7,0.799650542725,37.6547084445,0.86805419813,0.669813113335
5500000000,ANT8,-0.738844419985,-127.702793081,-0.561695358488,-0.726675655422
5512500000,ANT1,-0.339808145235,-129.109132379,-0.606597936609,-0.746175560969
5512500000,ANT2,0.304404675979,33.9248810365,0.859365598304,0.578011569944
5512500000,ANT3,3.26058323169,14.7091050389,1.40785445444,0.369582836159
5512500000,ANT4,-3.06608294558,73.3162080756,0.201703412331,0.67300412245
5512500000,ANT5,-3.49819752062,76.4307007887,0.156840244995,0.649823174444
5512500000,ANT6,2.95160608388,19.9340205446,1.3205286311,0.478911720419
5512500000,ANT7,0.822328950967,38.1998156569,0.863895106685,0.679813913243
5512500000,ANT8,-0.434834331075,-127.405598763,-0.577791697181,-0.755567140631
5525000000,ANT1,-0.0392386546376,-130.850652111,-0.651141370593,-0.753007685653
5525000000,ANT2,0.263047613598,37.8127391006,0.814309989921,0.631933613701
5525000000,ANT3,3.29057897974,18.103404244,1.38828881048,0.453854026871
5525000000,ANT4,-3.20573793135,71.4727615341,0.219687889984,0.655542043809
5525000000,ANT5,-3.57371924695,74.7037505058,0.174825647192,0.639219329634
5525000000,ANT6,2.50692062685,20.8399700397,1.24727281345,0.474790422425
5525000000,ANT7,0.973503477794,37.8852539519,0.882847004713,0.686912799665
5525000000,ANT8,-0.215354865053,-129.967227266,-0.626618964183,-0.747643471821
5537500000,ANT1,-0.0873794218771,-132.67861335,-0.671100012774,-0.727809021017
5537500000,ANT2,0.984130183817,40.1751648762,0.855742134873,0.722522587991
5537500000,ANT3,3.14023719735,17.3406899342,1.37028295542,0.427863393207
5537500000,ANT4,-3.43297880743,71.5937431224,0.212666004133,0.63906458004
5537500000,ANT5,-3.79084807543,75.0593495229,0.166636998089,0.624484501804
5537500000,ANT6,2.40473186769,23.3280377557,1.21115245121,0.522307405954
5537500000,ANT7,0.91722007238,36.8495635853,0.889337376635,0.666510003452
5537500000,ANT8,-0.135113016494,-131.667935447,-0.654550962132,-0.735480170413
5550000000,ANT1,-0.113973593449,-133.726683772,-0.682208318128,-0.713224919637
5550000000,ANT2,0.574585364092,37.8495934676,0.843625541111,0.655553405318
5550000000,ANT3,3.42066309846,18.6931318384,1.40442054625,0.475182497408
5550000000,ANT4,-3.69198239549,72.7261151144,0.194119471042,0.624247863295
5550000000,ANT5,-4.07966840793,76.9774277928,0.140878603693,0.609117359297
5550000000,ANT6,2.97227301248,22.8006179644,1.2980102962,0.545649760135
5550000000,ANT7,0.996599948346,37.0074428465,0.895645391937,0.675099643201
5550000000,ANT8,-0.0784970265109,-132.327645252,-0.66731127976,-0.732655044085
5562500000,ANT1,-0.0539848134094,-134.412096951,-0.695478154358,-0.709899016217
5562500000,ANT2,0.399021709649,36.6581859176,0.839924034445,0.625107069226
5562500000,ANT3,3.49585005775,19.4038164479,1.41057615918,0.496847892402
5562500000,ANT4,-3.89027770967,73.6689010051,0.179672796184,0.613197328345
5562500000,ANT5,-4.28024800105,78.1583543438,0.125366300705,0.597923184735
5562500000,ANT6,3.25993566877,22.7036108328,1.34267109542,0.561750911092
5562500000,ANT7,1.04463965957,36.1337095364,0.910859657415,0.665031500113
5562500000,ANT8,0.0250634283888,-132.314481133,-0.675144773979,-0.741597792957
5575000000,ANT1,-0.179754811009,-136.930051265,-0.715557760512,-0.66890349764
5575000000,ANT2,0.515768302694,34.4671867024,0.874889020366,0.600557132686
5575000000,ANT3,3.6493750327,18.4506098508,1.44394422726,0.481753318683
5575000000,ANT4,-3.84500953941,78.9442456502,0.123173386618,0.630396421087
5575000000,ANT5,-4.69959840165,78.0682505597,0.120353295873,0.569552960809
5575000000,ANT6,4.08537703899,26.7749583721,1.42894220404,0.721026930457
5575000000,ANT7,0.997641518362,35.3452278168,0.914960874609,0.648913339909
5575000000,ANT8,-0.523799140675,-135.120427687,-0.667123063606,-0.664324543495
5587500000,ANT1,-0.0779865597981,-136.480687538,-0.718660734671,-0.682444097971
5587500000,ANT2,0.60899772456,34.8827011024,0.879904648968,0.613435117825
5587500000,ANT3,4.18019243373,20.7608884651,1.51304816458,0.573571506297
5587500000,ANT4,-4.45414661354,77.5705264721,0.128887568212,0.584779784864
5587500000,ANT5,-4.91413778165,82.9567749239,0.069638228019,0.563642154237
5587500000,ANT6,3.80465149412,22.2727730533,1.43402705373,0.587341438379
5587500000,ANT7,1.11133795576,34.2760458257,0.939122889906,0.640051033771
5587500000,ANT8,-0.258908653197,-136.239022305,-0.701020902605,-0.671338967728
5600000000,ANT1,-0.325109714498,-136.085314315,-0.693908421053,-0.668105644656
5600000000,ANT2,0.81759353801,33.8887967418,0.912055462267,0.612617004752
5600000000,ANT3,4.50283444461,20.4892235752,1.57311285358,0.587825580614
5600000000,ANT4,-4.63986525966,80.6665755443,0.0950610646472,0.578387414262
5600000000,ANT5,-5.04418671492,84.0237087745,0.0582521551124,0.556447075007
5600000000,ANT6,4.15216923404,19.8878399551,1.5167107628,0.548677582227
5600000000,ANT7,1.09962420007,33.6120096509,0.945202044572,0.62827635461
5600000000,ANT8,-0.563059727653,-136.482839927,-0.679650672116,-0.645351379144
5612500000,ANT1,-0.702294403832,-137.761770882,-0.68285111502,-0.620002298656
5612500000,ANT2,1.26302922992,38.1318451796,0.909705790175,0.714117287586
5612500000,ANT3,4.97171901111,16.0862270298,1.7030980096,0.49113050825
5612500000,ANT4,-4.88580814917,83.1127361835,0.0683262044858,0.565671595436
5612500000,ANT5,-5.23654153446,89.7191865524,0.00268204742955,0.547227239384
5612500000,ANT6,4.34352613334,18.0165076805,1.56798519005,0.509968769238
5612500000,ANT7,0.957700288586,31.3960475409,0.953087277869,0.581676718813
5612500000,ANT8,-0.711330575511,-138.700779285,-0.692199555261,-0.608095487389
5625000000,ANT1,-0.745330767499,-138.745131796,-0.689963973438,-0.605185883061
5625000000,ANT2,0.510400415386,31.5685086272,0.903581147261,0.555202464486
5625000000,ANT3,5.26666193386,13.9372630401,1.77973566528,0.441668609132
5625000000,ANT4,-4.49236870453,91.1560294359,-0.0120281367852,0.596064366447
5625000000,ANT5,-5.0997429383,93.9705464877,-0.0384939823901,0.554586376293
5625000000,ANT6,4.59787312687,15.8245069434,1.63348263798,0.462983716522
5625000000,ANT7,0.918925251046,31.0306337135,0.952515943322,0.573022677544
5625000000,ANT8,-0.956418316828,-138.742356452,-0.673369721758,-0.590688334281
5637500000,ANT1,-0.905211496824,-137.990364285,-0.669494647054,-0.60301959257
5637500000,ANT2,0.554596708685,29.6159530717,0.926676550884,0.526766886453
5637500000,ANT3,5.51865656422,10.9081359726,1.85359212576,0.357218559181
5637500000,ANT4,-4.67888738665,92.8485559154,-0.0289987195062,0.582798836537
5637500000,ANT5,-4.82351401298,98.2745803749,-0.0825918002874,0.567909955015
5637500000,ANT6,4.73550472473,13.7780351352,1.67531077196,0.410814864324
5637500000,ANT7,0.750165088925,30.5382549101,0.938982955148,0.55394802728
5637500000,ANT8,-1.15131019011,-137.973151095,-0.650615821292,-0.586369403952
5650000000,ANT1,-1.15544670112,-137.953678727,-0.650106825679,-0.58631119889
5650000000,ANT2,0.260272592351,29.5127356251,0.896717767226,0.507601659146
5650000000,ANT3,5.43735411099,6.98997557668,1.85621269372,0.227584610026
5650000000,ANT4,-4.35973093004,94.8415425584,-0.0510925540167,0.603199659443
5650000000,ANT5,-4.39254781211,100.886347614,-0.11389796013,0.592223657657
5650000000,ANT6,4.6419801224,10.7121739629,1.67673324654,0.317191035616
5650000000,ANT7,0.610613245556,29.3812616314,0.93483597206,0.52635026792
5650000000,ANT8,-1.04249462803,-134.370358241,-0.620204385421,-0.633987660266
5662500000,ANT1,-1.31508738241,-135.915588989,-0.61739191512,-0.597968746801
5662500000,ANT2,0.330830866291,27.9733002321,0.917453406375,0.487270363102
5662500000,ANT3,5.38775349436,3.82979832498,1.85531114022,0.124198828474
5662500000,ANT4,-3.99665514913,96.7922086488,-0.0746513977124,0.626770350134
5662500000,ANT5,-3.91930616416,102.626368982,-0.139209755568,0.621445065371
5662500000,ANT6,4.61376014433,8.70245637133,1.68135393849,0.257357077666
5662500000,ANT7,0.460096804933,30.2443236109,0.910879608794,0.531088360369
5662500000,ANT8,-1.56139261421,-134.252867181,-0.583012283573,-0.598418934429
5675000000,ANT1,-1.22639240575,-134.595886557,-0.609649957961,-0.618311045782
5675000000,ANT2,0.0581327322118,29.6354376799,0.875026059375,0.497800099735
5675000000,ANT3,5.02359939782,0.892658611363,1.7829011264,0.0277795474708
5675000000,ANT4,-3.71839860286,96.9890689199,-0.0793047497875,0.646905651319
5675000000,ANT5,-3.63904586108,102.223139957,-0.139254302167,0.642819650826
5675000000,ANT6,4.55052842298,7.08592585366,1.67570152451,0.208301665437
5675000000,ANT7,0.342641030629,30.9230255889,0.892375604713,0.534562973639
5675000000,ANT8,-1.39106471396,-133.153370054,-0.582738096628,-0.621565988657
5687500000,ANT1,-1.00596700697,-134.528936488,-0.624577786149,-0.634933226897
5687500000,ANT2,-0.0374869203501,27.6912440413,0.881651362588,0.462705455408
5687500000,ANT3,4.61834985514,2.14740770318,1.70064001865,0.0637687180861
5687500000,ANT4,-3.77834345784,96.6802491622,-0.0752954025519,0.642871635396
5687500000,ANT5,-3.65175427831,101.738717958,-0.133618862398,0.643032506875
5687500000,ANT6,4.25852611627,6.97382644587,1.62069513753,0.198244863896
5687500000,ANT7,0.495622148296,31.2712439649,0.904908568902,0.549571168552
5687500000,ANT8,-0.898946456223,-131.973752788,-0.603034992376,-0.670355517998
5700000000,ANT1,-0.789024473442,-136.704204337,-0.664621827304,-0.626215854586
5700000000,ANT2,0.120803084926,29.6575226977,0.88116903578,0.501744500636
5700000000,ANT3,4.65626948221,2.43971779907,1.70773167733,0.0727610886185
5700000000,ANT4,-4.10243280489,96.6640965192,-0.0723631337852,0.619347115846
5700000000,ANT5,-4.03628841105,104.111633856,-0.153193573426,0.609365480051
5700000000,ANT6,4.25973814861,8.59200644083,1.61467590953,0.243966354792
5700000000,ANT7,0.732883455968,30.2564521739,0.939824360738,0.548231207095
5700000000,ANT8,-0.841948482329,-135.01722515,-0.641974981104,-0.64158909607
5712500000,ANT1,-0.996243076127,-139.091460237,-0.673859534056,-0.583891261194
5712500000,ANT2,0.00440873241325,27.3501623067,0.888666295167,0.459660613307
5712500000,ANT3,5.04612092576,4.68962575913,1.78176194472,0.146162707337
5712500000,ANT4,-4.25828777936,102.075074011,-0.128124772512,0.598919784638
5712500000,ANT5,-4.16009398204,107.666185636,-0.187980228464,0.59022231049
5712500000,ANT6,4.69362454504,7.29442274145,1.70275473913,0.217959446151
5712500000,ANT7,0.662908759067,28.5741411151,0.947847222551,0.516228269203
5712500000,ANT8,-0.992438124746,-138.558151333,-0.66868842617,-0.590396732312
5725000000,ANT1,-1.27052108596,-141.082543377,-0.67217514643,-0.542715186854
5725000000,ANT2,0.0873867504378,26.7998697295,0.901612281118,0.455434562058
5725000000,ANT3,5.47089980054,3.59968125046,1.87364502576,0.117869288576
5725000000,ANT4,-4.22124446086,106.429764385,-0.173971557459,0.589972927848
5725000000,ANT5,-4.02530975984,111.976577879,-0.235434580336,0.583407569611
5725000000,ANT6,4.85803298426,5.654490745,1.74093788802,0.172372233348
5725000000,ANT7,0.441228436794,27.189962152,0.935848688816,0.480753655536
5725000000,ANT8,-1.34047266537,-140.567802764,-0.661920098236,-0.544330520068
5737500000,ANT1,-1.66093621341,-142.260969492,-0.653165997608,-0.505535159073
5737500000,ANT2,-0.238892512687,25.1855167957,0.880384915921,0.414005906187
5737500000,ANT3,5.69994093683,1.93662336695,1.9264108482,0.0651383696152
5737500000,ANT4,-3.85738996414,110.899786682,-0.228810336503,0.599201735025
5737500000,ANT5,-3.61586722141,116.63719879,-0.29567435422,0.589491798406
5737500000,ANT6,5.1418551143,3.79953496744,1.80358713368,0.119779422129
5737500000,ANT7,0.320044489003,25.5357193636,0.936184031686,0.447253507288
5737500000,ANT8,-1.78875462849,-141.733410473,-0.63901061006,-0.504055420204
5750000000,ANT1,-2.04552881654,-142.329342441,-0.625452832158,-0.48289343897
5750000000,ANT2,-0.398291970697,24.9346827693,0.866147061985,0.402689533125
5750000000,ANT3,5.90050956102,-0.701125324709,1.97239076753,-0.0241372429058
5750000000,ANT4,-3.40109561778,114.496895778,-0.280298351192,0.615146914493
5750000000,ANT5,-3.06117293378,119.222034885,-0.343190277815,0.61351253923
5750000000,ANT6,5.06765396383,2.17300580639,1.79089564749,0.0679542828381
5750000000,ANT7,0.104037216204,24.4500931033,0.921291291726,0.418887869224
5750000000,ANT8,-2.16611140226,-142.246244577,-0.616138575364,-0.477130055695
5762500000,ANT1,-2.41409345792,-141.748915994,-0.59474912278,-0.46888064858
5762500000,ANT2,-0.594234937363,25.3873427565,0.843689752465,0.400384969742
5762500000,ANT3,5.9986600959,-3.43203757396,1.99137661431,-0.119427038577
5762500000,ANT4,-2.86583744299,116.174000122,-0.31713476493,0.645241903485
5762500000,ANT5,-2.5369313332,120.819061256,-0.382562177731,0.641268873588
5762500000,ANT6,5.21684466072,0.622827735742,1.82312553211,0.0198188746932
5762500000,ANT7,-0.302242373746,24.1608749463,0.881197130211,0.395302643251
5762500000,ANT8,-2.50216521141,-141.983153249,-0.590641673811,-0.461739589228
5775000000,ANT1,-2.64197917006,-140.528352827,-0.569487461283,-0.468976118434
5775000000,ANT2,-0.822968851874,25.3408237238,0.822078401866,0.389311538775
5775000000,ANT3,5.93528180923,-5.62818570301,1.97090374023,-0.194227723123
5775000000,ANT4,-2.45141291938,116.509076277,-0.336584993688,0.674817333971
5775000000,ANT5,-2.01401522281,121.838509635,-0.418353931226,0.673724303324
5775000000,ANT6,5.23555576153,-1.52050352322,1.82652172943,-0.0484832371887
5775000000,ANT7,-0.518868603969,25.0393640612,0.853479358677,0.398698059478
5775000000,ANT8,-2.72159280267,-141.050731643,-0.568504708923,-0.459533172247
5787500000,ANT1,-2.72421333448,-140.357296414,-0.56273180238,-0.466239121686
5787500000,ANT2,-0.95517535131,24.4332510706,0.815632193032,0.37055806734
5787500000,ANT3,5.95596435086,-6.76254181057,1.9713609195,-0.233763519891
5787500000,ANT4,-2.16576182231,117.562910065,-0.36060546397,0.690863530415
5787500000,ANT5,-1.81531035155,122.057563149,-0.430667074548,0.687673070175
5787500000,ANT6,5.29221414246,-1.69007349789,1.83832266328,-0.0542413743534
5787500000,ANT7,-0.67199313608,25.2596998402,0.837052491569,0.394952827366
5787500000,ANT8,-2.91572449759,-140.503512402,-0.551622250796,-0.454665500276
5800000000,ANT1,-3.00355898744,-139.910320673,-0.541383138651,-0.455720289827
5800000000,ANT2,-1.10491629886,24.5200032538,0.80113916514,0.3654379905
5800000000,ANT3,5.90719483054,-7.66660694551,1.95641138202,-0.26335621104
5800000000,ANT4,-1.82390786536,118.98907573,-0.392849693738,0.709038397033
5800000000,ANT5,-1.38633516348,122.996900441,-0.464254183874,0.714973426371
5800000000,ANT6,5.38241867851,-3.38428922046,1.8550810368,-0.109701661961
5800000000,ANT7,-0.868998865548,24.8812278831,0.820813402263,0.380682073162
5800000000,ANT8,-3.10189632836,-140.425990469,-0.539322068861,-0.445754093931
5812500000,ANT1,-3.26477586703,-140.090240297,-0.526730186677,-0.440567267113
5812500000,ANT2,-1.41372149274,23.1817211272,0.78118293365,0.334520474311
5812500000,ANT3,6.06682154322,-8.33059032759,1.98945584651,-0.291315084952
5812500000,ANT4,-1.36345292932,122.285461632,-0.4565419719,0.722583862479
5812500000,ANT5,-0.886199760023,124.957920526,-0.517398826595,0.74007833851
5812500000,ANT6,5.49499513511,-6.05654137555,1.87205604665,-0.198629028633
5812500000,ANT7,-1.19726171579,24.8969861731,0.790270697867,0.36678091982
5812500000,ANT8,-3.43640491342,-140.844717457,-0.522067395268,-0.425109724903
5825000000,ANT1,-3.54414467755,-137.526697863,-0.490466103449,-0.449009122634
5825000000,ANT2,-1.75967632227,23.9336150007,0.746397251795,0.331281768874
5825000000,ANT3,6.24333061043,-11.2593222496,2.01245606791,-0.400642801603
5825000000,ANT4,-0.786816474513,121.258046426,-0.473955154782,0.780806657521
5825000000,ANT5,-0.274733631219,124.488424363,-0.548609915333,0.798577967142
5825000000,ANT6,5.53785232479,-8.62894931512,1.87046106659,-0.283847400756
5825000000,ANT7,-1.63968949382,25.1497296857,0.749480266849,0.351875784827
5825000000,ANT8,-3.77612233585,-137.414846048,-0.476686039478,-0.438107381875
5837500000,ANT1,-3.60396128708,-133.873956398,-0.457700817801,-0.476054429982
5837500000,ANT2,-2.06413123981,24.4716374915,0.717652589468,0.326624191351
5837500000,ANT3,6.11544241155,-14.9143421117,1.95384159728,-0.520400792857
5837500000,ANT4,-0.207142377951,120.0916028,-0.489568308526,0.844834997896
5837500000,ANT5,0.322351105464,122.433663262,-0.556600759435,0.875924496403
5837500000,ANT6,5.30519153179,-12.2968245789,1.79961517138,-0.392275084907
5837500000,ANT7,-2.01543115631,27.4636143961,0.703559491373,0.365682205587
5837500000,ANT8,-3.85231898766,-133.375394861,-0.4407565734,-0.466488129015
5850000000,ANT1,-3.18288669389,-131.632735954,-0.460526685118,-0.518107150923
5850000000,ANT2,-2.32321161838,28.2951287218,0.673872119587,0.362768852814
5850000000,ANT3,5.64039681731,-17.7363830717,1.82335124508,-0.583181631138
5850000000,ANT4,0.0891710363273,116.049065764,-0.443672201203,0.907689157918
5850000000,ANT5,0.386985510891,118.505632412,-0.498988800768,0.918807639531
5850000000,ANT6,4.74989207842,-13.9894069147,1.67655858613,-0.417683780816
5850000000,ANT7,-2.01807962496,31.2446846543,0.67770675108,0.411156535034
5850000000,ANT8,-3.34226750573,-130.735985612,-0.444136719577,-0.515701062431
5862500000,ANT1,-2.75974008778,-134.09844004,-0.506472204516,-0.522667245636
5862500000,ANT2,-2.14635299963,27.7028897684,0.691523973144,0.363102695036
5862500000,ANT3,5.18445162593,-15.9716925982,1.74632747525,-0.499817751014
5862500000,ANT4,-0.221193833265,116.50566514,-0.435064714238,0.872388796345
5862500000,ANT5,0.0582825147362,118.934292348,-0.487063541697,0.881067309738
5862500000,ANT6,4.34887451335,-11.5996533145,1.61615149607,-0.331738067411
5862500000,ANT7,-1.64651402395,31.5107711553,0.705326243796,0.432406887892
5862500000,ANT8,-2.81780770938,-132.983832459,-0.492903033804,-0.528872912023
5875000000,ANT1,-3.09850449731,-136.820322569,-0.510420627609,-0.478976291423
5875000000,ANT2,-2.32742365342,28.0795609853,0.674904856445,0.36005629328
5875000000,ANT3,5.4393843732,-15.1715386189,1.80535457633,-0.489541111973
5875000000,ANT4,0.0108957554753,119.338813249,-0.490588113524,0.872831766755
5875000000,ANT5,0.371481621643,121.717174743,-0.548698893711,0.887823842761
5875000000,ANT6,4.65597659554,-10.8625296756,1.67859782098,-0.322108654591
5875000000,ANT7,-1.8616718937,29.7011513356,0.701046796633,0.399888703709
5875000000,ANT8,-3.19013830143,-135.98230945,-0.498078326065,-0.481285936667
5887500000,ANT1,-3.50313525204,-135.66758996,-0.477892237579,-0.466883549348
5887500000,ANT2,-2.55841400344,27.7258758769,0.659344914399,0.346543759322
5887500000,ANT3,5.60916897429,-16.411805393,1.82975470809,-0.538935786536
5887500000,ANT4,0.5114090119,119.891113261,-0.528576398779,0.919552547306
5887500000,ANT5,0.906979698864,123.068084591,-0.605691387972,0.930260990846
5887500000,ANT6,4.74889285545,-12.5846141529,1.68610055724,-0.376412758608
5887500000,ANT7,-2.11411840703,29.4372236607,0.682746884123,0.385292707287
5887500000,ANT8,-3.600782878,-135.458287883,-0.470860199032,-0.463387336976
5900000000,ANT1,-3.75913459528,-134.434859386,-0.454152853974,-0.463201531533
5900000000,ANT2,-2.64005066306,28.858285404,0.646264673896,0.356143611768
5900000000,ANT3,5.58999621409,-18.7344237769,1.80242750425,-0.611295279138
5900000000,ANT4,0.970288143033,119.351479098,-0.548096974982,0.974644391767
5900000000,ANT5,1.25713325602,123.013622306,-0.629686504006,0.969127668617
5900000000,ANT6,4.73780409961,-13.2874038442,1.67921163909,-0.396559036763
5900000000,ANT7,-2.33043034659,30.1319937003,0.661347841471,0.38386348118
5900000000,ANT8,-3.82560610783,-134.898693501,-0.454396991686,-0.456006707246
5912500000,ANT1,-3.98979485741,-134.43654304,-0.442264469309,-0.451049764733
5912500000,ANT2,-2.94577073991,28.576738895,0.625595537324,0.340756352407
5912500000,ANT3,5.63514064368,-18.1106347801,1.81840235648,-0.594719101368
5912500000,ANT4,1.31632232076,118.917476848,-0.562674154436,1.01854803357
5912500000,ANT5,1.6215954262,123.735276231,-0.66934753115,1.00230686245
5912500000,ANT6,4.93398686412,-16.2143125581,1.69461826585,-0.492791199749
5912500000,ANT7,-2.55093681501,31.0053125264,0.638990727789,0.384025007132
5912500000,ANT8,-4.02054284243,-133.473314122,-0.433083669844,-0.456800875496
5925000000,ANT1,-4.15154374763,-132.10451437,-0.415730539812,-0.460025235413
5925000000,ANT2,-3.14138358525,28.9869111255,0.609263356534,0.337538268729
5925000000,ANT3,5.65504066279,-21.1005956363,1.78899985553,-0.690338959461
5925000000,ANT4,1.66833080128,120.020076169,-0.606247571832,1.04920240662
5925000000,ANT5,2.25641345943,122.232419098,-0.691571409332,1.09681995573
5925000000,ANT6,4.88269785876,-17.0934825207,1.67692616108,-0.515681049869
5925000000,ANT7,-2.91362808789,31.7152491731,0.608247508402,0.375884988427
5925000000,ANT8,-4.25592736149,-132.65606304,-0.415120714103,-0.450554762992
5937500000,ANT1,-4.41004609886,-129.185729896,-0.380278919421,-0.466505194822
5937500000,ANT2,-3.5521311992,30.6983808391,0.571247838693,0.33916031146
5937500000,ANT3,5.60975934682,-23.018966075,1.75571087548,-0.745941039485
5937500000,ANT4,2.31096649631,119.530241059,-0.643120050692,1.13531227251
5937500000,ANT5,2.72485528031,120.504131157,-0.694648007235,1.17908389085
5937500000,ANT6,5.06624263195,-20.5348904966,1.67803411535,-0.628556201972
5937500000,ANT7,-3.19826870305,32.9260160319,0.580820094503,0.376123586182
5937500000,ANT8,-4.55137775427,-130.919182619,-0.387854045487,-0.447448163032
5950000000,ANT1,-4.53814063012,-126.390052183,-0.351845531636,-0.477405184523
5950000000,ANT2,-3.95463766782,32.2183869347,0.536598967508,0.338154943062
5950000000,ANT3,5.61162709231,-25.7741079666,1.71819511517,-0.829650274096
5950000000,ANT4,2.90706122708,118.223772324,-0.660902537709,1.23135099841
5950000000,ANT5,3.34968714779,119.327620722,-0.720287066922,1.28208785778
5950000000,ANT6,4.91816315811,-23.835694965,1.61135293734,-0.711890798044
5950000000,ANT7,-3.60183861047,34.5003895632,0.544376984006,0.374145385071
5950000000,ANT8,-4.69192171687,-128.27031443,-0.360874110176,-0.457432947095
5962500000,ANT1,-4.47813815734,-123.234736666,-0.327287532003,-0.499486586413
5962500000,ANT2,-3.99828629855,35.1617583428,0.515927993105,0.36343169691
5962500000,ANT3,5.50504118424,-30.2389988942,1.62828989867,-0.949171679229
5962500000,ANT4,3.22562299637,115.808221935,-0.631146188769,1.30511061573
5962500000,ANT5,3.61721900801,116.237528499,-0.670463344791,1.36031153451
5962500000,ANT6,4.77307227395,-27.1250281114,1.54187908975,-0.789869483786
5962500000,ANT7,-3.85522191935,38.2718386751,0.503678388453,0.397379409858
5962500000,ANT8,-4.78930908734,-124.880583781,-0.329480922087,-0.472641073471
5975000000,ANT1,-4.34337150183,-120.186728514,-0.304960607578,-0.52425406779
5975000000,ANT2,-4.20414932617,39.1189793854,0.478149024205,0.388844237165
5975000000,ANT3,5.28928938389,-33.7525029229,1.52861519994,-1.0214846146
5975000000,ANT4,3.65408771558,113.006640611,-0.595252132668,1.40187438086
5975000000,ANT5,3.82775066659,113.639080363,-0.623022479726,1.42339492515
5975000000,ANT6,4.23291411103,-31.5359513776,1.38753639096,-0.851481438026
5975000000,ANT7,-3.85763641863,41.6692721291,0.479110601393,0.42641127517
5975000000,ANT8,-4.59888463046,-121.958789674,-0.311720368689,-0.49965620555
5987500000,ANT1,-4.03232839171,-117.662658491,-0.2918431056,-0.556760549873
5987500000,ANT2,-4.14046076669,42.0361394005,0.461109015913,0.415711363542
5987500000,ANT3,5.11556099323,-36.860867261,1.44184762058,-1.08103068001
5987500000,ANT4,3.68850818358,109.28992132,-0.505123499982,1.44322008987
5987500000,ANT5,3.79157675386,109.563676963,-0.518125170157,1.45798873171
5987500000,ANT6,3.80931376637,-33.3952458885,1.29448429904,-0.853401027344
5987500000,ANT7,-3.83471191783,45.6938211585,0.449185913251,0.460198610374
5987500000,ANT8,-4.39745862082,-118.664787201,-0.289122973167,-0.528865282692
6000000000,ANT1,-3.51818040586,-116.219780521,-0.294667350222,-0.598321610426
6000000000,ANT2,-4.01804827929,46.7215300598,0.431651689804,0.458402640083
6000000000,ANT3,4.36093302958,-40.4731056957,1.25680006067,-1.07238880143
6000000000,ANT4,3.6624486104,105.766436388,-0.414227093931,1.46712735315
6000000000,ANT5,3.78947116627,106.764125314,-0.446187603876,1.48119578919
6000000000,ANT6,3.21369420124,-35.7002789088,1.17566581907,-0.844810269902
6000000000,ANT7,-3.58134224503,49.5849345165,0.42926194298,0.504112456961
6000000000,ANT8,-3.90897607731,-116.443861153,-0.283938388921,-0.570892422132
