block,run_json,configuration,dwell_us,round,control,any_window_pass,first_phase_pass_ms,error,common_rotation_deg,gain_error_db,maximum_observable_gain_error_db,maximum_observable_phase_bias_deg,passed,raw_phase_bias_deg,relative_phase_bias_deg,weighted_phase_bias_deg,frequency_hz
block-20260911T211805001077Z,/srv/bulk/samteway/lab-data/tracking-5ms-full-20260911-resume-v2/captures/block-20260911T211805001077Z-r1-A-1000us-control-20260911T212014.464734Z/run.json,A,1000,1,True,True,50.20266511610074,,0.5389066087453779,"[-0.02039380833054331, -0.27208900044676515, -0.22062219601321628, -0.651596547886743, -0.2770574310622949, -0.12563047569701719]",0.651596547886743,1.641898103610208,True,"[0.2226450363882009, 2.1808047123555854, 2.078922005741344, 1.1845794499071014, -0.2985185715628622, -0.16121381138436147]","[-0.316261572357177, 1.641898103610208, 1.540015396995966, 0.6456728411617235, -0.8374251803082401, -0.7001204201297393]",0.7072055402053252,5800000000
block-20260911T211805001077Z,/srv/bulk/samteway/lab-data/tracking-5ms-full-20260911-resume-v2/captures/block-20260911T211805001077Z-r1-D-50us-20260911T212029.440828Z/run.json,D,50,1,False,False,200.24809334568178,,-2.4624330720129683,"[-1.9145785418909744, -3.280902613900629, -2.780833653370935, -2.0027989210339636, -1.2426930307156208, -2.533933275449252]",3.280902613900629,12.6894288548726,False,"[-1.2563898444805943, -15.15186192688557, 0.28111382532036516, -5.872975250626086, -2.096501807863076, -4.828626223485768]","[1.2060432275323736, -12.6894288548726, 2.7435468973333337, -3.410542178613118, 0.3659312641498925, -2.3661931514728005]",2.9793544498960225,5800000000
block-20260911T211805001077Z,/srv/bulk/samteway/lab-data/tracking-5ms-full-20260911-resume-v2/captures/block-20260911T211805001077Z-r1-A-200us-control-20260911T212046.291502Z/run.json,A,200,1,True,True,50.80282829315959,,-0.2326582945646134,"[-0.041723817925491596, -0.0972051428718336, -0.07289478832909212, -0.14909521055621872, -0.0947927721886205, -0.3251437613376151]",0.3251437613376151,2.9582630842881588,True,"[-0.3124236536618994, 2.5075364874147734, 1.2940125333725008, -3.1909213788527726, 1.5484420247504456, 1.4515631926047132]","[-0.07976535909728599, 2.7401947819793873, 1.5266708279371142, -2.9582630842881588, 1.781100319315059, 1.6842214871693264]",1.4062675309979549,5800000000
block-20260911T211805001077Z,/srv/bulk/samteway/lab-data/tracking-5ms-full-20260911-resume-v2/captures/block-20260911T211805001077Z-r1-D-1000us-20260911T212100.691616Z/run.json,D,1000,1,False,False,50.20485962431176,,0.6717597816646074,"[-0.1282215417171167, -1.2452565505162245, -0.29489486103588375, -0.2788908527694527, 0.022196312006218803, -0.7035530436611682]",1.2452565505162245,5.073386719408096,False,"[1.0171722870445976, -3.785353081787722, 0.37141200692969084, 0.006436926132989916, 5.745146501072704, -2.1891070273547326]","[0.3454125053799904, -4.45711286345233, -0.3003477747349166, -0.6653228555316175, 5.073386719408096, -2.8608668090193397]",1.6177671963303304,5800000000
block-20260911T211805001077Z,/srv/bulk/samteway/lab-data/tracking-5ms-full-20260911-resume-v2/captures/block-20260911T211805001077Z-r1-D-25us-20260911T212116.850242Z/run.json,D,25,1,False,False,,,-4.146131425209204,"[-3.0855580049329805, -4.915049477187513, -2.9813423562658663, -3.6640562194787774, -1.9963810384868217, -3.4319220611798484]",4.915049477187513,34.61913750469866,False,"[-0.06061024900510719, -38.76526892990786, -2.5606303757181252, -10.377338553850104, -11.820225955499343, -10.256346755599798]","[4.0855211762040975, -34.61913750469866, 1.585501049491079, -6.231207128640899, -7.674094530290137, -6.110215330390593]",7.800755651662364,5800000000
block-20260911T211805001077Z,/srv/bulk/samteway/lab-data/tracking-5ms-full-20260911-resume-v2/captures/block-20260911T211805001077Z-r1-D-100us-20260911T212132.387070Z/run.json,D,100,1,False,False,,,31.947337290482956,"[-15.29520758050431, -7.040091480153199, 6.844797656738858, -7.174163430552666, 2.15316886095068, 0.9883102871659353]",15.29520758050431,116.20355602017158,False,"[47.27243122976202, -84.25621872968863, 6.697990257033117, 24.46393128179271, -35.19328846289885, 4.2548686005358425]","[15.325093939279064, -116.20355602017158, -25.24934703344984, -7.483406008690249, -67.1406257533818, -27.692468689947113]",30.552722782670898,5800000000
block-20260911T211805001077Z,/srv/bulk/samteway/lab-data/tracking-5ms-full-20260911-resume-v2/captures/block-20260911T211805001077Z-r1-D-200us-20260911T212148.007101Z/run.json,D,200,1,False,False,,,7.51304605307476,"[-13.257364092854704, 9.637885840209083, -4.270981868693246, -3.868825338342944, 2.2323333262019758, -1.7133424410793643]",13.257364092854704,98.39232089327133,False,"[17.35061488689798, -90.87927484019657, 46.53762515958361, -56.896858026686694, 24.39182355071225, -17.10986869947777]","[9.837568833823216, -98.39232089327133, 39.024579106508845, -64.40990407976146, 16.87877749763749, -24.62291475255252]",33.58301666162424,5800000000
block-20260911T211805001077Z,/srv/bulk/samteway/lab-data/tracking-5ms-full-20260911-resume-v2/captures/block-20260911T211805001077Z-r2-A-1000us-control-20260911T212203.743937Z/run.json,A,1000,2,True,True,50.200552024414165,,-0.7154257945773747,"[-0.08523371777303494, 0.22182461907924336, 0.2737409105067168, -0.0073435482705409075, 0.42497417625791867, -0.2099010569029183]",0.42497417625791867,2.218744418406668,True,"[-0.742750036054343, -2.476612182490107, -0.18080047294474283, -2.3102994794936325, 1.5033186238292935, 1.1134860086376277]","[-0.027324241476968304, -1.761186387912732, 0.5346253216326319, -1.5948736849162581, 2.218744418406668, 1.828911803215002]",0.9676209786988113,5800000000
block-20260911T211805001077Z,/srv/bulk/samteway/lab-data/tracking-5ms-full-20260911-resume-v2/captures/block-20260911T211805001077Z-r2-D-25us-20260911T212218.176396Z/run.json,D,25,2,False,False,,,-4.4762915468472615,"[-5.889299807922814, -2.059799450405219, -5.209832775344743, -5.8103871319246805, -2.220556626640456, -4.780499772741505]",5.889299807922814,49.385892174729484,False,"[-0.3285418466651015, -53.86218372157674, 6.880149957789966, -21.19358889778952, 7.779400602861999, -13.675721664342209]","[4.1477497001821595, -49.385892174729484, 11.356441504637226, -16.71729735094226, 12.25569214970926, -9.199430117494947]",12.396483315219081,5800000000
block-20260911T211805001077Z,/srv/bulk/samteway/lab-data/tracking-5ms-full-20260911-resume-v2/captures/block-20260911T211805001077Z-r2-D-100us-20260911T212234.115154Z/run.json,D,100,2,False,False,50.20354084292929,,-1.2548730817410845,"[-0.21888491954927375, -1.2310584056320444, -0.1408988525699201, -0.3667493813013522, 0.2181394994818965, -0.5116499763307764]",1.2310584056320444,4.058771217426006,False,"[-1.6298987756095673, -4.509678659460921, 2.8038981356849217, -1.1383097658815426, -0.49715508402017766, -2.6605623209273386]","[-0.375025693868483, -3.2548055777198357, 4.058771217426006, 0.1165633158595418, 0.7577179977209068, -1.4056892391862539]",1.4739692976719099,5800000000
block-20260911T211805001077Z,/srv/bulk/samteway/lab-data/tracking-5ms-full-20260911-resume-v2/captures/block-20260911T211805001077Z-r2-D-50us-20260911T212249.760844Z/run.json,D,50,2,False,True,100.42429179002991,,-1.1931891342740844,"[-0.3802334470211915, -0.31016536856003485, -0.5180846883977901, -0.38040228847119223, -0.1242053624653998, -0.06718840186701659]",0.5180846883977901,4.364896588516163,True,"[-2.839309510229518, 3.1717074542420787, 2.1882811476111814, 0.10684839277965082, 1.5403417821090633, 2.4786039932941226]","[-1.646120375955434, 4.364896588516163, 3.3814702818852655, 1.3000375270537354, 2.733530916383148, 3.6717931275682067]",2.218946571714611,5800000000
block-20260911T211805001077Z,/srv/bulk/samteway/lab-data/tracking-5ms-full-20260911-resume-v2/captures/block-20260911T211805001077Z-r2-D-200us-20260911T212305.220224Z/run.json,D,200,2,False,False,,,11.48255681106127,"[-16.898094831500853, 11.854863435116336, -5.236716812381557, -1.9034231888395583, 3.8020716451781067, -1.0952010422692473]",16.898094831500853,104.9088187337213,False,"[20.407363266568034, -93.42626192266003, 84.13959388667693, -63.56889259335807, 30.076791335518198, -27.641236008191736]","[8.924806455506763, -104.9088187337213, 72.65703707561565, -75.05144940441934, 18.594234524456922, -39.12379281925301]",42.201014586972036,5800000000
block-20260911T211805001077Z,/srv/bulk/samteway/lab-data/tracking-5ms-full-20260911-resume-v2/captures/block-20260911T211805001077Z-r2-D-1000us-20260911T212320.575118Z/run.json,D,1000,2,False,True,25.103051099300835,,0.17196486338884323,"[0.03740863799935984, 0.539663222338856, 0.18623893397802493, 0.3806121514176442, 0.1516534995193643, 0.22248623026918987]",0.539663222338856,4.632965725432047,True,"[-0.9159227078335395, -0.11013067998019242, 4.80493058882089, 1.7428171846064768, 0.2940695724089808, 0.6462790969393037]","[-1.0878875712223828, -0.28209554336903564, 4.632965725432047, 1.5708523212176337, 0.12210470902013755, 0.4743142335504605]",1.7673033180573248,5800000000
block-20260911T211805001077Z,/srv/bulk/samteway/lab-data/tracking-5ms-full-20260911-resume-v2/captures/block-20260911T211805001077Z-r2-A-200us-control-20260911T212336.608102Z/run.json,A,200,2,True,True,50.794821651500804,,-0.244630492659831,"[-0.020515704158658703, 0.2844135078928462, 0.12080411912779235, 0.19139813459652835, 0.09072925732189345, 0.3808303669597826]",0.3808303669597826,6.479354554147591,True,"[-1.444707824801532, 0.34947019092983406, 6.234724061487761, -1.5670707830895008, 4.391283353700899, 0.627925704346099]","[-1.2000773321417009, 0.5941006835896651, 6.479354554147591, -1.3224402904296697, 4.63591384636073, 0.8725561970059299]",2.4964922148320823,5800000000
block-20260911T211805001077Z,/srv/bulk/samteway/lab-data/tracking-5ms-full-20260911-resume-v2/captures/block-20260911T211805001077Z-r3-D-50us-20260911T212351.327506Z/run.json,D,50,3,False,False,400.40191623720074,,-1.6822252384155567,"[-2.021799955256921, -1.4340870579803626, -1.8737472881068507, -2.103718228026701, -1.20007457989138, -1.7776922018124086]",2.103718228026701,20.53166489559793,False,"[-1.296237966206484, -22.213890134013486, 5.157717260323096, -3.4512725477252912, 2.7168226781072775, -4.65315163718615]","[0.3859872722090726, -20.53166489559793, 6.839942498738653, -1.7690473093097348, 4.399047916522834, -2.970926398770594]",4.523485435876704,5800000000
block-20260911T211805001077Z,/srv/bulk/samteway/lab-data/tracking-5ms-full-20260911-resume-v2/captures/block-20260911T211805001077Z-r3-A-200us-control-20260911T212407.255094Z/run.json,A,200,3,True,False,,,15.254248367128316,"[-17.873371557015854, 12.25280836730046, -5.109148096411119, -1.9290559195281156, 3.932530153374729, -1.7649234424821991]",17.873371557015854,106.78817354221157,False,"[24.878039655135854, -91.53392517508327, 95.83098377210722, -68.21195279621654, 26.782623192458555, -25.421745210582397]","[9.62379128800754, -106.78817354221157, 80.5767354049789, -83.46620116334486, 11.52837482533024, -40.67599357771071]",45.733786298215385,5800000000
block-20260911T211805001077Z,/srv/bulk/samteway/lab-data/tracking-5ms-full-20260911-resume-v2/captures/block-20260911T211805001077Z-r3-D-1000us-20260911T212421.687359Z/run.json,D,1000,3,False,True,50.19877613151585,,-0.3686373064422186,"[0.05567596615841757, -0.09180167362285983, -0.17850687037099183, 0.2954504964245425, -0.045337541285153445, 0.053199725472962575]",0.2954504964245425,7.744959855580442,True,"[-1.6415980291750367, -0.7369661682948249, 7.376322549138224, 0.32825658807169766, 0.9595023988834694, -1.6298410596696309]","[-1.2729607227328184, -0.3683288618526064, 7.744959855580442, 0.6968938945139161, 1.3281397053256878, -1.2612037532274125]",2.642370753934407,5800000000
block-20260911T211805001077Z,/srv/bulk/samteway/lab-data/tracking-5ms-full-20260911-resume-v2/captures/block-20260911T211805001077Z-r3-D-25us-20260911T212437.602023Z/run.json,D,25,3,False,False,,,-5.444401152467479,"[-5.1561971961053015, -1.8462638560331532, -5.6264960976321445, -4.755850990374453, -2.411341604592498, -2.923467601218878]",5.6264960976321445,54.02204746034617,False,"[-3.1443142189433604, -59.46644861281364, 8.213604637189508, -11.1206064091962, -0.611618692743208, -15.209528548160243]","[2.3000869335241183, -54.02204746034617, 13.658005789656986, -5.676205256728719, 4.832782459724272, -9.765127395692764]",11.384710741022474,5800000000
block-20260911T211805001077Z,/srv/bulk/samteway/lab-data/tracking-5ms-full-20260911-resume-v2/captures/block-20260911T211805001077Z-r3-D-200us-20260911T212452.983414Z/run.json,D,200,3,False,False,,,12.561386868977094,"[-19.39058962857407, 12.540791532772763, -5.728877906219228, -1.299441761851191, 3.9334885699998905, -2.069553937312207]",19.39058962857407,107.11342229970793,False,"[21.121514343616088, -94.55203543073084, 100.35195358662683, -66.58945638423462, 33.401453481084346, -26.975442623833462]","[8.560127474638994, -107.11342229970793, 87.79056671764972, -79.15084325321172, 20.84006661210725, -39.536829492810554]",45.97139730414245,5800000000
block-20260911T211805001077Z,/srv/bulk/samteway/lab-data/tracking-5ms-full-20260911-resume-v2/captures/block-20260911T211805001077Z-r3-D-100us-20260911T212508.757498Z/run.json,D,100,3,False,True,100.40653221180192,,-1.095679544889538,"[-0.6204035094543598, -0.9681449169896473, -0.05102000533562667, -0.44745973024717123, 0.0618770566425823, -0.23490401783347764]",0.9681449169896473,7.831092218422501,True,"[-2.7462787773204855, 1.4469559500361837, 6.735412673532963, -2.040152142901518, 4.947137851484574, -0.6544395147679455]","[-1.650599232430948, 2.5426354949257215, 7.831092218422501, -0.94447259801198, 6.042817396374111, 0.44124003012159235]",3.107086184656818,5800000000
block-20260911T211805001077Z,/srv/bulk/samteway/lab-data/tracking-5ms-full-20260911-resume-v2/captures/block-20260911T211805001077Z-r3-A-1000us-control-20260911T212524.478114Z/run.json,A,1000,3,True,False,50.208307950941595,,0.51396264959756,"[-0.02341549285682282, 0.2078412551584886, 0.3741346993445602, -0.041502956586146604, 0.0034459298942288675, 0.13373835985398655]",0.3741346993445602,10.632190362559205,False,"[-0.9663690688991498, -2.943562710599314, 11.146153012156766, -0.4683006875278118, 3.314771038032989, 0.8348214202112652]","[-1.48033171849671, -3.457525360196874, 10.632190362559205, -0.9822633371253718, 2.800808388435429, 0.32085877061370516]",3.6103987098267534,5800000000
block-20260911T212846818552Z,/srv/bulk/samteway/lab-data/tracking-5ms-full-20260911-resume-v2/captures/block-20260911T212846818552Z-r1-A-1000us-control-20260911T213054.202433Z/run.json,A,1000,1,True,True,50.21981215720742,,-0.6318642253073264,"[-0.046102905722349506, -0.12557300163861634, 0.11114387465828707, 0.07325953469442868, -0.17077251868688093, -0.09287153645243089]",0.17077251868688093,1.145749866365461,True,"[-0.28556194674304497, -0.5968544655681329, -1.7776140916727876, -1.0289543666579306, -1.4954490623458616, -0.5672676924773286]","[0.3463022785642815, 0.035009759739193555, -1.145749866365461, -0.3970901413506044, -0.8635848370385354, 0.06459653282999786]",0.5211831569551137,5800000000
block-20260911T212846818552Z,/srv/bulk/samteway/lab-data/tracking-5ms-full-20260911-resume-v2/captures/block-20260911T212846818552Z-r1-B-50us-20260911T213108.593993Z/run.json,B,50,1,False,False,100.42562537478554,,-0.7540488535115367,"[-1.0140783541328382, -0.9673530287938743, -0.9526738227973759, -0.886743432007403, -0.28244340556638026, -0.6925837769450223]",1.0140783541328382,3.1960851627283264,False,"[-0.048905057060941025, -2.9040477160892975, -0.020957510073079205, -3.950134016239863, -0.4214394631452432, -1.4446456696811985]","[0.7051437964505957, -2.149998862577761, 0.7330913434384574, -3.1960851627283264, 0.33260939036629344, -0.6905968161696618]",1.3629490288188117,5800000000
block-20260911T212846818552Z,/srv/bulk/samteway/lab-data/tracking-5ms-full-20260911-resume-v2/captures/block-20260911T212846818552Z-r1-A-200us-control-20260911T213124.248039Z/run.json,A,200,1,True,True,50.80636331274386,,-0.02742440813677953,"[-0.6155339642475398, -0.3192273180495389, -0.6806752212396054, -0.17030401962217206, -0.15512391389652042, -0.2606881961376034]",0.6806752212396054,8.544571489397145,True,"[0.6388423011656436, -8.571995897533924, 1.855114757275842, -2.1269353934247404, -2.105355111046637, 0.23121242723191326]","[0.666266709302423, -8.544571489397145, 1.8825391654126213, -2.099510985287961, -2.0779307029098573, 0.25863683536869286]",1.8847221750933847,5800000000
block-20260911T212846818552Z,/srv/bulk/samteway/lab-data/tracking-5ms-full-20260911-resume-v2/captures/block-20260911T212846818552Z-r1-B-1000us-20260911T213138.648792Z/run.json,B,1000,1,False,True,25.103317036160828,,-0.08316140848914667,"[-0.06983605676651126, 0.02844341981415052, -0.07276293887256961, 0.11518413261373542, 0.31285099837069175, 0.06327383827502633]",0.31285099837069175,1.7901599231489733,True,"[-0.21937132711543078, 0.08801547210591129, 1.7069985146598265, -1.6576854184035104, 1.1498958681678553, 0.3156868974527867]","[-0.13620991862628407, 0.17117688059505798, 1.7901599231489733, -1.5745240099143634, 1.233057276657002, 0.3988483059419334]",0.87333280692939,5800000000
block-20260911T212846818552Z,/srv/bulk/samteway/lab-data/tracking-5ms-full-20260911-resume-v2/captures/block-20260911T212846818552Z-r1-B-25us-20260911T213154.615644Z/run.json,B,25,1,False,False,,,-1.406571826708781,"[-19.65385785982392, -3.8003943073898325, 1.1791048546601564, -9.845953011089891, -0.2744967877217781, -1.6333587590053118]",19.65385785982392,86.61326895609348,False,"[11.318169778645292, -88.01984078280225, 4.389148265835621, -35.65478220364389, -29.151335941759008, -16.99590078583443]","[12.72474160535407, -86.61326895609348, 5.795720092544402, -34.24821037693511, -27.744764115050227, -15.589328959125648]",22.9880586241219,5800000000
block-20260911T212846818552Z,/srv/bulk/samteway/lab-data/tracking-5ms-full-20260911-resume-v2/captures/block-20260911T212846818552Z-r1-B-100us-20260911T213210.195441Z/run.json,B,100,1,False,False,100.41856160876591,,-1.0279834519104003,"[-0.9628388908291692, -0.1981958952106425, -1.3490750100355762, -0.46008860471953106, 0.14262576447062475, -0.5289290737783748]",1.3490750100355762,5.167420666615452,False,"[-1.1123500945300195, -6.195404118525851, 2.667401067893625, -3.547636238268932, 1.6304753080863843, -1.0527069483886975]","[-0.08436664261961944, -5.167420666615452, 3.695384519804024, -2.519652786358532, 2.6584587599967846, -0.02472349647829728]",1.8461152082993277,5800000000
block-20260911T212846818552Z,/srv/bulk/samteway/lab-data/tracking-5ms-full-20260911-resume-v2/captures/block-20260911T212846818552Z-r1-B-200us-20260911T213225.730579Z/run.json,B,200,1,False,True,50.80448594661517,,0.26202908243870277,"[-0.1424194808875008, 0.5721695550287589, -0.3205164585013809, -0.19277821513475418, 0.14325135876921966, -0.2486591252119179]",0.5721695550287589,2.0580250711416572,True,"[0.03845022878985676, 1.9335681321602307, 1.6247063128208485, -0.8377243099767487, -0.9449005498465191, 2.3200541535803603]","[-0.223578853648846, 1.6715390497215277, 1.3626772303821457, -1.0997533924154514, -1.2069296322852219, 2.0580250711416572]",0.9204857475323491,5800000000
block-20260911T212846818552Z,/srv/bulk/samteway/lab-data/tracking-5ms-full-20260911-resume-v2/captures/block-20260911T212846818552Z-r2-A-1000us-control-20260911T213241.760350Z/run.json,A,1000,2,True,True,50.2049119528737,,0.3006779772417332,"[-0.07398992604916269, 0.47899626701351944, 0.09500405181647412, 0.20274176242488773, 0.039865694694622665, 0.07138680624548605]",0.47899626701351944,3.197883955380945,True,"[0.1589791960676776, -0.8929391674420174, 0.09972999970988237, -0.15896834743365396, 3.4985619326226782, 0.7973775079429499]","[-0.1416987811740556, -1.1936171446837505, -0.2009479775318508, -0.45964632467538713, 3.197883955380945, 0.4966995307012168]",0.7958544527194469,5800000000
block-20260911T212846818552Z,/srv/bulk/samteway/lab-data/tracking-5ms-full-20260911-resume-v2/captures/block-20260911T212846818552Z-r2-B-25us-20260911T213256.383796Z/run.json,B,25,2,False,False,,,-5.34727700947356,"[-8.063393721164333, 2.1891962256482773, -6.485942625757255, -5.91773593025272, -1.246767116931596, -3.7531475955056854]",8.063393721164333,78.37417988638407,False,"[-0.42683639771297055, -83.72145689585763, 14.312322070955924, -31.515011911335755, 6.175117646824711, -15.673758802251992]","[4.920440611760588, -78.37417988638407, 19.659599080429484, -26.1677349018622, 11.52239465629827, -10.326481792778432]",18.33579819508518,5800000000
block-20260911T212846818552Z,/srv/bulk/samteway/lab-data/tracking-5ms-full-20260911-resume-v2/captures/block-20260911T212846818552Z-r2-B-100us-20260911T213312.506498Z/run.json,B,100,2,False,True,100.41783524869447,,0.12459715827995431,"[-0.6930142534640378, -0.1818939373691766, -0.8037435527195662, -0.7583769541480325, 0.2611713596044104, -0.3920519647958848]",0.8037435527195662,5.684398712131639,True,"[0.6015350366387248, 5.808995870411593, 1.3271488295670124, -1.421816483356639, -2.4180978880029977, -3.326193282309925]","[0.4769378783587704, 5.684398712131639, 1.2025516712870583, -1.5464136416365932, -2.542695046282952, -3.4507904405898797]",1.6534157625941803,5800000000
block-20260911T212846818552Z,/srv/bulk/samteway/lab-data/tracking-5ms-full-20260911-resume-v2/captures/block-20260911T212846818552Z-r2-B-50us-20260911T213328.653115Z/run.json,B,50,2,False,False,,,16.250657247424527,"[-18.72498066437189, -2.4421904660651945, -6.942784325761851, 1.1956613620811036, -5.016646037740763, -1.9120218169941627]",18.72498066437189,100.34329413805317,False,"[38.23175726578193, -84.09263689062864, 8.850788205398343, -64.88091699520824, 22.741549030614475, -46.81547421454641]","[21.9811000183574, -100.34329413805317, -7.399869042026184, -81.13157424263275, 6.490891783189947, -63.066131461970954]",41.65513426992343,5800000000
block-20260911T212846818552Z,/srv/bulk/samteway/lab-data/tracking-5ms-full-20260911-resume-v2/captures/block-20260911T212846818552Z-r2-B-200us-20260911T213344.544165Z/run.json,B,200,2,False,False,,,18.698274640952786,"[-20.45475416530475, 13.201263774006001, -5.570104958610594, -1.457946932956199, 4.87554943443148, -1.8930058189471284]",20.45475416530475,114.18197065857612,False,"[27.754538784636214, -95.48369601762333, 92.71200683358697, -66.5885330626625, 26.82185160401589, -24.671307440496417]","[9.05626414368343, -114.18197065857612, 74.0137321926342, -85.2868077036153, 8.123576963063107, -43.3695820814492]",45.692815933262764,5800000000
block-20260911T212846818552Z,/srv/bulk/samteway/lab-data/tracking-5ms-full-20260911-resume-v2/captures/block-20260911T212846818552Z-r2-B-1000us-20260911T213400.835946Z/run.json,B,1000,2,False,True,50.21293493507162,,-0.965826615042012,"[-0.15901808760857786, 0.9267980150581424, -0.4523325181587553, -0.163271940224627, -0.19112336833367882, 0.09613588582624713]",0.9267980150581424,5.240570947565727,True,"[-1.5529704196914023, 0.5200497937466769, 4.274744332523715, -2.910086589934991, 0.4603985800033241, -1.7879802608315136]","[-0.58714380464939, 1.4858764087886887, 5.240570947565727, -1.944259974892979, 1.4262251950453362, -0.8221536457895013]",1.9554654668649993,5800000000
block-20260911T212846818552Z,/srv/bulk/samteway/lab-data/tracking-5ms-full-20260911-resume-v2/captures/block-20260911T212846818552Z-r2-A-200us-control-20260911T213416.150163Z/run.json,A,200,2,True,True,50.81215540675677,,-0.7481175309388045,"[0.05419262890670706, 0.2136705778673587, -0.2072063676760718, 0.2285740068903364, -0.6401519888163963, -0.07058555235065657]",0.6401519888163963,4.061582293473354,True,"[-0.8503670266148993, -4.809699824412158, 0.11169556170176653, -1.1025681392684687, 0.9430625582582296, -0.1030838011366263]","[-0.10224949567609463, -4.061582293473354, 0.859813092640571, -0.35445060832966435, 1.691180089197034, 0.6450337298021783]",0.8690850627123914,5800000000
block-20260911T212846818552Z,/srv/bulk/samteway/lab-data/tracking-5ms-full-20260911-resume-v2/captures/block-20260911T212846818552Z-r3-B-50us-20260911T213430.675955Z/run.json,B,50,3,False,False,100.42109011242559,,-1.4854960756206566,"[-0.7200460241606146, -1.1194235394045051, -1.5599453054007149, -1.1753127560167889, -1.4697517047498578, -1.1222461040599974]",1.5599453054007149,7.388605657624667,False,"[-1.2501976253354343, -6.470009614902626, 3.2183681851710624, -1.3603960636501093, -8.874101733245324, -3.2941524812525147]","[0.23529845028522223, -4.984513539281969, 4.703864260791719, 0.12510001197054718, -7.388605657624667, -1.8086564056318584]",2.4824233284224726,5800000000
block-20260911T212846818552Z,/srv/bulk/samteway/lab-data/tracking-5ms-full-20260911-resume-v2/captures/block-20260911T212846818552Z-r3-A-200us-control-20260911T213446.156121Z/run.json,A,200,3,True,False,,,11.73152335112073,"[-17.51879716453769, 12.823612439135372, -5.729630006375466, -1.3204664744871422, 3.6938157306096198, -1.8846631551955975]",17.51879716453769,109.66366810435609,False,"[19.665982948478277, -97.93214475323536, 88.24927310711709, -65.63956392759482, 27.43560486130302, -29.392287103925568]","[7.934459597357548, -109.66366810435609, 76.51774975599636, -77.37108727871555, 15.704081510182291, -41.1238104550463]",43.76873704950697,5800000000
block-20260911T212846818552Z,/srv/bulk/samteway/lab-data/tracking-5ms-full-20260911-resume-v2/captures/block-20260911T212846818552Z-r3-B-1000us-20260911T213500.658196Z/run.json,B,1000,3,False,True,50.213082549599356,,-1.523691985838817,"[-0.08535725570702536, 0.31297366660374726, -0.21853854604225995, 0.05244161979218687, 0.3661363419564992, -0.2551952536192308]",0.3661363419564992,1.6476855948590097,True,"[-1.3465123470769071, -1.7424587989792686, -1.2997473974427785, -1.3317791936092465, -3.1713775806978264, -2.42047277565348]","[0.17717963876190984, -0.21876681314045168, 0.22394458839603845, 0.19191279222957056, -1.6476855948590097, -0.8967807898146629]",0.47943557631156664,5800000000
block-20260911T212846818552Z,/srv/bulk/samteway/lab-data/tracking-5ms-full-20260911-resume-v2/captures/block-20260911T212846818552Z-r3-B-25us-20260911T213516.386269Z/run.json,B,25,3,False,False,,,-4.5345849107509855,"[-5.1463958175193785, -2.1977057305797905, -5.294527541644168, -5.0630655250201215, -3.545712524996927, -4.599262618539203]",5.294527541644168,16.321739416781572,False,"[-1.903691846194028, -20.85632432753256, 4.94691016859538, -10.667931342784344, -11.77967379955083, -18.07794495440291]","[2.630893064556958, -16.321739416781572, 9.481495079346367, -6.133346432033359, -7.245088888799844, -13.543360043651925]",6.5067579353219545,5800000000
block-20260911T212846818552Z,/srv/bulk/samteway/lab-data/tracking-5ms-full-20260911-resume-v2/captures/block-20260911T212846818552Z-r3-B-200us-20260911T213532.416939Z/run.json,B,200,3,False,False,,,11.12571794522576,"[-19.247645429189873, 12.771126923832067, -5.9027038078731735, -1.9641830645628289, 4.442103161223379, -2.010331982486052]",19.247645429189873,106.43709053193851,False,"[18.46859053134892, -95.31137258671274, 88.84146256270711, -63.51511534754393, 28.71871897881052, -26.789399780727152]","[7.342872586123158, -106.43709053193851, 77.71574461748135, -74.6408332927697, 17.593001033584763, -37.91511772595291]",42.903408613697565,5800000000
block-20260911T212846818552Z,/srv/bulk/samteway/lab-data/tracking-5ms-full-20260911-resume-v2/captures/block-20260911T212846818552Z-r3-B-100us-20260911T213547.551035Z/run.json,B,100,3,False,False,,,-3.646140578707265,"[-1.781774963967358, 1.5659896717770212, -0.08409364581177774, -0.7001796208363038, -1.662702828141135, -1.684292865288842]",1.781774963967358,52.62960043519097,False,"[-7.9948877349990495, -56.27574101389824, 6.567519108871821, -1.5448872066699102, 24.309220306363976, 13.548431766973707]","[-4.348747156291784, -52.62960043519097, 10.213659687579087, 2.101253372037355, 27.955360885071244, 17.194572345680974]",12.848125995578886,5800000000
block-20260911T212846818552Z,/srv/bulk/samteway/lab-data/tracking-5ms-full-20260911-resume-v2/captures/block-20260911T212846818552Z-r3-A-1000us-control-20260911T213602.967691Z/run.json,A,1000,3,True,True,50.20438888976121,,0.09288932330556451,"[-0.13356746056194368, 0.9118966883364782, -0.17086962793034516, 0.144894481594649, -0.46275033384434117, -0.0390958430961381]",0.9118966883364782,2.964771045546275,True,"[0.10026079583707379, -0.1998914908909082, 3.0576603688518396, 0.16840007847057067, -2.6951933339990792, -2.315005192930696]","[0.007371472531509271, -0.2927808141964727, 2.964771045546275, 0.07551075516500617, -2.7880826573046438, -2.4078945162362606]",1.3255980677151613,5800000000
block-20260911T215918963889Z,/srv/bulk/samteway/lab-data/tracking-5ms-full-20260911-resume-v3/captures/block-20260911T215918963889Z-r1-A-1000us-control-20260911T220128.591339Z/run.json,A,1000,1,True,True,50.2072976873772,,0.11483429822063136,"[0.010169417845196885, -0.01499120588996524, 0.30708253156944465, -0.1407159142132748, 0.6794556090466808, 0.707937786233705]",0.707937786233705,2.110475451736039,True,"[0.6403698043433802, 2.2253097499566703, -1.523898451053543, -1.1597374020125522, -1.6966794695754674, -0.8336566123119532]","[0.5255355061227488, 2.110475451736039, -1.6387327492741743, -1.2745717002331833, -1.8115137677960986, -0.9484909105325846]",1.028452200726101,5811000000
block-20260911T215918963889Z,/srv/bulk/samteway/lab-data/tracking-5ms-full-20260911-resume-v3/captures/block-20260911T215918963889Z-r1-D-100us-20260911T220143.250294Z/run.json,D,100,1,False,False,100.40973815974515,,0.6535039874625349,"[-0.7515305588188648, -1.0645628038884858, -0.364193469786219, -0.9036785177463256, -0.4860563294652495, -0.639040730027086]",1.0645628038884858,3.462357511980801,False,"[1.8277523058737992, -1.2288367983434307, -0.20850017365717155, -1.2163827836119434, 0.8691596735933251, -2.808853524518267]","[1.1742483184112646, -1.8823407858059658, -0.8620041611197065, -1.8698867710744782, 0.21565568613079023, -3.462357511980801]",1.592383730571879,5811000000
block-20260911T215918963889Z,/srv/bulk/samteway/lab-data/tracking-5ms-full-20260911-resume-v3/captures/block-20260911T215918963889Z-r1-D-50us-20260911T220159.419942Z/run.json,D,50,1,False,False,,,-2.7056688240716045,"[-1.7772084060316766, -2.651767806839223, -1.3628356048531145, -1.9965568073583193, -1.096356191643768, -1.935410395410269]",2.651767806839223,11.784633474539627,False,"[-1.2169546603719483, -14.490302298611233, 6.6023650498877515, -6.486022893400863, 1.9529468141820316, -4.26053940935786]","[1.488714163699656, -11.784633474539627, 9.308033873959356, -3.7803540693292583, 4.658615638253637, -1.5548705852862554]",4.111609095174486,5811000000
block-20260911T215918963889Z,/srv/bulk/samteway/lab-data/tracking-5ms-full-20260911-resume-v3/captures/block-20260911T215918963889Z-r1-D-1000us-20260911T220215.490445Z/run.json,D,1000,1,False,True,50.20195977440626,,-0.7984792090495063,"[0.046732539445512575, 0.2181287293325325, 0.3101103756391514, -0.10101750000908029, -0.033012327768426136, -0.08081264985186992]",0.3101103756391514,1.096141433481782,True,"[-0.5869787330843773, -0.13705517482107363, -0.23569074793829917, -1.5465383204113812, -0.4223626460968395, -1.8946206425312884]","[0.211500475965129, 0.6614240342284327, 0.5627884611112071, -0.7480591113618748, 0.3761165629526668, -1.096141433481782]",0.5057825218761777,5811000000
block-20260911T215918963889Z,/srv/bulk/samteway/lab-data/tracking-5ms-full-20260911-resume-v3/captures/block-20260911T215918963889Z-r1-A-200us-control-20260911T220231.591491Z/run.json,A,200,1,True,True,50.80474619572663,,0.04570331312078796,"[0.12762516455728143, -0.663828828863273, 0.7833417365862722, 0.21301672874253602, 0.5966923125235961, 0.3517920556225435]",0.7833417365862722,5.301415643914706,True,"[0.9505746715557575, 1.9741067440759352, -5.255712330793918, -2.210070422836784, -0.9312780035088777, -0.1709443109927642]","[0.9048713584349696, 1.928403430955147, -5.301415643914706, -2.2557737359575722, -0.9769813166296656, -0.2166476241135521]",1.6548332714086682,5811000000
block-20260911T215918963889Z,/srv/bulk/samteway/lab-data/tracking-5ms-full-20260911-resume-v3/captures/block-20260911T215918963889Z-r1-D-200us-20260911T220240.920508Z/run.json,D,200,1,False,True,50.8030466068248,,0.36336205301508817,"[0.030983736150746104, -0.08168179991311006, -0.0377989508827449, -0.3372339940427096, 0.4477098710347772, -0.2372266846748502]",0.4477098710347772,4.199396197032209,True,"[1.7124241024258136, -2.3322030958714266, -3.836034144017121, -2.7689223386571014, -0.3665965192466579, 1.7718685380565284]","[1.3490620494107255, -2.6955651488865144, -4.199396197032209, -3.13228439167219, -0.7299585722617461, 1.4085064850414402]",2.0266441874542798,5811000000
block-20260911T215918963889Z,/srv/bulk/samteway/lab-data/tracking-5ms-full-20260911-resume-v3/captures/block-20260911T215918963889Z-r1-D-25us-20260911T220257.019461Z/run.json,D,25,1,False,False,,,-2.579695942934803,"[-2.6079592037449335, -4.379879300016421, -3.552838275669688, -3.9352096158164764, -1.9448564598185785, -3.7338049402791738]",4.379879300016421,6.712654522129625,False,"[-2.772701860870744, 2.1611460419537267, -2.593349977834529, -4.047882883223368, -9.292350465064427, 3.5497322658354165]","[-0.19300591793594105, 4.7408419848885295, -0.013654034899725718, -1.4681869402885654, -6.712654522129625, 6.129428208770219]",2.5908269038122658,5811000000
block-20260911T215918963889Z,/srv/bulk/samteway/lab-data/tracking-5ms-full-20260911-resume-v3/captures/block-20260911T215918963889Z-r2-D-50us-20260911T220313.548140Z/run.json,D,50,2,False,False,,,-2.254852500788184,"[-2.615717124801662, -2.6092473392371742, -1.8874907651325938, -3.109237788165239, -1.5122193118835252, -2.1735640521685755]",3.109237788165239,30.19934390708758,False,"[1.3865616830845742, -32.45419640787577, 4.502083674516337, -6.740981777460549, 9.06878862770912, -9.104925609492076]","[3.6414141838727585, -30.19934390708758, 6.756936175304522, -4.486129276672363, 11.323641128497306, -6.850073108703891]",8.876532571534709,5811000000
block-20260911T215918963889Z,/srv/bulk/samteway/lab-data/tracking-5ms-full-20260911-resume-v3/captures/block-20260911T215918963889Z-r2-D-1000us-20260911T220331.040277Z/run.json,D,1000,2,False,True,50.19882155120527,,0.8931825281008771,"[0.3038983700320748, 0.41868667318662567, -0.03997407879745598, 0.13783305483000324, 0.4738008289415083, 0.08820613502289631]",0.4738008289415083,1.943240691247412,True,"[1.3462771405121166, 1.3376878221114468, -0.10052734652316747, -0.6190057263707174, 2.836423219348289, -0.472384279283554]","[0.45309461241123955, 0.44450529401056976, -0.9937098746240447, -1.5121882544715946, 1.943240691247412, -1.3655668073844311]",0.9487832169090334,5811000000
block-20260911T215918963889Z,/srv/bulk/samteway/lab-data/tracking-5ms-full-20260911-resume-v3/captures/block-20260911T215918963889Z-r2-D-25us-20260911T220346.526038Z/run.json,D,25,2,False,False,,,-1.8935158437400461,"[-1.867613414713099, -3.5820079345643503, -2.472447408885748, -1.763889426400036, -1.452226038593397, -1.5999268580884254]",3.5820079345643503,5.226571834396164,False,"[0.16418941015461927, 0.011647350893857917, -7.120087678136209, -7.061753491256016, -1.2763193962562434, -5.913449248826032]","[2.057705253894665, 1.9051631946339038, -5.226571834396164, -5.168237647515969, 0.6171964474838024, -4.019933405085986]",3.110310669641912,5811000000
block-20260911T215918963889Z,/srv/bulk/samteway/lab-data/tracking-5ms-full-20260911-resume-v3/captures/block-20260911T215918963889Z-r2-D-100us-20260911T220402.137286Z/run.json,D,100,2,False,False,,,31.98064516997382,"[-13.96740144296152, -7.7298552660542885, 9.008803914125178, -6.841284130267366, -2.3039609480383074, 0.9840732182466698]",13.96740144296152,106.49611003433168,False,"[56.35701038536055, -74.51546486435785, -6.531969253823039, -2.681369660605399, -0.13568352483512405, -2.3147450204108098]","[24.376365215386738, -106.49611003433168, -38.51261442379686, -34.66201483057922, -32.11632869480894, -34.29539019038462]",38.132611862146796,5811000000
block-20260911T215918963889Z,/srv/bulk/samteway/lab-data/tracking-5ms-full-20260911-resume-v3/captures/block-20260911T215918963889Z-r2-D-200us-20260911T220417.829038Z/run.json,D,200,2,False,True,50.798958679239135,,-0.19694713249820656,"[-0.026945038849659746, -0.2441916299868804, 0.23542293451366825, -0.1550433162418093, -0.25750642307469923, -0.2787936693565233]",0.2787936693565233,5.82118972337983,True,"[-0.2833836258978811, 0.4640897244696974, -6.018136855878036, 0.05569347168842609, 3.602162028492109, -0.2793894267224906]","[-0.08643649339967453, 0.6610368569679038, -5.82118972337983, 0.25264060418663264, 3.7991091609903154, -0.08244229422428405]",1.4385809771490583,5811000000
block-20260911T215918963889Z,/srv/bulk/samteway/lab-data/tracking-5ms-full-20260911-resume-v3/captures/block-20260911T215918963889Z-r2-A-200us-control-20260911T220427.572572Z/run.json,A,200,2,True,True,100.10087681264388,,0.593185628289391,"[-0.389310279011847, -0.9394188352449034, 0.16666325547368543, -0.8519426157505167, 0.38424812766286337, 0.04317748882507835]",0.9394188352449034,4.420940277290445,True,"[1.8042746670556733, -1.1369258869669354, -1.675697976146155, -3.827754649001053, 0.5735355228554486, 4.018216647842329]","[1.211089038766282, -1.7301115152563264, -2.268883604435546, -4.420940277290445, -0.019650105433942484, 3.4250310195529385]",2.351481105182674,5811000000
block-20260911T215918963889Z,/srv/bulk/samteway/lab-data/tracking-5ms-full-20260911-resume-v3/captures/block-20260911T215918963889Z-r2-A-1000us-control-20260911T220441.950351Z/run.json,A,1000,2,True,False,50.203290869280984,,0.4087218633437011,"[-0.18880171860688777, -0.22472938026450984, 0.3213643091051954, -0.12954471948575375, 1.2300025612129606, -0.2284274220137253]",1.2300025612129606,4.2889731578494406,False,"[1.7081554136107002, 0.7400600063360909, -0.7011278031521503, -3.8802512945057392, 1.2255653215531037, -0.2910163394987466]","[1.299433550266999, 0.33133814299238973, -1.1098496664958515, -4.2889731578494406, 0.8168434582094026, -0.6997382028424477]",2.0932513557987837,5811000000
block-20260911T215918963889Z,/srv/bulk/samteway/lab-data/tracking-5ms-full-20260911-resume-v3/captures/block-20260911T215918963889Z-r3-A-200us-control-20260911T220456.627449Z/run.json,A,200,3,True,False,,,4.084582136382333,"[-17.645392425377167, 8.886967302444472, 1.364636695390557, -6.135143149364032, 4.585873785819098, -1.181691830412311]",17.645392425377167,90.78906777417383,False,"[22.116292434446255, -86.70448563779149, 75.18097038680493, -55.80566276738685, 44.85109515037511, -33.48125774888252]","[18.03171029806392, -90.78906777417383, 71.09638825042259, -59.89024490376918, 40.76651301399278, -37.56583988526485]",41.320067956115345,5811000000
block-20260911T215918963889Z,/srv/bulk/samteway/lab-data/tracking-5ms-full-20260911-resume-v3/captures/block-20260911T215918963889Z-r3-D-200us-20260911T220505.953093Z/run.json,D,200,3,False,False,50.8054557533595,,0.6214246108629714,"[-0.29204473919601287, -1.0197578058581207, -0.4823158931536659, -0.2474210041984108, -0.16218868662179295, -0.7714290672176369]",1.0197578058581207,2.7663762716322755,False,"[1.0820168236114944, 0.2850128917845246, 3.058502126829182, -0.004042141677680805, -0.27811367427704786, -2.144951660769304]","[0.4605922127485231, -0.3364117190784468, 2.4370775159662106, -0.6254667525406521, -0.8995382851400192, -2.7663762716322755]",1.0038754827645222,5811000000
block-20260911T215918963889Z,/srv/bulk/samteway/lab-data/tracking-5ms-full-20260911-resume-v3/captures/block-20260911T215918963889Z-r3-D-1000us-20260911T220521.707630Z/run.json,D,1000,3,False,True,50.20222303896237,,-0.4733749593898738,"[0.17639553175317613, -0.030730407235048322, -0.3456884914179156, 0.19653112393711225, -0.1756787184575878, 0.009738671857905286]",0.3456884914179156,4.044230749012456,True,"[-0.6691005874522515, -0.11110539148447159, 3.570855789622583, -1.349984948164891, 0.05528738058400083, 0.5210958586887444]","[-0.19572562806237775, 0.36226956790540216, 4.044230749012456, -0.8766099887750172, 0.5286623399738746, 0.9944708180786181]",0.9338927771985721,5811000000
block-20260911T215918963889Z,/srv/bulk/samteway/lab-data/tracking-5ms-full-20260911-resume-v3/captures/block-20260911T215918963889Z-r3-D-50us-20260911T220536.943567Z/run.json,D,50,3,False,False,,,-5.166194204653795,"[-5.455305387916198, 1.0726803094753268, -3.4255338878816675, -3.8816727214509985, 0.4109039886578075, -2.641897562691166]",5.455305387916198,58.01155217868828,False,"[-0.44775728020556477, -63.177746383342075, 29.962728803475812, -13.517295568172324, 20.077922512381026, -18.338482968770514]","[4.718436924448231, -58.01155217868828, 35.128923008129604, -8.351101363518529, 25.24411671703482, -13.17228876411672]",17.96661137078986,5811000000
block-20260911T215918963889Z,/srv/bulk/samteway/lab-data/tracking-5ms-full-20260911-resume-v3/captures/block-20260911T215918963889Z-r3-A-1000us-control-20260911T220552.418461Z/run.json,A,1000,3,True,True,50.20339650415542,,0.6372099543511995,"[0.003890680528068076, -0.4938030309467403, 0.2491758815118245, -0.11094194706710969, 0.45748409325098827, 0.3728225118201422]",0.4938030309467403,4.141699689367671,True,"[0.42515053909111505, 2.22322077963304, 1.7578245893097937, -0.3287831498387858, -1.9345143808830023, 4.778909643718872]","[-0.2120594152600846, 1.5860108252818406, 1.1206146349585944, -0.9659931041899854, -2.571724335234202, 4.141699689367671]",1.390638103611817,5811000000
block-20260911T215918963889Z,/srv/bulk/samteway/lab-data/tracking-5ms-full-20260911-resume-v3/captures/block-20260911T215918963889Z-r3-D-25us-20260911T220606.931710Z/run.json,D,25,3,False,False,,,-3.466684836811315,"[-8.183047026906792, -3.8325450636259366, -0.6221124807876233, -6.240632714983564, -2.8880236132072055, -4.123988095376364]",8.183047026906792,36.36188903161977,False,"[-0.4659131712868769, -39.828573868431086, 6.738014317266491, -9.455053101844321, 13.507975436887333, -2.398967625173339]","[3.0007716655244376, -36.36188903161977, 10.204699154077806, -5.9883682650330075, 16.974660273698653, 1.0677172116379754]",10.546135690351518,5811000000
block-20260911T215918963889Z,/srv/bulk/samteway/lab-data/tracking-5ms-full-20260911-resume-v3/captures/block-20260911T215918963889Z-r3-D-100us-20260911T220622.839266Z/run.json,D,100,3,False,False,,,35.77549180177682,"[-16.214040275487832, -10.105228131756496, 9.93946496373314, -7.14085282525862, -2.379682453344291, 2.5495430724950863]",16.214040275487832,113.86657873938725,False,"[58.5650274615901, -78.09108693761041, -8.08370257268656, 7.9317623143120155, -5.157852941945074, 5.05186674625299]","[22.78953565981328, -113.86657873938725, -43.85919437446338, -27.843729487464802, -40.9333447437219, -30.723625055523833]",38.293189068490825,5811000000
block-20260911T220948222664Z,/srv/bulk/samteway/lab-data/tracking-5ms-full-20260911-resume-v3/captures/block-20260911T220948222664Z-r1-A-1000us-control-20260911T221157.290723Z/run.json,A,1000,1,True,False,50.20347799662283,,0.5605159711956431,"[0.05263241746884514, -0.4280952211234358, 0.28996961109136266, -0.07904943035931401, -1.0998233589126298, 0.377336533252306]",1.0998233589126298,2.9827361692903485,False,"[0.5186836920953092, 0.4752414369219728, 3.543252140485991, 0.6918575495891561, 0.2789499721996919, -0.35933665667583936]","[-0.04183227910033388, -0.08527453427367021, 2.9827361692903485, 0.1313415783935131, -0.28156599899595114, -0.9198526278714825]",0.5689090687621337,5811000000
block-20260911T220948222664Z,/srv/bulk/samteway/lab-data/tracking-5ms-full-20260911-resume-v3/captures/block-20260911T220948222664Z-r1-B-100us-20260911T221211.870350Z/run.json,B,100,1,False,False,100.40667796528432,,-0.42240250959371395,"[-0.627328611808601, -0.5844754228209836, -0.39807101701191794, -0.7522120174535321, -1.186343240291634, -1.4320397053679526]",1.4320397053679526,3.373247309828485,False,"[0.2833941635881074, -0.7118594122983108, -3.7956498194221986, -1.569318894267348, -2.5255461310594174, -0.7080874935663839]","[0.7057966731818213, -0.2894569027045969, -3.373247309828485, -1.146916384673634, -2.103143621465703, -0.28568498397266995]",1.0582750654012403,5811000000
block-20260911T220948222664Z,/srv/bulk/samteway/lab-data/tracking-5ms-full-20260911-resume-v3/captures/block-20260911T220948222664Z-r1-B-50us-20260911T221227.499273Z/run.json,B,50,1,False,False,200.24018120750534,,-0.39037389829877217,"[-1.0603136485821387, -0.9376398061222536, 0.4504603190586514, -1.1087071798007633, -2.227950147730967, -0.9962332640195727]",2.227950147730967,4.519902029263376,False,"[-0.047474552870549226, 1.6065317423914742, -0.5235836707612987, 0.1228295220720574, -4.9102759275621475, -2.609459399020995]","[0.342899345428223, 1.9969056406902463, -0.13320977246252652, 0.5132034203708297, -4.519902029263376, -2.219085500722223]",1.339428229174592,5811000000
block-20260911T220948222664Z,/srv/bulk/samteway/lab-data/tracking-5ms-full-20260911-resume-v3/captures/block-20260911T220948222664Z-r1-B-1000us-20260911T221242.979927Z/run.json,B,1000,1,False,True,50.20177377609315,,0.43606147958585084,"[0.13726871522417988, 0.4618219380030648, -0.47461477493540616, 0.1332889488207674, 0.11008117198586623, 0.11973417347373491]",0.47461477493540616,3.320730816975386,True,"[0.002360612028579828, 3.756792296561237, 1.555623748024517, 0.7710282556053808, 2.2049823973263947, -0.8504853734943587]","[-0.433700867557271, 3.320730816975386, 1.1195622684386664, 0.33496677601953, 1.768920917740544, -1.2865468530802096]",1.014634076748649,5811000000
block-20260911T220948222664Z,/srv/bulk/samteway/lab-data/tracking-5ms-full-20260911-resume-v3/captures/block-20260911T220948222664Z-r1-A-200us-control-20260911T221258.267648Z/run.json,A,200,1,True,True,50.795834701281755,,0.22333121081436,"[-0.09561621809518789, 0.3637074264158308, 0.8735852230874523, 0.3957086748631478, 0.1568146313676405, 0.2734277855028192]",0.8735852230874523,1.47813822177979,True,"[0.21374227412798727, -1.2548070109654301, 1.6317238661562778, 0.49699456330927677, 1.462710967021322, -0.8628549195256091]","[-0.009588936686372758, -1.47813822177979, 1.4083926553419177, 0.27366335249491675, 1.2393797562069624, -1.086186130339969]",0.5902293425024508,5811000000
block-20260911T220948222664Z,/srv/bulk/samteway/lab-data/tracking-5ms-full-20260911-resume-v3/captures/block-20260911T220948222664Z-r1-B-200us-20260911T221307.250752Z/run.json,B,200,1,False,True,100.10223575897547,,1.2861410501070072,"[-0.09210765906741822, 0.2000304418716738, -0.08351893655295153, -0.03411820748997274, -0.6057332594273818, -0.020611040750214644]",0.6057332594273818,5.44414151823197,True,"[1.6672912952965726, 3.5703520835228613, -4.158000468124962, -0.6420010758410076, 4.384764737310175, 0.602939469474915]","[0.3811502451895653, 2.284211033415854, -5.44414151823197, -1.9281421259480143, 3.098623687203168, -0.6832015806320922]",1.5533179852349217,5811000000
block-20260911T220948222664Z,/srv/bulk/samteway/lab-data/tracking-5ms-full-20260911-resume-v3/captures/block-20260911T220948222664Z-r1-B-25us-20260911T221323.247587Z/run.json,B,25,1,False,False,,,8.792506111996737,"[-20.29615135694697, -12.398987246242811, -10.149667029079964, -19.016660192313086, 4.005775416822615, -4.641088002075346]",20.29615135694697,80.51203911921617,False,"[34.11975133899999, -71.71953300721943, 17.390301156257266, -47.626871170368325, -22.214906232823196, -41.68920763749029]","[25.327245227003253, -80.51203911921617, 8.597795044260529, -56.41937728236506, -31.007412344819926, -50.48171374948703]",38.77289487367742,5811000000
block-20260911T220948222664Z,/srv/bulk/samteway/lab-data/tracking-5ms-full-20260911-resume-v3/captures/block-20260911T220948222664Z-r2-B-50us-20260911T221339.266341Z/run.json,B,50,2,False,False,,,18.21289364186545,"[-19.171169186067875, -14.692731835271228, 8.349350439778174, -8.465408180163832, -2.9715722772081414, 0.29060984413697055]",19.171169186067875,81.36343222508684,False,"[37.40416589693189, -63.1505385832214, -7.254237174172794, -16.885294333903534, -7.070956377743896, -0.46795248053825494]","[19.191272255066444, -81.36343222508684, -25.467130816038246, -35.09818797576898, -25.283850019609343, -18.680846122403704]",29.3158018254991,5811000000
block-20260911T220948222664Z,/srv/bulk/samteway/lab-data/tracking-5ms-full-20260911-resume-v3/captures/block-20260911T220948222664Z-r2-B-1000us-20260911T221354.880685Z/run.json,B,1000,2,False,True,50.206501028140025,,0.9615727727483657,"[-0.022485576971458893, 0.7484998937231395, 0.30020973936526035, -0.051376083554476926, 0.15045125340732313, -0.28045825773081506]",0.7484998937231395,3.2183210339837034,True,"[1.5396215040287387, 2.5257223097635166, -2.256748261235338, -0.686442734725897, 2.9171190046003934, -1.7082914355292684]","[0.5780487312803732, 1.5641495370151506, -3.2183210339837034, -1.6480155074742626, 1.9555462318520276, -2.669864208277634]",1.3378075920136325,5811000000
block-20260911T220948222664Z,/srv/bulk/samteway/lab-data/tracking-5ms-full-20260911-resume-v3/captures/block-20260911T220948222664Z-r2-B-25us-20260911T221410.562600Z/run.json,B,25,2,False,False,,,12.31576110635901,"[-19.403956166931156, -14.091481605107559, -3.3964963461739917, -7.846475258033989, -6.546741827542014, 0.23483994338047653]",19.403956166931156,79.09400517533939,False,"[38.70248769776017, -40.719121808329746, -7.334269171283659, -66.77824406898037, 12.694727678638351, -54.33397981841356]","[26.386726591401157, -53.03488291468876, -19.65003027764267, -79.09400517533939, 0.37896657227933994, -66.64974092477257]",44.16759007383458,5811000000
block-20260911T220948222664Z,/srv/bulk/samteway/lab-data/tracking-5ms-full-20260911-resume-v3/captures/block-20260911T220948222664Z-r2-B-100us-20260911T221425.893555Z/run.json,B,100,2,False,False,100.39721951520995,,0.5880739463441528,"[-1.0769680139082864, -0.6131761341872783, 0.23586771247970453, -1.2280526427586038, -0.33252546703911984, -1.0853387099137044]",1.2280526427586038,5.376200961096306,False,"[0.5894242336471179, 1.2781441976856336, 2.544942824382844, -0.7904969804487729, 5.96427490744046, -1.7598961657628822]","[0.0013502873029651184, 0.6900702513414805, 1.9568688780386916, -1.3785709267929256, 5.376200961096306, -2.347970112107035]",1.5609955907146869,5811000000
block-20260911T220948222664Z,/srv/bulk/samteway/lab-data/tracking-5ms-full-20260911-resume-v3/captures/block-20260911T220948222664Z-r2-B-200us-20260911T221441.212724Z/run.json,B,200,2,False,False,,,22.3221610688002,"[-22.11711986688686, 10.417990257833637, 1.9775311478742685, -6.921545350646832, 4.666200415311451, -1.258440603290756]",22.11711986688686,111.99657248986783,False,"[43.03080130980267, -89.67441142106763, 85.08673038031584, -65.588505728885, 52.58333812041327, -37.91782533543335]","[20.708640241002474, -111.99657248986783, 62.764569311515636, -87.91066679768521, 30.26117705161307, -60.23998640423354]",51.32140113994209,5811000000
block-20260911T220948222664Z,/srv/bulk/samteway/lab-data/tracking-5ms-full-20260911-resume-v3/captures/block-20260911T220948222664Z-r2-A-200us-control-20260911T221451.171138Z/run.json,A,200,2,True,False,,,14.944509012057175,"[-21.5411164207242, 10.338463594575158, 2.5409745940553137, -5.998698173594307, 4.8666232092399895, -1.4312042357268397]",21.5411164207242,104.17618257273509,False,"[34.706758408848096, -89.2316735606779, 92.8073921513643, -72.19619084942495, 49.79730184335696, -36.95351028431969]","[19.762249396790914, -104.17618257273509, 77.86288313930712, -87.14069986148213, 34.85279283129978, -51.898019296376866]",50.144662427935764,5811000000
block-20260911T220948222664Z,/srv/bulk/samteway/lab-data/tracking-5ms-full-20260911-resume-v3/captures/block-20260911T220948222664Z-r2-A-1000us-control-20260911T221505.939329Z/run.json,A,1000,2,True,True,50.20690225019856,,1.035036733713138,"[0.023302333547315607, 0.2870208701356649, -0.06539955340350966, 0.30517079480860715, -0.08719527485904588, 0.16398087754888968]",0.30517079480860715,2.6059244269277944,True,"[1.4679344847208198, 0.2770139836477025, 2.9076368469479887, 0.9396207114231973, -0.6582677571467513, -1.5708876932146558]","[0.4328977510076816, -0.7580227500654356, 1.872600113234851, -0.09541602228994088, -1.6933044908598895, -2.6059244269277944]",0.9322750416004127,5811000000
block-20260911T220948222664Z,/srv/bulk/samteway/lab-data/tracking-5ms-full-20260911-resume-v3/captures/block-20260911T220948222664Z-r3-A-200us-control-20260911T221520.956212Z/run.json,A,200,3,True,True,100.10021847724886,,1.1902675061795123,"[-0.15092784607641632, -0.15692392603365435, 0.07390520809742185, 0.19516535699745416, -0.744852464213238, -0.9111891280349276]",0.9111891280349276,1.4794702960857022,True,"[1.161216829711535, 2.466516887101303, 2.270877196920376, 0.6439320287268854, -0.2892027899061898, 2.6019951255073304]","[-0.02905067646797753, 1.2762493809217907, 1.0806096907408633, -0.546335477452627, -1.4794702960857022, 1.4117276193278183]",0.6523356355808925,5811000000
block-20260911T220948222664Z,/srv/bulk/samteway/lab-data/tracking-5ms-full-20260911-resume-v3/captures/block-20260911T220948222664Z-r3-B-200us-20260911T221530.562743Z/run.json,B,200,3,False,False,,,5.889331750987686,"[-19.95625439346214, 9.511311948113523, 0.9379564349754826, -8.62562393997828, 3.8899196289703712, -2.3475301568418723]",19.95625439346214,94.91097878163632,False,"[23.37582233279623, -89.02164703064862, 72.96611912829474, -59.09035856235482, 51.10518548324767, -41.692609430399784]","[17.486490581808543, -94.91097878163632, 67.07678737730704, -64.9796903133425, 45.21585373225998, -47.58194118138747]",42.04959786275427,5811000000
block-20260911T220948222664Z,/srv/bulk/samteway/lab-data/tracking-5ms-full-20260911-resume-v3/captures/block-20260911T220948222664Z-r3-B-1000us-20260911T221545.931017Z/run.json,B,1000,3,False,False,50.205511347745336,,0.8737254783539039,"[-0.24135774212773933, 0.11160913704047437, -1.3108067997116373, -0.3029947825098907, -0.48544778901649493, -0.5828451056675598]",1.3108067997116373,4.543224352366816,False,"[1.2127884775039197, -0.4323762519517483, -2.856519325805405, 2.482344678235648, -3.6694988740129126, 0.03785167723230568]","[0.3390629991500158, -1.3061017303056521, -3.7302448041593093, 1.608619199881744, -4.543224352366816, -0.8358738011215983]",1.48170113049076,5811000000
block-20260911T220948222664Z,/srv/bulk/samteway/lab-data/tracking-5ms-full-20260911-resume-v3/captures/block-20260911T220948222664Z-r3-B-50us-20260911T221601.101876Z/run.json,B,50,3,False,False,,,-3.447752726431828,"[-13.329145877568521, 6.518768981697355, -1.037176785565272, -7.9756937936715815, 1.2709756408640622, -3.8960896111295344]",13.329145877568521,79.34991989910367,False,"[8.844858417303, -82.7976726255355, 57.479243752400905, -43.41620712778806, 41.128526461251425, -38.12611130522199]","[12.292611143734828, -79.34991989910367, 60.92699647883274, -39.96845440135623, 44.576279187683255, -34.67835857879016]",31.458554619132588,5811000000
block-20260911T220948222664Z,/srv/bulk/samteway/lab-data/tracking-5ms-full-20260911-resume-v3/captures/block-20260911T220948222664Z-r3-A-1000us-control-20260911T221616.225574Z/run.json,A,1000,3,True,False,50.200399761379266,,1.026436747660881,"[0.15611857113850963, 0.1955619533531873, -1.019123419136957, 0.28965167656689933, 0.30603048480751566, -0.7650836877454614]",1.019123419136957,4.613711955188588,False,"[1.4219462695113083, -0.8127626127930783, 2.610894246395641, 1.5997518784517182, -3.5872752075277057, 0.44399850271808794]","[0.3955095218504274, -1.8391993604539592, 1.5844574987347602, 0.5733151307908373, -4.613711955188588, -0.5824382449427931]",1.268002341688241,5811000000
block-20260911T220948222664Z,/srv/bulk/samteway/lab-data/tracking-5ms-full-20260911-resume-v3/captures/block-20260911T220948222664Z-r3-B-25us-20260911T221631.750269Z/run.json,B,25,3,False,False,,,-2.7639749162569136,"[-5.890620150870339, -1.3021686171696032, -3.7866780876853703, -4.417813379979362, -2.4299443029896683, -6.530529745012182]",6.530529745012182,52.779500698822815,False,"[1.0342407106068805, -55.543475615079736, 30.60322256082494, -7.946499054813922, 15.10201331009488, -18.266803931082077]","[3.798215626863795, -52.779500698822815, 33.36719747708185, -5.1825241385570076, 17.865988226351796, -15.50282901482516]",14.963359175706925,5811000000
block-20260911T220948222664Z,/srv/bulk/samteway/lab-data/tracking-5ms-full-20260911-resume-v3/captures/block-20260911T220948222664Z-r3-B-100us-20260911T221647.300528Z/run.json,B,100,3,False,False,100.40539289800509,,-0.4001479259394248,"[-0.500477547987068, -0.6555613388758614, -3.1767347722504184, -0.5385938771630948, -0.7858967224853574, -1.5354966365845537]",3.1767347722504184,2.8736862624289885,False,"[0.4171231387840959, -3.2738341883684137, -1.0413212505930003, -0.8525960364535278, -2.971296411709778, -2.263310284707656]","[0.8172710647235206, -2.8736862624289885, -0.6411733246535753, -0.452448110514103, -2.5711484857703533, -1.8631623587682313]",1.2226501791150086,5811000000
block-20260911T182124128635Z,/srv/bulk/samteway/lab-data/tracking-5ms-full-20260911-v1/captures/block-20260911T182124128635Z-r1-D-200us-20260911T182335.622343Z/run.json,D,200,1,False,True,1.494,,0.27995369469580694,"[-0.1949893678388451, -0.09262753393082215, -0.0983492255405877, -0.1693268574758935, -0.13507044443826074, -0.07081628874189512]",0.1949893678388451,1.208712175545419,True,"[-0.19486852533851834, 1.0712731468391867, 1.342964350364489, -0.1400478265551861, 1.4886658702412259, 0.558343728696704]","[-0.4748222200343253, 0.7913194521433798, 1.063010655668682, -0.42000152125099305, 1.208712175545419, 0.27839003400089707]",0.6248543063071004,915000000
block-20260911T182124128635Z,/srv/bulk/samteway/lab-data/tracking-5ms-full-20260911-v1/captures/block-20260911T182124128635Z-r1-D-1000us-20260911T182350.795060Z/run.json,D,1000,1,False,True,6.276999999999999,,0.371498265942104,"[-0.11678945775577, -0.18893388061125563, -0.009295930025620751, -0.08731850513789083, 0.4043454312355619, -0.07907596283364397]",0.4043454312355619,1.501332466285495,True,"[0.11091887875947262, 0.7822442990716393, 1.3548426562919325, 0.15844399325634048, -1.1298342003433908, 0.11156886401847321]","[-0.26057938718263146, 0.4107460331295352, 0.9833443903498286, -0.21305427268576355, -1.501332466285495, -0.2599294019236308]",0.5007476230740493,915000000
block-20260911T182124128635Z,/srv/bulk/samteway/lab-data/tracking-5ms-full-20260911-v1/captures/block-20260911T182124128635Z-r1-A-1000us-control-20260911T182400.877050Z/run.json,A,1000,1,True,True,6.278,,-0.11158126945514607,"[0.002861325314503763, 0.1405595475025932, -0.03368746953075027, -0.0178143541901014, -0.1717407686259488, -0.044249577232890434]",0.1717407686259488,1.8234841670785638,True,"[0.13745204502823147, 0.9702332585891958, 0.1420292795472417, -0.9426547707026736, -1.9350654365337097, -0.38834272918222884]","[0.24903331448337754, 1.0818145280443416, 0.2536105490023878, -0.8310735012475275, -1.8234841670785638, -0.27676145972708277]",0.5084870232083996,915000000
block-20260911T182124128635Z,/srv/bulk/samteway/lab-data/tracking-5ms-full-20260911-v1/captures/block-20260911T182124128635Z-r1-A-200us-control-20260911T182415.609517Z/run.json,A,200,1,True,True,1.494,,0.3569168021684857,"[-0.059131921962541786, -0.008782602878733945, -0.13081889100072058, -0.049913216288373356, -0.38902827289315256, 0.008712680060578324]",0.38902827289315256,1.967258138799639,True,"[0.7555141329307624, 1.2254955259989662, 0.6686648295877934, -0.8220572012981492, -1.610341336631153, 0.07976222328515392]","[0.3985973307622767, 0.8685787238304802, 0.3117480274193076, -1.1789740034666347, -1.967258138799639, -0.27715457888333184]",0.6476284889235402,915000000
block-20260911T182124128635Z,/srv/bulk/samteway/lab-data/tracking-5ms-full-20260911-v1/captures/block-20260911T182124128635Z-r2-A-200us-control-20260911T182424.821280Z/run.json,A,200,2,True,True,1.495,,-0.02408423338267021,"[-0.08253149356377215, -0.006449217388031955, -0.09800115416087174, -0.05899134146292839, -0.07535997059945342, -0.012604845196901193]",0.09800115416087174,0.8430131662439933,True,"[0.3179494288135281, -0.340809861756686, -0.47956535312969484, -0.4082814132170525, -0.8670973996266634, 0.17259248720524492]","[0.3420336621961983, -0.3167256283740158, -0.45548111974702465, -0.38419717983438234, -0.8430131662439933, 0.19667672058791516]",0.3630377054501175,915000000
block-20260911T182124128635Z,/srv/bulk/samteway/lab-data/tracking-5ms-full-20260911-v1/captures/block-20260911T182124128635Z-r2-D-1000us-20260911T182439.660636Z/run.json,D,1000,2,False,True,6.276999999999999,,0.07157558247954988,"[0.00375551233293, 0.043298154131482795, -0.03946451580599301, -0.06618065470566191, -0.06682493556918612, 0.07883271446988704]",0.07883271446988704,1.6364139109318578,True,"[0.021129628013877886, 0.6219877649154517, 0.7670429296598164, -0.11636743415833921, -1.5648383284523077, -0.525545419806285]","[-0.05044595446567199, 0.5504121824359018, 0.6954673471802665, -0.1879430166378891, -1.6364139109318578, -0.5971210022858348]",0.42751046507045753,915000000
block-20260911T182124128635Z,/srv/bulk/samteway/lab-data/tracking-5ms-full-20260911-v1/captures/block-20260911T182124128635Z-r2-D-200us-20260911T182456.345297Z/run.json,D,200,2,False,True,1.494,,-0.033299200968079395,"[-0.04558002675492204, -0.0749199907998889, 0.01576036069167777, -0.07418146536087133, 0.44657612213878184, 0.02758600868600724]",0.44657612213878184,0.7683133339935511,True,"[-0.5593754715121471, -0.48159291817250527, 0.7350141330254718, 0.26627520483352696, -0.0716770107989269, 0.33719021054281284]","[-0.5260762705440676, -0.4482937172044259, 0.7683133339935511, 0.2995744058016064, -0.0383778098308475, 0.37048941151089215]",0.5237392633071578,915000000
block-20260911T182124128635Z,/srv/bulk/samteway/lab-data/tracking-5ms-full-20260911-v1/captures/block-20260911T182124128635Z-r2-A-1000us-control-20260911T182511.830097Z/run.json,A,1000,2,True,True,6.276,,-0.2401205682475349,"[-0.05731800435984266, 0.07165512151982167, -0.05930082861066544, -0.04796946666485638, -0.10409462444149782, 0.07207867341483748]",0.10409462444149782,0.526597136995015,True,"[-0.15332696786181146, -0.021829141983599233, -0.04024228697334409, -0.7667177052425499, 0.24715264080321125, -0.18199430640805178]","[0.08679360038572341, 0.21829142626393563, 0.1998782812741908, -0.526597136995015, 0.48727320905074606, 0.05812626183948309]",0.25738275152656026,915000000
block-20260911T182124128635Z,/srv/bulk/samteway/lab-data/tracking-5ms-full-20260911-v1/captures/block-20260911T182124128635Z-r3-D-1000us-20260911T182522.569112Z/run.json,D,1000,3,False,True,6.276,,-0.15383899799580125,"[-0.04814204930092828, 0.018825751076599284, 0.03220937829721013, -0.13342522828972195, 0.213062756821811, -0.009835946574792528]",0.213062756821811,1.5433908296114065,True,"[-0.6349120055286094, -0.9468449886390101, 0.789541858122778, 0.044696499798097686, 1.3895518316156055, 0.01694610524636714]","[-0.4810730075328081, -0.7930059906432091, 0.9433808561185791, 0.19853549779389892, 1.5433908296114065, 0.17078510324216842]",0.5691204225615424,915000000
block-20260911T182124128635Z,/srv/bulk/samteway/lab-data/tracking-5ms-full-20260911-v1/captures/block-20260911T182124128635Z-r3-A-1000us-control-20260911T182533.682709Z/run.json,A,1000,3,True,True,6.276999999999999,,-0.30872532421350635,"[0.04913650992987927, 0.10247344901128941, -0.08877533219242234, -0.03610140483401632, -0.29275334395718783, 0.003639457766371225]",0.29275334395718783,1.4585625132467301,True,"[0.045638359266505515, -0.3874031140064152, -0.4254638100905293, -0.7944548979230711, -1.7672878374602363, -0.5011667576758276]","[0.3543636834800119, -0.07867778979290888, -0.11673848587702296, -0.48572957370956477, -1.4585625132467301, -0.19244143346232126]",0.34952977789539746,915000000
block-20260911T182124128635Z,/srv/bulk/samteway/lab-data/tracking-5ms-full-20260911-v1/captures/block-20260911T182124128635Z-r3-A-200us-control-20260911T182548.325405Z/run.json,A,200,3,True,True,1.494,,-0.09519966424328108,"[-0.10746843835692228, -0.022194988358854233, -0.10630253010424486, -0.09887022008288547, 0.04520331170548847, -0.08366067310020563]",0.10746843835692228,3.8068925452110434,True,"[-0.01363614359501633, -0.9830113491564744, -0.6371220293903157, -0.15277250433621717, 3.711692880967762, 0.5236634349749759]","[0.08156352064826476, -0.8878116849131935, -0.5419223651470346, -0.05757284009293608, 3.8068925452110434, 0.618863099218257]",0.5111156347584692,915000000
block-20260911T182124128635Z,/srv/bulk/samteway/lab-data/tracking-5ms-full-20260911-v1/captures/block-20260911T182124128635Z-r3-D-200us-20260911T182557.383425Z/run.json,D,200,3,False,True,1.494,,-0.043173871241931484,"[-0.1357037731892965, -0.20619552045073708, -0.07344689627221257, -0.17835377380042042, 0.3662518926630786, -0.14062238138524075]",0.3662518926630786,5.320471055437171,True,"[-0.8062552279686119, -0.9702567344183818, 0.39224267579516375, 0.6729702945642534, 5.2772971841952385, 0.8109976821279504]","[-0.7630813567266804, -0.9270828631764504, 0.43541654703709526, 0.7161441658061848, 5.320471055437171, 0.8541715533698817]",0.8624621428992456,915000000
block-20260911T182851799643Z,/srv/bulk/samteway/lab-data/tracking-5ms-full-20260911-v1/captures/block-20260911T182851799643Z-r1-B-200us-20260911T183101.452874Z/run.json,B,200,1,False,True,1.494,,-0.3326310213581378,"[-0.04988338247474227, 0.15811704682608474, -0.062108638992817496, -0.026931468369468595, -0.8818262318095613, 0.10518324193877154]",0.8818262318095613,5.741687670020346,True,"[-0.4648952961294304, 1.1453465123016262, 0.31805892066903196, -0.8221894719307854, -6.074318691378483, -0.33000185947644095]","[-0.13226427477129266, 1.477977533659764, 0.6506899420271698, -0.48955845057264746, -5.741687670020346, 0.0026291618816968584]",0.6838973955650579,915000000
block-20260911T182851799643Z,/srv/bulk/samteway/lab-data/tracking-5ms-full-20260911-v1/captures/block-20260911T182851799643Z-r1-B-1000us-20260911T183117.542728Z/run.json,B,1000,1,False,True,6.276,,-0.1389140625312705,"[-0.09294419688589528, 0.0642823751450402, 0.054831766735239484, -0.05915547135744037, -0.11064704781191405, 0.022954764647223833]",0.11064704781191405,1.747441305470869,True,"[-0.3955505850931173, -1.2188550803637488, 0.2989191202910429, 0.11536950452625404, -1.8863553680021397, 0.1791010839261708]","[-0.2566365225618468, -1.0799410178324784, 0.43783318282231337, 0.25428356705752453, -1.747441305470869, 0.3180151464574413]",0.4088281483399117,915000000
block-20260911T182851799643Z,/srv/bulk/samteway/lab-data/tracking-5ms-full-20260911-v1/captures/block-20260911T182851799643Z-r1-A-1000us-control-20260911T183128.373694Z/run.json,A,1000,1,True,True,6.276999999999999,,0.4640633159389172,"[-0.010067943667116754, 0.0549304790542443, 0.02705711078178076, -0.13368020169144432, 0.33205048373733276, -0.09657825097167719]",0.33205048373733276,8.069544161505954,True,"[0.30911092457062483, -0.3997880373104616, 0.45920557707850373, 1.0666968164860264, 8.533607477444871, 0.04077066945674344]","[-0.15495239136829236, -0.8638513532493789, -0.004857738860413369, 0.6026335005471092, 8.069544161505954, -0.42329264648217374]",0.7764561942849963,915000000
block-20260911T182851799643Z,/srv/bulk/samteway/lab-data/tracking-5ms-full-20260911-v1/captures/block-20260911T182851799643Z-r1-A-200us-control-20260911T183143.051260Z/run.json,A,200,1,True,True,1.494,,0.13134375523713396,"[0.010237065390660084, 0.01578041505678303, 0.021615903182774492, -0.11611903467146784, 0.16620922712322156, -0.11836200134934054]",0.16620922712322156,7.281601606099982,True,"[0.004019463188213241, -0.8112960906930979, 0.1787134058252822, 0.7561366442438691, 7.4129453613371155, -0.40385643328678605]","[-0.12732429204892068, -0.9426398459302318, 0.047369650588148265, 0.624792889006735, 7.281601606099982, -0.5352001885239199]",0.7357687043829724,915000000
block-20260911T182851799643Z,/srv/bulk/samteway/lab-data/tracking-5ms-full-20260911-v1/captures/block-20260911T182851799643Z-r2-A-200us-control-20260911T183152.295527Z/run.json,A,200,2,True,False,1.494,,0.18180547184813556,"[-0.05336742395292519, 0.08694930953789817, -0.0549743880614072, -0.1113036738661667, 0.43897879431481646, -0.06898691171364618]",0.43897879431481646,10.554709771925438,False,"[-0.009120995909394492, -0.6285234809505492, -0.22318286874685736, 0.8390923635950699, 10.736515243773574, 0.15965920547956813]","[-0.19092646775753006, -0.810328952798685, -0.4049883405949929, 0.6572868917469342, 10.554709771925438, -0.022146266368567404]",0.974695286484318,915000000
block-20260911T182851799643Z,/srv/bulk/samteway/lab-data/tracking-5ms-full-20260911-v1/captures/block-20260911T182851799643Z-r2-B-1000us-20260911T183207.170434Z/run.json,B,1000,2,False,True,6.276,,-0.11750706896564832,"[-0.0550618509897685, 0.11057088201507856, -0.06917237760940277, -0.0033395616732777955, -0.31963752220761693, 0.03171593298955237]",0.31963752220761693,5.583541614948866,True,"[-0.03261840187459759, -0.13384130951639692, 0.12490581262054452, -0.64740215827278, -5.7010486839145145, 0.2867165963799737]","[0.08488866709105077, -0.01633424055074856, 0.24241288158619287, -0.5298950893071317, -5.583541614948866, 0.404223665345622]",0.5585152685451567,915000000
block-20260911T182851799643Z,/srv/bulk/samteway/lab-data/tracking-5ms-full-20260911-v1/captures/block-20260911T182851799643Z-r2-B-200us-20260911T183223.723595Z/run.json,B,200,2,False,True,1.494,,-0.30031323926318704,"[-0.04525012133327593, 0.14747393673057693, -0.07415355182163966, 0.028423878567304633, -0.4259708908645204, 0.09496567920502694]",0.4259708908645204,6.6075062140354985,True,"[-0.3826384728287851, 0.2980659359935923, -0.14555304888168819, -0.7177021954728618, -6.907819453298686, 0.412922425588153]","[-0.08232523356559796, 0.5983791752567793, 0.1547601903814989, -0.41738895620967476, -6.6075062140354985, 0.7132356648513402]",0.664400868174483,915000000
block-20260911T182851799643Z,/srv/bulk/samteway/lab-data/tracking-5ms-full-20260911-v1/captures/block-20260911T182851799643Z-r2-A-1000us-control-20260911T183239.972773Z/run.json,A,1000,2,True,True,6.276999999999999,,-0.02170748707821792,"[-0.012656468949255107, 0.05871998596532479, -0.11140214878849343, -0.02616090274597821, -0.14242975582217612, 0.021105278380852223]",0.14242975582217612,1.8705131787415397,True,"[0.01486180122345396, 1.4296045581968873, -0.10750325261940936, -0.179872636051667, 1.8488056916633218, -0.3821590465963859]","[0.03656928830167187, 1.451312045275105, -0.08579576554119145, -0.1581651489734491, 1.8705131787415397, -0.36045155951816793]",0.38751422862410806,915000000
block-20260911T182851799643Z,/srv/bulk/samteway/lab-data/tracking-5ms-full-20260911-v1/captures/block-20260911T182851799643Z-r3-B-1000us-20260911T183249.720906Z/run.json,B,1000,3,False,True,6.276999999999999,,-0.22324655170913207,"[-0.07767287853288946, 0.12277435671195619, -0.07043429096668805, -0.03358025943954324, -0.8472714526331893, 0.008932706051585375]",0.8472714526331893,5.118128429228479,True,"[-0.24363149581217655, 0.6615330478830294, -0.01919872319506847, -0.6682716850214011, -5.341374980937611, 0.11508015987202522]","[-0.020384944103044502, 0.8847795995921615, 0.2040478285140636, -0.445025133312269, -5.118128429228479, 0.33832671158115735]",0.5337767955524165,915000000
block-20260911T182851799643Z,/srv/bulk/samteway/lab-data/tracking-5ms-full-20260911-v1/captures/block-20260911T182851799643Z-r3-A-1000us-control-20260911T183301.286086Z/run.json,A,1000,3,True,True,6.276999999999999,,0.19428109221704074,"[-0.0234376473847373, 0.07433590407541704, -0.057855423997575386, -0.07120983041375288, 0.28527626204080025, -0.07861798654029821]",0.28527626204080025,2.482642014563493,True,"[0.2409211936174698, 0.6309315350702215, -0.4020158562529627, 0.2722076649166325, 2.6769231067805337, 0.44162113404878556]","[0.04664010140042909, 0.4366504428531807, -0.5962969484700034, 0.0779265726995918, 2.482642014563493, 0.24734004183174482]",0.35892821333466396,915000000
block-20260911T182851799643Z,/srv/bulk/samteway/lab-data/tracking-5ms-full-20260911-v1/captures/block-20260911T182851799643Z-r3-A-200us-control-20260911T183315.941722Z/run.json,A,200,3,True,True,1.494,,-0.2944319294204319,"[0.0027921824973787895, 0.10066292717594351, 0.05007513070737972, 0.019482900898732718, 0.09595734123137926, -0.010084934982100918]",0.10066292717594351,1.7672086885788505,True,"[-0.49986741219684044, 1.4727767591584184, -0.5632201741898931, -0.15937101807077375, 1.1188009693718644, -0.16786362064137325]","[-0.20543548277640858, 1.7672086885788505, -0.26878824476946117, 0.13506091134965822, 1.4132328987922962, 0.1265683087790587]",0.4463491492389538,915000000
block-20260911T182851799643Z,/srv/bulk/samteway/lab-data/tracking-5ms-full-20260911-v1/captures/block-20260911T182851799643Z-r3-B-200us-20260911T183325.540189Z/run.json,B,200,3,False,True,1.494,,-0.111477280464055,"[-0.10436178057211934, 0.06103784502623388, -0.038685464178561065, -0.11404571504457603, -0.0744037394251141, -0.10927017051189733]",0.11404571504457603,1.288790907776732,True,"[-0.41903585820866357, -1.4002681882407872, -0.1664738396269218, 0.2637204582125282, -0.0408999394527464, 0.7993947120982348]","[-0.3075585777446086, -1.288790907776732, -0.054996559162866825, 0.3751977386765832, 0.0705773410113086, 0.9108719925622896]",0.5167749763718058,915000000
block-20260911T183613359169Z,/srv/bulk/samteway/lab-data/tracking-5ms-full-20260911-v1/captures/block-20260911T183613359169Z-r1-D-1000us-20260911T183819.137500Z/run.json,D,1000,1,False,False,,,1.5365482887546276,"[-2.511597339819849, 0.7117162331742187, 6.251656107974476, -3.7556631026013125, -7.442613365777317, -7.72106662756519]",7.72106662756519,58.81934042434134,False,"[-31.105774979118536, -1.9644556385491223, 60.35588871309597, 28.748499932192182, -22.225563600650755, 12.05460277009296]","[-32.64232326787317, -3.5010039273037497, 58.81934042434134, 27.211951643437555, -23.762111889405382, 10.518054481338332]",27.530621894113413,2475000000
block-20260911T183613359169Z,/srv/bulk/samteway/lab-data/tracking-5ms-full-20260911-v1/captures/block-20260911T183613359169Z-r1-D-50us-20260911T183835.215771Z/run.json,D,50,1,False,False,,,135.7858152980492,"[-23.426930533168957, -6.865698888688851, -0.5594177340823158, -6.7591373688670995, 9.032326667109933, -8.102783493259768]",23.426930533168957,143.43332943952578,False,"[-80.78085526242505, 137.23147559706126, 163.74235473890792, 24.137521984993647, -141.73567345041167, 82.38698618086569]","[143.43332943952578, 1.4456602990120544, 27.956539440858734, -111.64829331305555, 82.47851125153916, -53.398829117183496]",91.69415659129183,2475000000
block-20260911T183613359169Z,/srv/bulk/samteway/lab-data/tracking-5ms-full-20260911-v1/captures/block-20260911T183613359169Z-r1-D-25us-20260911T183850.809086Z/run.json,D,25,1,False,False,,,-79.46890279893822,"[-18.615979925247945, 1.806615079374839, -2.629020867098228, -10.760030312609867, 12.472162847956918, -16.426354395043607]",18.615979925247945,174.8658997443933,False,"[-84.41477680902608, -107.40843129622338, 105.66519745666851, 18.80872862697801, -146.1749044332075, 73.9416936229641]","[-4.945874010087856, -27.93952849728517, -174.8658997443933, 98.27763142591623, -66.70600163426928, 153.4105964219023]",77.85660887917597,2475000000
block-20260911T183613359169Z,/srv/bulk/samteway/lab-data/tracking-5ms-full-20260911-v1/captures/block-20260911T183613359169Z-r1-A-200us-control-20260911T183907.323058Z/run.json,A,200,1,True,False,1.4945282547380083,,-2.250182652906465,"[-0.46017924162269686, -1.0767671970148547, 0.454210789668133, 0.3435605692140883, -7.308363568675064, -2.3805533517063964]",7.308363568675064,2.050053406418425,False,"[-4.30023605932489, -0.5123468518122235, -0.6646692870977267, -3.6452293447329547, -2.9494688233131514, -1.1851926958184598]","[-2.050053406418425, 1.7378358010942416, 1.5855133658087381, -1.3950466918264899, -0.6992861704066863, 1.064989957088005]",1.722084277315375,2475000000
block-20260911T183613359169Z,/srv/bulk/samteway/lab-data/tracking-5ms-full-20260911-v1/captures/block-20260911T183613359169Z-r1-D-200us-20260911T183916.767210Z/run.json,D,200,1,False,False,,,83.42795567976326,"[-24.99753724524833, -2.29263531519191, 10.247991629823547, -8.62487706527958, 11.133578269862596, -21.67635129214558]",24.99753724524833,145.71074475757027,False,"[-54.71210735289694, 138.3257937148151, 93.56294082986938, 5.741152912004778, -130.8612995626665, 164.01248470256164]","[-138.1400630326602, 54.89783803505183, 10.134985150106129, -77.68680276775848, 145.71074475757027, 80.58452902279838]",90.1575261678258,2475000000
block-20260911T183613359169Z,/srv/bulk/samteway/lab-data/tracking-5ms-full-20260911-v1/captures/block-20260911T183613359169Z-r1-D-100us-20260911T183932.298625Z/run.json,D,100,1,False,False,,,-1.6166065881705116,"[-4.23804471774273, -0.6381283771850297, 4.957011899918511, -5.366293966371554, -4.64251820811084, -9.67797090608816]",9.67797090608816,62.95543535030594,False,"[-40.88285115781765, -4.307676569921687, 61.33882876213543, 30.839808671214367, -21.246042346882152, 9.346945342320923]","[-39.266244569647135, -2.6910699817511756, 62.95543535030594, 32.45641525938488, -19.629435758711637, 10.963551930491438]",31.486170155940066,2475000000
block-20260911T183613359169Z,/srv/bulk/samteway/lab-data/tracking-5ms-full-20260911-v1/captures/block-20260911T183613359169Z-r1-A-1000us-control-20260911T183947.661560Z/run.json,A,1000,1,True,False,6.277133482213274,,-0.1300543004096919,"[0.06107700225070665, -0.45052376393947935, 0.36068604738548293, 0.06514288818308735, -6.209664917121271, -1.602452970456756]",6.209664917121271,6.790975061405379,False,"[-2.0120810152080466, -0.17862686202098238, 0.7627168666955799, 1.9467128249849865, 6.660920760995687, -1.02546641092471]","[-1.8820267147983547, -0.048572561611290484, 0.8927711671052718, 2.076767125394678, 6.790975061405379, -0.8954121105150181]",1.5732390378667196,2475000000
block-20260911T183613359169Z,/srv/bulk/samteway/lab-data/tracking-5ms-full-20260911-v1/captures/block-20260911T183613359169Z-r2-D-25us-20260911T184002.122695Z/run.json,D,25,2,False,False,,,-117.47284298744415,"[-18.848753836673463, -11.847498620119774, 7.713158184234375, -16.5048103923989, 7.413568572230047, -11.311129693821302]",18.848753836673463,90.3385086851789,False,"[-67.99862327957385, -164.09677123784286, -55.25004927603257, -105.6254127669538, -132.5068500548307, 152.188648327377]","[49.47421970787031, -46.62392825039869, 62.22279371141158, 11.847430220490349, -15.034007067386542, -90.3385086851789]",47.36761186154551,2475000000
block-20260911T183613359169Z,/srv/bulk/samteway/lab-data/tracking-5ms-full-20260911-v1/captures/block-20260911T183613359169Z-r2-D-50us-20260911T184017.938224Z/run.json,D,50,2,False,False,,,-4.267823855197854,"[-10.231481003725953, -4.611426737495077, 3.205389896648219, -9.324447962923399, -5.026650181125741, -12.852387919781986]",12.852387919781986,117.29073489429156,False,"[-61.22063582756094, -4.902961716156322, 76.14074859640662, 37.138570379997034, -121.5585587494894, 27.054112942991203]","[-56.95281197236309, -0.6351378609584684, 80.40857245160448, 41.406394235194895, -117.29073489429156, 31.321936798189057]",44.70976772449044,2475000000
block-20260911T183613359169Z,/srv/bulk/samteway/lab-data/tracking-5ms-full-20260911-v1/captures/block-20260911T183613359169Z-r2-A-1000us-control-20260911T184033.242530Z/run.json,A,1000,2,True,False,,,-54.1050674646496,"[-16.60824884782158, -10.184245576112525, 1.6817684708330076, 0.8784003620465246, 8.285169455853286, 4.998119109001521]",16.60824884782158,117.11333006905619,False,"[-68.71835783756731, -62.88721522875403, -171.2183975337058, 5.26998284777513, -118.42539519657838, 62.51943992744099]","[-14.613290372917723, -8.78214776410443, -117.11333006905619, 59.37505031242472, -64.32032773192877, 116.62450739209056]",51.71573080587559,2475000000
block-20260911T183613359169Z,/srv/bulk/samteway/lab-data/tracking-5ms-full-20260911-v1/captures/block-20260911T183613359169Z-r2-D-100us-20260911T184047.618420Z/run.json,D,100,2,False,False,,,3.6155115010600722,"[-4.215327452267625, -1.3473504313733131, 3.7994382121132837, -6.899299752631693, -0.6344043876205391, -7.709525988464297]",7.709525988464297,62.97647747836825,False,"[-26.871764522215074, -2.7910461968073346, 66.59198897942832, 35.07342223544052, -38.9407403585801, 11.061744310879348]","[-30.487276023275143, -6.406557697867408, 62.97647747836825, 31.457910734380448, -42.55625185964018, 7.446232809819276]",28.94521416996822,2475000000
block-20260911T183613359169Z,/srv/bulk/samteway/lab-data/tracking-5ms-full-20260911-v1/captures/block-20260911T183613359169Z-r2-D-1000us-20260911T184103.234449Z/run.json,D,1000,2,False,False,6.276875186038471,,-4.704140332706746,"[-3.516191700802229, 0.31207380048059447, 5.902159415209609, -4.387757278282002, -6.726428359123452, -8.570744808124397]",8.570744808124397,66.50159374196325,False,"[-50.95404757827965, -5.70114254703519, 61.797453409256505, 30.89375281173174, -18.145829089280987, 6.93563366529865]","[-46.249907245572906, -0.9970022143284435, 66.50159374196325, 35.59789314443848, -13.441688756574244, 11.639773998005396]",35.12110210318147,2475000000
block-20260911T183613359169Z,/srv/bulk/samteway/lab-data/tracking-5ms-full-20260911-v1/captures/block-20260911T183613359169Z-r2-A-200us-control-20260911T184119.184077Z/run.json,A,200,2,True,False,1.4945148233685461,,-0.054956506846403075,"[-0.37743437581053246, -0.6596073935451161, 0.4356649785085598, 0.23211069688608335, -7.100531374963612, -2.166126142958347]",7.100531374963612,8.607027460829421,False,"[-1.0601434937002414, -1.1514707151146144, 0.5521418711070007, 2.7283174675034787, 8.552070953983021, -0.49603205686950086]","[-1.0051869868538383, -1.0965142082682113, 0.6070983779534038, 2.783273974349882, 8.607027460829421, -0.44107555002309784]",1.7855845575469018,2475000000
block-20260911T183613359169Z,/srv/bulk/samteway/lab-data/tracking-5ms-full-20260911-v1/captures/block-20260911T183613359169Z-r2-D-200us-20260911T184128.110804Z/run.json,D,200,2,False,False,,,58.50952762346364,"[-3.468190063695509, -13.428330680342967, -0.31140385689969013, -4.404134716136978, 1.750752931397384, -10.390353436430624]",13.428330680342967,149.6839374655744,False,"[78.7876768724048, 74.32673668908367, 55.540414525002035, -2.903113629037131, -91.17440984211076, 44.66579166694306]","[20.278149248941165, 15.817209065620046, -2.969113098461603, -61.41264125250077, -149.6839374655744, -13.843735956520582]",35.14073945732422,2475000000
block-20260911T183613359169Z,/srv/bulk/samteway/lab-data/tracking-5ms-full-20260911-v1/captures/block-20260911T183613359169Z-r3-D-100us-20260911T184143.943430Z/run.json,D,100,3,False,False,,,-7.716356956438904,"[6.567896516626131, -5.664216589603678, 3.635393775881473, -2.3659644613729567, 6.69215865859498, -0.4881170468569229]",6.69215865859498,59.033385102589676,False,"[-5.769751869222456, 12.391565401348807, -66.74974205902858, -29.228186042871382, -24.865265531503123, 7.152093713155836]","[1.9466050872164473, 20.10792235778771, -59.033385102589676, -21.51182908643248, -17.14890857506422, 14.868450669594738]",23.77872867784636,2475000000
block-20260911T183613359169Z,/srv/bulk/samteway/lab-data/tracking-5ms-full-20260911-v1/captures/block-20260911T183613359169Z-r3-A-200us-control-20260911T184159.627499Z/run.json,A,200,3,True,False,,,33.50318154081014,"[-22.105475797400924, -3.536307624269032, 4.046965443137175, -4.929089313009834, 11.303687771042341, -10.739046815232117]",22.105475797400924,144.64250987075891,False,"[-3.0344567860314813, 155.41633761646915, 32.465890871689126, -28.82719237202042, -107.15064948421139, 178.14569141156906]","[-36.53763832684162, 121.91315607565899, -1.0372906691210217, -62.33037391283057, -140.65383102502153, 144.64250987075891]",89.45511973150917,2475000000
block-20260911T183613359169Z,/srv/bulk/samteway/lab-data/tracking-5ms-full-20260911-v1/captures/block-20260911T183613359169Z-r3-D-1000us-20260911T184214.160241Z/run.json,D,1000,3,False,False,6.275881020039079,,-3.5596528747165754,"[-2.97516410846693, 0.5386938355074198, 6.113242052947028, -4.218919144197688, -5.797977303444739, -8.379437905022515]",8.379437905022515,63.36696291918516,False,"[-46.20974360058136, -6.399621846695, 59.807310044468586, 32.955746338526254, -15.27981228012288, 6.896895802915908]","[-42.65009072586479, -2.8399689719784247, 63.36696291918516, 36.51539921324283, -11.720159405406303, 10.456548677632485]",33.53979381863731,2475000000
block-20260911T183613359169Z,/srv/bulk/samteway/lab-data/tracking-5ms-full-20260911-v1/captures/block-20260911T183613359169Z-r3-D-25us-20260911T184230.874129Z/run.json,D,25,3,False,False,,,-0.12078893890565431,"[-8.968861438973335, -5.987331505067786, 2.3136237310013734, -9.8126398960574, -7.840191841740033, -16.25794549619647]",16.25794549619647,73.07516225462248,False,"[-45.01037167247792, -0.2687482105574238, 72.95437331571682, 34.97989549483581, -57.62314178967611, 5.106118521638956]","[-44.88958273357227, -0.14795927165176948, 73.07516225462248, 35.10068443374146, -57.502352850770464, 5.226907460544611]",36.099380013582675,2475000000
block-20260911T183613359169Z,/srv/bulk/samteway/lab-data/tracking-5ms-full-20260911-v1/captures/block-20260911T183613359169Z-r3-A-1000us-control-20260911T184247.665824Z/run.json,A,1000,3,True,False,6.276228816264935,,-2.0212729739312194,"[0.09935675329625386, -0.038284834161753684, 0.7101132742863066, 0.5522537997743872, -6.178402735495729, -1.1016118759345113]",6.178402735495729,12.530492813842283,False,"[-3.8035359621486498, -2.4525170950899677, -1.3460319637223095, 0.7815220966438314, 10.509219839911065, -4.505572387731598]","[-1.7822629882174303, -0.43124412115874866, 0.6752410102089097, 2.802795070575051, 12.530492813842283, -2.4842994138003784]",2.1581451380419647,2475000000
block-20260911T183613359169Z,/srv/bulk/samteway/lab-data/tracking-5ms-full-20260911-v1/captures/block-20260911T183613359169Z-r3-D-50us-20260911T184302.101757Z/run.json,D,50,3,False,False,,,33.08359710452313,"[-1.906841722732207, -9.727077001499564, 1.0280153322252419, -24.622535716108082, -4.604720651990764, -13.444116130985819]",24.622535716108082,178.536723115247,False,"[20.94512148010639, 1.9628733804459013, 89.74920852593074, 139.3665745507449, -145.4531260107239, 18.369860799453143]","[-12.138475624416738, -31.12072372407723, 56.6656114214076, 106.28297744622175, -178.536723115247, -14.713736305069984]",57.79754297616219,2475000000
block-20260911T183613359169Z,/srv/bulk/samteway/lab-data/tracking-5ms-full-20260911-v1/captures/block-20260911T183613359169Z-r3-D-200us-20260911T184318.156551Z/run.json,D,200,3,False,False,1.494582556934609,,-4.844604616365767,"[-3.6234431417183814, 0.3563876950747629, 5.744284733918558, -4.942503657892347, -4.191114494676958, -8.676949721721163]",8.676949721721163,66.00874760840269,False,"[-50.78144955258117, -6.319763523768056, 61.164142992036915, 31.55940939384097, -8.753162820180744, 4.611492824244343]","[-45.93684493621541, -1.4751589074022888, 66.00874760840269, 36.40401401020674, -3.9085582038149767, 9.45609744061011]",35.04285491984714,2475000000
block-20260911T184646814791Z,/srv/bulk/samteway/lab-data/tracking-5ms-full-20260911-v1/captures/block-20260911T184646814791Z-r1-B-1000us-20260911T184855.512062Z/run.json,B,1000,1,False,False,,,-11.535752186578314,"[-0.6541185445896734, -1.4001216322068732, -3.369627132126936, -1.2472964981583603, 7.803319528658101, 1.3205623330392546]",3.369627132126936,14.34193788569985,False,"[-12.985807701466976, -0.20333108209660497, 2.806185699121534, -15.328599508653692, 19.601167006119518, -0.29831289568372665]","[-1.4500555148886631, 11.332421104481707, 14.34193788569985, -3.7928473220753784, 31.136919192697825, 11.237439290894585]",4.769897335678493,2475000000
block-20260911T184646814791Z,/srv/bulk/samteway/lab-data/tracking-5ms-full-20260911-v1/captures/block-20260911T184646814791Z-r1-B-50us-20260911T184911.894966Z/run.json,B,50,1,False,False,,,-23.515166060466186,"[-4.5483813516162055, -2.130524606895365, -1.3468498815279526, -2.8775317234733695, -3.7328805287660676, -3.1542036072338036]",4.5483813516162055,30.008524752815163,False,"[-30.590748414101622, -0.34900610137002613, 6.493358692348972, 1.83778980591257, 9.961891337079502, -0.5444001380574558]","[-7.075582353635438, 23.166159959096163, 30.008524752815163, 25.352955866378753, 33.477057397545686, 22.97076592240873]",13.578135736707171,2475000000
block-20260911T184646814791Z,/srv/bulk/samteway/lab-data/tracking-5ms-full-20260911-v1/captures/block-20260911T184646814791Z-r1-B-25us-20260911T184927.432366Z/run.json,B,25,1,False,False,,,21.390617086442195,"[-0.8931928619864582, -5.0674948400293545, -11.398264766359025, -10.071742449830065, 9.133687514593603, -1.1763396632909289]",11.398264766359025,70.45128579827896,False,"[29.388075521840268, 10.543252594398425, 28.00527168739335, -49.06066871183677, 8.632292881840826, 3.0729968676598616]","[7.997458435398071, -10.84736449204377, 6.614654600951156, -70.45128579827896, -12.75832420460137, -18.317620218782334]",23.798058801442696,2475000000
block-20260911T184646814791Z,/srv/bulk/samteway/lab-data/tracking-5ms-full-20260911-v1/captures/block-20260911T184646814791Z-r1-A-200us-control-20260911T184942.777596Z/run.json,A,200,1,True,False,1.4945787408912015,,-89.61232241806479,"[-9.12904041962433, 2.6383127370598185, -1.1692248332417354, -1.1617441602003378, 1.697135537610587, -0.5781868692451926]",9.12904041962433,91.0256042542516,False,"[-106.24273846911676, -6.939532919336261, 1.4132818361868142, -3.844698660909331, -6.970010823398515, -2.4530865778781266]","[-16.630416051051977, 82.67278949872852, 91.0256042542516, 85.76762375715545, 82.64231159466628, 87.15923584018667]",43.14198793687811,2475000000
block-20260911T184646814791Z,/srv/bulk/samteway/lab-data/tracking-5ms-full-20260911-v1/captures/block-20260911T184646814791Z-r1-B-200us-20260911T184951.717209Z/run.json,B,200,1,False,False,,,-13.352436969845256,"[-26.146969715699484, -4.374770097046134, 2.89765417558875, -4.542868115816778, 16.74568365156642, -14.558596180923729]",26.146969715699484,155.6851170413846,False,"[-17.142441336451096, 142.33268007153933, 37.06833905793631, -22.27769441016048, -116.4390393319567, 121.71144779706118]","[-3.7900043666058396, 155.6851170413846, 50.42077602778157, -8.925257440315223, -103.08660236211145, 135.06388476690645]",44.903933614738605,2475000000
block-20260911T184646814791Z,/srv/bulk/samteway/lab-data/tracking-5ms-full-20260911-v1/captures/block-20260911T184646814791Z-r1-B-100us-20260911T185007.536715Z/run.json,B,100,1,False,False,,,0.39758660930547357,"[-4.808573184695749, -3.871034963194412, -4.8334059523411845, -2.632585490163118, 6.0032162321281515, -0.8197606904086963]",4.8334059523411845,15.577660488140316,False,"[2.34315953725732, 1.5940461244973096, -0.38693878548930133, -15.180073878834841, 7.923233350201997, -0.47495630602897837]","[1.9455729279518463, 1.196459515191836, -0.7845253947947749, -15.577660488140316, 7.525646740896524, -0.8725429153344519]",5.261670963282322,2475000000
block-20260911T184646814791Z,/srv/bulk/samteway/lab-data/tracking-5ms-full-20260911-v1/captures/block-20260911T184646814791Z-r1-A-1000us-control-20260911T185022.991728Z/run.json,A,1000,1,True,False,,,-80.47773245025508,"[-10.386336010841074, 1.8492344545921862, -2.2565068347161565, -0.574179451549675, 3.6387198197245145, -0.2548102149668821]",10.386336010841074,78.83893358049441,False,"[-96.19885528269637, -5.129970449781085, -3.133073542249591, -15.192634235474282, -0.5039199819362183, -1.6387988697606695]","[-15.721122832441292, 75.34776200047399, 77.34465890800548, 65.2850982147808, 79.97381246831887, 78.83893358049441]",36.55657861906917,2475000000
block-20260911T184646814791Z,/srv/bulk/samteway/lab-data/tracking-5ms-full-20260911-v1/captures/block-20260911T184646814791Z-r2-B-25us-20260911T185037.676230Z/run.json,B,25,2,False,False,,,-50.19915741987055,"[-20.46921587177763, -10.761367109190228, -8.13218335479062, -6.255049862570114, 12.10184353697195, -5.2054900356902]",20.46921587177763,167.17144006044148,False,"[-57.094472276766865, 142.629402519688, 78.36298381998066, -7.177211771752444, -116.97111276574321, 89.07147246976191]","[-6.895314856896312, -167.17144006044148, 128.5621412398512, 43.02194564811811, -66.77195534587267, 139.27062988963246]",55.08276442593999,2475000000
block-20260911T184646814791Z,/srv/bulk/samteway/lab-data/tracking-5ms-full-20260911-v1/captures/block-20260911T184646814791Z-r2-B-50us-20260911T185053.203358Z/run.json,B,50,2,False,False,,,5.141070040725427,"[-10.147987879600674, -13.171018438426934, -8.778379771476462, -10.34704927020414, 0.45167586446480973, -2.478696849354447]",13.171018438426934,71.38560145859239,False,"[13.523969899740287, -11.846477447316175, -6.775736098325089, -40.237198737829125, 0.29792086022733927, -66.24453141786697]","[8.382899859014861, -16.9875474880416, -11.916806139050516, -45.37826877855455, -4.843149180498088, -71.38560145859239]",18.965833202983287,2475000000
block-20260911T184646814791Z,/srv/bulk/samteway/lab-data/tracking-5ms-full-20260911-v1/captures/block-20260911T184646814791Z-r2-A-1000us-control-20260911T185108.803297Z/run.json,A,1000,2,True,False,6.2768865232554525,,-93.58242288446573,"[-8.586974210623396, 3.5998201553358067, -0.17177800794490147, -0.6277090502528654, 0.07371555825543404, 0.36741578546132353]",8.586974210623396,93.93272048214271,False,"[-110.2508042075369, -8.51064317607395, 0.35029759767698987, -2.6578355638243596, -1.9985295997384156, -1.5508082218882617]","[-16.668381323071177, 85.07177970839177, 93.93272048214271, 90.92458732064136, 91.58389328472731, 92.03161466257745]",44.908863169618144,2475000000
block-20260911T184646814791Z,/srv/bulk/samteway/lab-data/tracking-5ms-full-20260911-v1/captures/block-20260911T184646814791Z-r2-B-100us-20260911T185123.064422Z/run.json,B,100,2,False,False,0.896705335292366,,-21.603531272526823,"[-1.3377258400710021, -0.6849109320403951, -0.44726402505017965, -0.7474047217860204, 0.3558453792008176, -1.2912121653252036]",1.3377258400710021,26.445101369158646,False,"[-27.613142888936665, 1.177246044236204, 0.037800558357064085, -1.9531610608121504, -0.1383755366725165, 4.841570096631825]","[-6.009611616409843, 22.780777316763025, 21.641331830883885, 19.65037021171467, 21.465155735854307, 26.445101369158646]",11.441469603456541,2475000000
block-20260911T184646814791Z,/srv/bulk/samteway/lab-data/tracking-5ms-full-20260911-v1/captures/block-20260911T184646814791Z-r2-B-1000us-20260911T185139.035326Z/run.json,B,1000,2,False,False,6.2783269662421395,,-24.28394770690805,"[-1.7386178138331871, -0.881572321924527, -0.4223916594390776, -0.5450808394294524, 0.7796971900032459, -1.154630761926785]",1.7386178138331871,26.247761703342967,False,"[-30.641213479446847, 1.3609803013213497, -0.06927551527831062, -4.551377257915959, -8.536112432615582, 1.9638139964349184]","[-6.357265772538797, 25.6449280082294, 24.21467219162974, 19.732570448992092, 15.747835274292472, 26.247761703342967]",12.172785785035403,2475000000
block-20260911T184646814791Z,/srv/bulk/samteway/lab-data/tracking-5ms-full-20260911-v1/captures/block-20260911T184646814791Z-r2-A-200us-control-20260911T185154.265227Z/run.json,A,200,2,True,False,,,-98.47749415351377,"[-24.06253715912124, 8.203745763012481, 3.5649907475143645, -6.804901629658817, 16.207812019622843, 4.731979800565017]",24.06253715912124,159.4384610942466,False,"[-100.79663873078792, 175.09868943059288, 60.960966940732824, 12.332565414300628, -73.83315919271222, 129.88050092947736]","[-2.319144577274139, -86.42381641589334, 159.4384610942466, 110.8100595678144, 24.64433496080156, -131.64200491700888]",54.77759547453167,2475000000
block-20260911T184646814791Z,/srv/bulk/samteway/lab-data/tracking-5ms-full-20260911-v1/captures/block-20260911T184646814791Z-r2-B-200us-20260911T185203.258943Z/run.json,B,200,2,False,False,1.4945564430637461,,-22.217803410810028,"[-1.4491462178209722, -0.5860327971765963, -0.34659634250155275, -0.8830420587726824, 0.610175612559563, -0.9728564181786405]",1.4491462178209722,25.379319223147082,False,"[-28.436595197534235, 1.444502774223883, 1.8996635490088378, -2.2769981840882005, 1.6986855865356654, 3.1615158123370533]","[-6.218791786724211, 23.66230618503391, 24.117466959818863, 19.940805226721825, 23.91648899734569, 25.379319223147082]",11.859523417642402,2475000000
block-20260911T184646814791Z,/srv/bulk/samteway/lab-data/tracking-5ms-full-20260911-v1/captures/block-20260911T184646814791Z-r3-B-100us-20260911T185218.994264Z/run.json,B,100,3,False,False,100.43859297862312,,-24.982697683086112,"[-2.978743581423851, -2.0884263408943715, -1.2419150273560668, -1.944028523661368, -1.560758828431061, -2.708765715935928]",2.978743581423851,28.249827256565812,False,"[-32.0482130484649, 1.343307580369436, 3.267129573479701, -1.3204621729102755, -3.7887829759024365, 0.2097552726381712]","[-7.065515365378791, 26.326005263455546, 28.249827256565812, 23.662235510175837, 21.193914707183673, 25.19245295572428]",13.529567128666255,2475000000
block-20260911T184646814791Z,/srv/bulk/samteway/lab-data/tracking-5ms-full-20260911-v1/captures/block-20260911T184646814791Z-r3-A-200us-control-20260911T185234.458334Z/run.json,A,200,3,True,False,100.13717495324474,,-89.37395701847916,"[-8.865912190513551, 3.1511388320960245, 0.4778292304792081, 0.003802300317487302, 1.0632593744512573, -0.5215079667925935]",8.865912190513551,92.62945519913121,False,"[-105.9883094358531, -8.286631183256922, 0.21691865063495316, -3.3129710986989065, 2.153973336327583, 3.255498180652056]","[-16.61435241737394, 81.08732583522223, 89.59087566911411, 86.06098591978025, 91.52793035480674, 92.62945519913121]",43.056061684490174,2475000000
block-20260911T184646814791Z,/srv/bulk/samteway/lab-data/tracking-5ms-full-20260911-v1/captures/block-20260911T184646814791Z-r3-B-1000us-20260911T185249.113443Z/run.json,B,1000,3,False,False,6.276917195302985,,-22.973924870598374,"[-1.4542510574167078, -0.6497484541881265, -0.24797394067281278, -1.2998016864727733, 0.28960424678324737, -1.0037471538352918]",1.4542510574167078,25.762724044261354,False,"[-29.401508156309976, 0.49975506163879396, 1.8573318165855992, -1.3866440136603566, -11.552468369073742, 2.788799173662981]","[-6.427583285711597, 23.473679932237168, 24.83125668718397, 21.58728085693802, 11.421456501524633, 25.762724044261354]",12.254688728599197,2475000000
block-20260911T184646814791Z,/srv/bulk/samteway/lab-data/tracking-5ms-full-20260911-v1/captures/block-20260911T184646814791Z-r3-B-25us-20260911T185304.914064Z/run.json,B,25,3,False,False,,,-23.031744786208044,"[-3.6538543360030804, -3.1883118338965604, -3.4095199857115714, -4.073471194796129, 0.2150770775494225, -4.312641369204513]",4.312641369204513,26.669283285175887,False,"[-30.0475773853328, 1.7045758188895015, 3.6375384989678423, 2.0165820285631275, -11.069643926711395, 1.8438271453481478]","[-7.015832599124759, 24.736320605097543, 26.669283285175887, 25.048326814771176, 11.962100859496648, 24.875571931556188]",13.411617592451849,2475000000
block-20260911T184646814791Z,/srv/bulk/samteway/lab-data/tracking-5ms-full-20260911-v1/captures/block-20260911T184646814791Z-r3-A-1000us-control-20260911T185320.375869Z/run.json,A,1000,3,True,False,,,-88.90431162732904,"[-9.652400011091933, 2.4606048698812493, -0.41849998652685405, -1.1088680188525046, -0.9503765223723265, -0.7834213139424593]",9.652400011091933,92.1501964433114,False,"[-105.51486315961344, -7.146286691998005, 3.245884815982368, -3.0881089171740532, -21.697346007918107, -2.95673947467246]","[-16.610551532284415, 81.75802493533104, 92.1501964433114, 85.81620271015497, 67.20696561941092, 85.94757215265658]",43.05854418835995,2475000000
block-20260911T184646814791Z,/srv/bulk/samteway/lab-data/tracking-5ms-full-20260911-v1/captures/block-20260911T184646814791Z-r3-B-50us-20260911T185335.074649Z/run.json,B,50,3,False,False,200.28785211608755,,-24.463838941738608,"[-3.228251020813394, -3.2576637852018395, -1.2528435459383849, -2.350578883910708, -0.9029913528204535, -3.631620695882312]",3.631620695882312,28.925207414678162,False,"[-31.638113464711537, 2.863792778912269, 4.461368472939551, -0.44614025975961896, -21.919728096106944, -0.19783829572174894]","[-7.174274522972925, 27.327631720650885, 28.925207414678162, 24.01769868197899, 2.54411084563167, 24.266000646016863]",13.782443279753043,2475000000
block-20260911T184646814791Z,/srv/bulk/samteway/lab-data/tracking-5ms-full-20260911-v1/captures/block-20260911T184646814791Z-r3-B-200us-20260911T185351.034518Z/run.json,B,200,3,False,False,,,-38.24589948482575,"[-27.963898650175306, -3.0525916819963523, 4.004242475361653, -5.13186847131915, 17.79342988078683, -12.351641390820774]",27.963898650175306,171.54054719688432,False,"[-41.014885423437825, 150.21355331828994, 35.998178778107906, -28.693700034582925, -117.87403490614447, 168.89691187436244]","[-2.7689859386120825, -171.54054719688432, 74.24407826293366, 9.552199450242819, -79.62813542131872, -152.85718864081184]",50.45488817854427,2475000000
