request,attempt,status,run_json,sha256,error
attempts-20260911T214722482092Z.json,1,passed,/srv/bulk/samteway/lab-data/tracking-5ms-full-20260911-resume-v3/captures/recovery-ambient-ANT1-20260911T214722.633537Z/run.json,11fd6519981440d852ce1ba2318c52df5c345ac7df1493e63bb5b64861c6828d,
attempts-20260911T214730305084Z.json,1,passed,/srv/bulk/samteway/lab-data/tracking-5ms-full-20260911-resume-v3/captures/recovery-ambient-ANT2-20260911T214730.444249Z/run.json,71f5a5b41026db4763a520fd136aad84b7d2982121f7a083b47cf9778f2d6f96,
attempts-20260911T214738822216Z.json,1,passed,/srv/bulk/samteway/lab-data/tracking-5ms-full-20260911-resume-v3/captures/recovery-ambient-ANT4-20260911T214738.960749Z/run.json,cca22c5f0046e3c3187fd0f25a732be9a854442e615313cbc71a56f9fa3779c2,
attempts-20260911T214747254659Z.json,1,passed,/srv/bulk/samteway/lab-data/tracking-5ms-full-20260911-resume-v3/captures/recovery-ambient-ANT8-20260911T214747.388938Z/run.json,04757b10ce11073ff8bedd434fd4bc86bcae60cd4ab3f9f90cdbc74c203064ad,
attempts-20260911T214755692622Z.json,1,passed,/srv/bulk/samteway/lab-data/tracking-5ms-full-20260911-resume-v3/captures/recovery-ambient-ANT7-20260911T214755.827625Z/run.json,e6ebfd0bfa666ecaa3658728ce01f2d18ebfb81c256baf8595942f323f5eea39,
attempts-20260911T214803861700Z.json,1,passed,/srv/bulk/samteway/lab-data/tracking-5ms-full-20260911-resume-v3/captures/recovery-ambient-ANT5-20260911T214804.015020Z/run.json,2169fd5a710ae8c613660cdb81ffd419211ca4e27bd7238fbe7736c83c11f433,
attempts-20260911T214813153542Z.json,1,passed,/srv/bulk/samteway/lab-data/tracking-5ms-full-20260911-resume-v3/captures/recovery-static-ANT1-20260911T214813.299715Z/run.json,055fa33e4ef8d66e57347b536d31d6e7247b4ff6f02e1dc2bc4aec0548b9f377,
attempts-20260911T214823134793Z.json,1,passed,/srv/bulk/samteway/lab-data/tracking-5ms-full-20260911-resume-v3/captures/recovery-static-ANT2-20260911T214823.262757Z/run.json,614d4d6eb2923500b5161167520e147db95893206ee85da3a3211b3cd5efcdfc,
attempts-20260911T214832894991Z.json,1,passed,/srv/bulk/samteway/lab-data/tracking-5ms-full-20260911-resume-v3/captures/recovery-static-ANT4-20260911T214833.029241Z/run.json,58b75b2e31ffb7169f0503ce4656697ff10ce08512f0002c81fce214f78852a6,
attempts-20260911T214842664244Z.json,1,passed,/srv/bulk/samteway/lab-data/tracking-5ms-full-20260911-resume-v3/captures/recovery-static-ANT8-20260911T214842.795171Z/run.json,87594677a1cfec3421dc1a86e58e45e1a9b905401da9b2b824159283d4423c64,
attempts-20260911T214852392851Z.json,1,passed,/srv/bulk/samteway/lab-data/tracking-5ms-full-20260911-resume-v3/captures/recovery-static-ANT7-20260911T214852.521350Z/run.json,0d0aa72a9d5e4f48a689d76d5ec75f26c3d4e972a809b4e646ef2496ab883573,
attempts-20260911T214902123796Z.json,1,passed,/srv/bulk/samteway/lab-data/tracking-5ms-full-20260911-resume-v3/captures/recovery-static-ANT5-20260911T214902.267810Z/run.json,1bd8af9c8dde468cbaf9d8f8c2592cf569802a75ad3ae8f4ab724825931b971d,
attempts-20260911T214913859334Z.json,1,passed,/srv/bulk/samteway/lab-data/tracking-5ms-full-20260911-resume-v3/captures/remaining-5800000000-D-ambient-ANT1-20260911T214913.998499Z/run.json,79b3cbcb38f74ceaf457f1c520d57574e4623981fb67cbdeaac443213aa6f58f,
attempts-20260911T214925536140Z.json,1,passed,/srv/bulk/samteway/lab-data/tracking-5ms-full-20260911-resume-v3/captures/remaining-5800000000-D-ambient-ANT2-20260911T214925.675963Z/run.json,a2d4d7fdd6e51e0797ddcf5bb22629ab829838c0030430582d72067d156c5a14,
attempts-20260911T214936548969Z.json,1,passed,/srv/bulk/samteway/lab-data/tracking-5ms-full-20260911-resume-v3/captures/remaining-5800000000-D-ambient-ANT4-20260911T214936.687043Z/run.json,e139d2493fb8168ceeb8a327bb526ab60ee5948bb0c5f8ca30a4c75a69dcdb30,
attempts-20260911T214949417505Z.json,1,passed,/srv/bulk/samteway/lab-data/tracking-5ms-full-20260911-resume-v3/captures/remaining-5800000000-D-ambient-ANT8-20260911T214949.554363Z/run.json,e012da8ebe7da7576b5e388299fd69dad2e4992314eac8ab01c64b92d1c13de9,
attempts-20260911T215000533010Z.json,1,passed,/srv/bulk/samteway/lab-data/tracking-5ms-full-20260911-resume-v3/captures/remaining-5800000000-D-ambient-ANT7-20260911T215000.672543Z/run.json,4bfb00f93dfdbaf10578ab2737023522796d2b3660aa3a43be8ceeec8287fed3,
attempts-20260911T215011564020Z.json,1,passed,/srv/bulk/samteway/lab-data/tracking-5ms-full-20260911-resume-v3/captures/remaining-5800000000-D-ambient-ANT5-20260911T215011.702853Z/run.json,d17a7838bb5a340a855d15552b3918e6c00b3505aad1bf43674defb17c935aee,
attempts-20260911T215023533326Z.json,1,passed,/srv/bulk/samteway/lab-data/tracking-5ms-full-20260911-resume-v3/captures/remaining-5800000000-D-static-ANT1-20260911T215023.667872Z/run.json,515ca561c78b7187f820b647eab42b470df8821457dce3b7b16be40db1ead124,
attempts-20260911T215036687358Z.json,1,passed,/srv/bulk/samteway/lab-data/tracking-5ms-full-20260911-resume-v3/captures/remaining-5800000000-D-static-ANT2-20260911T215036.822901Z/run.json,49d6edd5d7df28a491087c275e77d3d70124418156b5ccbb083f5ab42de31cb6,
attempts-20260911T215049914732Z.json,1,passed,/srv/bulk/samteway/lab-data/tracking-5ms-full-20260911-resume-v3/captures/remaining-5800000000-D-static-ANT4-20260911T215050.056884Z/run.json,7654bb709e732e019bbf681ff04a002764cb6bbc59ee4dd03abf01dce03d2b07,
attempts-20260911T215102990647Z.json,1,passed,/srv/bulk/samteway/lab-data/tracking-5ms-full-20260911-resume-v3/captures/remaining-5800000000-D-static-ANT8-20260911T215103.126308Z/run.json,18800b6195a76c1a5f4e17321537a3c316576d753080b2e312c0096ca02f366f,
attempts-20260911T215116105401Z.json,1,passed,/srv/bulk/samteway/lab-data/tracking-5ms-full-20260911-resume-v3/captures/remaining-5800000000-D-static-ANT7-20260911T215116.241176Z/run.json,27d4d8bedec5453bcaf5b876f4a46928ff3ad90252d03364b93d8c1c100cc30c,
attempts-20260911T215129213474Z.json,1,passed,/srv/bulk/samteway/lab-data/tracking-5ms-full-20260911-resume-v3/captures/remaining-5800000000-D-static-ANT5-20260911T215129.346827Z/run.json,3dc01ac249ce57e91e403b580e3a4ef6d807082ae0ab834d50a53d7611e33b09,
attempts-20260911T215142686608Z.json,1,passed,/srv/bulk/samteway/lab-data/tracking-5ms-full-20260911-resume-v3/captures/remaining-5800000000-B-ambient-ANT1-20260911T215142.819086Z/run.json,db3f5d7371104704b888d63ac9227dd3bb640bef6798bd02e27ec9452a9e2561,
attempts-20260911T215153990627Z.json,1,passed,/srv/bulk/samteway/lab-data/tracking-5ms-full-20260911-resume-v3/captures/remaining-5800000000-B-ambient-ANT2-20260911T215154.119729Z/run.json,cf36f1724c6a8d8c89b454895c7b33d4387909fde5579484f30794bfed9321e0,
attempts-20260911T215205190930Z.json,1,passed,/srv/bulk/samteway/lab-data/tracking-5ms-full-20260911-resume-v3/captures/remaining-5800000000-B-ambient-ANT4-20260911T215205.319974Z/run.json,39f2db0e2117bca3bcbaa7b3594b2aeb131939bcde427a74673ef7bd6883e749,
attempts-20260911T215216514710Z.json,1,passed,/srv/bulk/samteway/lab-data/tracking-5ms-full-20260911-resume-v3/captures/remaining-5800000000-B-ambient-ANT8-20260911T215216.646791Z/run.json,0fdbbc13c7ced092d9abb39c0752f50daaa9f3784f09298823a571963d6e3df8,
attempts-20260911T215228106171Z.json,1,passed,/srv/bulk/samteway/lab-data/tracking-5ms-full-20260911-resume-v3/captures/remaining-5800000000-B-ambient-ANT7-20260911T215228.239815Z/run.json,de57265af4531c94d9521b7cec21358fb85580d2728b2da70679e0777a50f4d7,
attempts-20260911T215239966879Z.json,1,passed,/srv/bulk/samteway/lab-data/tracking-5ms-full-20260911-resume-v3/captures/remaining-5800000000-B-ambient-ANT5-20260911T215240.108612Z/run.json,f16f119b1112e39d29d7c957bb7d6264719116e0ac5c4555056fa46c3df2fcfe,
attempts-20260911T215251411092Z.json,1,passed,/srv/bulk/samteway/lab-data/tracking-5ms-full-20260911-resume-v3/captures/remaining-5800000000-B-static-ANT1-20260911T215251.544529Z/run.json,ae2b54d65ba9dc0350f54e2eb6309d0230befb893029db3d6455b5958b96d8d8,
attempts-20260911T215304703821Z.json,1,passed,/srv/bulk/samteway/lab-data/tracking-5ms-full-20260911-resume-v3/captures/remaining-5800000000-B-static-ANT2-20260911T215304.833279Z/run.json,fbd0074f9018b32faadeff5add36c2dfbe2f68d43926277e0ad6dfc40e5535ec,
attempts-20260911T215318097639Z.json,1,passed,/srv/bulk/samteway/lab-data/tracking-5ms-full-20260911-resume-v3/captures/remaining-5800000000-B-static-ANT4-20260911T215318.235906Z/run.json,5df2bc839487d5d09a686e9b35f4cb3012ebda0b86c46be6701bab629c0ef399,
attempts-20260911T215331611734Z.json,1,passed,/srv/bulk/samteway/lab-data/tracking-5ms-full-20260911-resume-v3/captures/remaining-5800000000-B-static-ANT8-20260911T215331.744211Z/run.json,e9f5badbcc68e78b2802c2de47f3eece6e5ac34dc62f58ea4d78077faa341b8f,
attempts-20260911T215344900742Z.json,1,passed,/srv/bulk/samteway/lab-data/tracking-5ms-full-20260911-resume-v3/captures/remaining-5800000000-B-static-ANT7-20260911T215345.037942Z/run.json,63a421f4d39191f8e2ffa95b5869b8bf4636796278b26ee289007e798e4bfd62,
attempts-20260911T215358892437Z.json,1,passed,/srv/bulk/samteway/lab-data/tracking-5ms-full-20260911-resume-v3/captures/remaining-5800000000-B-static-ANT5-20260911T215359.016762Z/run.json,567d07433bc7a99494bf388f6fa0e22bc784c40eeb56fea4c4e4da7e46dd43b2,
attempts-20260911T215412587580Z.json,1,passed,/srv/bulk/samteway/lab-data/tracking-5ms-full-20260911-resume-v3/captures/remaining-5811000000-D-ambient-ANT1-20260911T215412.723834Z/run.json,28feb78dc53e7e18ae7ac1fb576f8df800ecf1a4f5495343b0eb81a85391f5eb,
attempts-20260911T215424521861Z.json,1,passed,/srv/bulk/samteway/lab-data/tracking-5ms-full-20260911-resume-v3/captures/remaining-5811000000-D-ambient-ANT2-20260911T215424.649283Z/run.json,d33687cf6e3dabd461915c57809c0fb1e64934d99e1b14a99a53bd6c2e609381,
attempts-20260911T215436417155Z.json,1,passed,/srv/bulk/samteway/lab-data/tracking-5ms-full-20260911-resume-v3/captures/remaining-5811000000-D-ambient-ANT4-20260911T215436.546945Z/run.json,e88c8ec09285bb2e716e1e48662603af598507811bd26f0d1ab75e64f6786961,
attempts-20260911T215448021037Z.json,1,passed,/srv/bulk/samteway/lab-data/tracking-5ms-full-20260911-resume-v3/captures/remaining-5811000000-D-ambient-ANT8-20260911T215448.153252Z/run.json,8c8be5f88a6e560bf65bc6f277722beb2c9cd0acab87c0e396dad5e95439df09,
attempts-20260911T215459994956Z.json,1,passed,/srv/bulk/samteway/lab-data/tracking-5ms-full-20260911-resume-v3/captures/remaining-5811000000-D-ambient-ANT7-20260911T215500.131035Z/run.json,ef9cdc72cc0e1353aa4d072215308ab31af895d636900d9567dc88511ef246f8,
attempts-20260911T215511442262Z.json,1,passed,/srv/bulk/samteway/lab-data/tracking-5ms-full-20260911-resume-v3/captures/remaining-5811000000-D-ambient-ANT5-20260911T215511.574623Z/run.json,e818e6db51f7d7d1a0ba601bda398c656d04eedd9d787c2124fa9de1e466691b,
attempts-20260911T215523181851Z.json,1,passed,/srv/bulk/samteway/lab-data/tracking-5ms-full-20260911-resume-v3/captures/remaining-5811000000-D-static-ANT1-20260911T215523.315363Z/run.json,1b9747198b7eaf5cc34e8ef86af7a00bbbea5cd61b595bafa8229ccb6cdfcfec,
attempts-20260911T215536576314Z.json,1,passed,/srv/bulk/samteway/lab-data/tracking-5ms-full-20260911-resume-v3/captures/remaining-5811000000-D-static-ANT2-20260911T215536.712367Z/run.json,e11b118e934d47bbc252aff3ba70e7aabb39d1ca6cbfea085416f6bcdedf5ab6,
attempts-20260911T215550444840Z.json,1,passed,/srv/bulk/samteway/lab-data/tracking-5ms-full-20260911-resume-v3/captures/remaining-5811000000-D-static-ANT4-20260911T215550.576445Z/run.json,461ea9b1ed2586bad812a75f5d12db17f437bc7bc3d5d3f9e19fb530ab237fdb,
attempts-20260911T215605410942Z.json,1,passed,/srv/bulk/samteway/lab-data/tracking-5ms-full-20260911-resume-v3/captures/remaining-5811000000-D-static-ANT8-20260911T215605.547418Z/run.json,a9e15d5bb8e5f9d3ca03f1ffb1a0e6b31723dc2d4ca086871388b70696f284e1,
attempts-20260911T215619491768Z.json,1,passed,/srv/bulk/samteway/lab-data/tracking-5ms-full-20260911-resume-v3/captures/remaining-5811000000-D-static-ANT7-20260911T215619.623461Z/run.json,3e23403679838744a7a454f856c2709b03f29d4544b959668437f5edcca4fa4d,
attempts-20260911T215633489556Z.json,1,passed,/srv/bulk/samteway/lab-data/tracking-5ms-full-20260911-resume-v3/captures/remaining-5811000000-D-static-ANT5-20260911T215633.625492Z/run.json,454caa690cebc838b595e7edd090ee8183fe86141879b1624572785e7d69211b,
attempts-20260911T215646514488Z.json,1,passed,/srv/bulk/samteway/lab-data/tracking-5ms-full-20260911-resume-v3/captures/remaining-5811000000-B-ambient-ANT1-20260911T215646.657532Z/run.json,befcefc88774a7bdb0debcfb62cf649a2faf1bcfda96506555a8e76a227fadd0,
attempts-20260911T215658592955Z.json,1,passed,/srv/bulk/samteway/lab-data/tracking-5ms-full-20260911-resume-v3/captures/remaining-5811000000-B-ambient-ANT2-20260911T215658.724764Z/run.json,861dfb06bf2d10e0c5fecee8893181612bd7815d1b8c22c5fa7cd0bb88090579,
attempts-20260911T215710153033Z.json,1,passed,/srv/bulk/samteway/lab-data/tracking-5ms-full-20260911-resume-v3/captures/remaining-5811000000-B-ambient-ANT4-20260911T215710.288093Z/run.json,b007f8e81bf2d3585800228620a678d909268d6ae3ef6ba25a4b41f1341f43fa,
attempts-20260911T215722209934Z.json,1,passed,/srv/bulk/samteway/lab-data/tracking-5ms-full-20260911-resume-v3/captures/remaining-5811000000-B-ambient-ANT8-20260911T215722.339958Z/run.json,0e5807f90e03232e539bbf225a836df978e30272b1d23f9395e0e939695717f1,
attempts-20260911T215733734113Z.json,1,passed,/srv/bulk/samteway/lab-data/tracking-5ms-full-20260911-resume-v3/captures/remaining-5811000000-B-ambient-ANT7-20260911T215733.871512Z/run.json,2a7fe977a9f5b1c739a6f7f61d15afe2c2c860d85f04a00397003ea453949c34,
attempts-20260911T215746935312Z.json,1,passed,/srv/bulk/samteway/lab-data/tracking-5ms-full-20260911-resume-v3/captures/remaining-5811000000-B-ambient-ANT5-20260911T215747.069338Z/run.json,4c8142b2a3ce782e7befdc5f1bff6a256587740f38f4f4cd8b337f6202f49fe1,
attempts-20260911T215758956047Z.json,1,passed,/srv/bulk/samteway/lab-data/tracking-5ms-full-20260911-resume-v3/captures/remaining-5811000000-B-static-ANT1-20260911T215759.091091Z/run.json,ea68d104f9b0e2f190eba82a8292ac45c42c4b8d33019ce1d8688328c2a18bd7,
attempts-20260911T215812165444Z.json,1,passed,/srv/bulk/samteway/lab-data/tracking-5ms-full-20260911-resume-v3/captures/remaining-5811000000-B-static-ANT2-20260911T215812.300478Z/run.json,74e0470fb09ea61d02c2be7a29197b3792434f97e0cf69a73dc2f598bb2d37b0,
attempts-20260911T215825228115Z.json,1,passed,/srv/bulk/samteway/lab-data/tracking-5ms-full-20260911-resume-v3/captures/remaining-5811000000-B-static-ANT4-20260911T215825.359030Z/run.json,2aff0635196fab33811dc394815da873d6589a4ff8798772d9d506215c2928e1,
attempts-20260911T215838887136Z.json,1,passed,/srv/bulk/samteway/lab-data/tracking-5ms-full-20260911-resume-v3/captures/remaining-5811000000-B-static-ANT8-20260911T215839.021335Z/run.json,26dd05372c54ef78079a90c09b9b7e1e55a999ea51acb482371a53860c5a75d8,
attempts-20260911T215852592362Z.json,1,passed,/srv/bulk/samteway/lab-data/tracking-5ms-full-20260911-resume-v3/captures/remaining-5811000000-B-static-ANT7-20260911T215852.724173Z/run.json,14b622c9a806d9cc06d8466a0596f97d923e83d7e8215eb350d373ecad081175,
attempts-20260911T215905755049Z.json,1,passed,/srv/bulk/samteway/lab-data/tracking-5ms-full-20260911-resume-v3/captures/remaining-5811000000-B-static-ANT5-20260911T215905.887660Z/run.json,de48960070747d89d26134ba1e26f4db424382677ed2669d45ea7f236935dbf1,
attempts-20260911T215919039608Z.json,1,passed,/srv/bulk/samteway/lab-data/tracking-5ms-full-20260911-resume-v3/captures/block-20260911T215918963889Z-ref-before-A-ANT1-20260911T215919.172796Z/run.json,eee4cdba72c066218336d4710dfa6cbaa56846e19b8035339931fe064c437573,
attempts-20260911T215929084104Z.json,1,passed,/srv/bulk/samteway/lab-data/tracking-5ms-full-20260911-resume-v3/captures/block-20260911T215918963889Z-ref-before-A-ANT2-20260911T215929.216806Z/run.json,a6f00038392bc868a57364c1810fbe021699e2847d014da17f220a32ae3cbbd0,
attempts-20260911T215939019677Z.json,1,passed,/srv/bulk/samteway/lab-data/tracking-5ms-full-20260911-resume-v3/captures/block-20260911T215918963889Z-ref-before-A-ANT4-20260911T215939.158020Z/run.json,abe31b11eb31c581a012a59d6fcf3d8f5644dffb624d09956448de1bba302caf,
attempts-20260911T215949052065Z.json,1,passed,/srv/bulk/samteway/lab-data/tracking-5ms-full-20260911-resume-v3/captures/block-20260911T215918963889Z-ref-before-A-ANT8-20260911T215949.183185Z/run.json,332c60bd135a3fd279ddb77599d51798e18882f91c297117824033bee98a5afa,
attempts-20260911T215959454194Z.json,1,passed,/srv/bulk/samteway/lab-data/tracking-5ms-full-20260911-resume-v3/captures/block-20260911T215918963889Z-ref-before-A-ANT7-20260911T215959.586850Z/run.json,a386c1c2f626c35d3fba0d84a1586e93997e2227105af5106e2e27ad021ac29e,
attempts-20260911T220009175290Z.json,1,passed,/srv/bulk/samteway/lab-data/tracking-5ms-full-20260911-resume-v3/captures/block-20260911T215918963889Z-ref-before-A-ANT5-20260911T220009.318283Z/run.json,f1ff1c89c710e0e60bb35eb03c15e4fffb679e75c5b7ae7c5e3d503bcbb1476c,
attempts-20260911T220018980077Z.json,1,passed,/srv/bulk/samteway/lab-data/tracking-5ms-full-20260911-resume-v3/captures/block-20260911T215918963889Z-ref-before-D-ANT1-20260911T220019.116917Z/run.json,dc9ae8cc9e9cacdd175ff6d2637ddaf2400cd1a5a3b9570aa9b7bfe667e2905f,
attempts-20260911T220030343386Z.json,1,passed,/srv/bulk/samteway/lab-data/tracking-5ms-full-20260911-resume-v3/captures/block-20260911T215918963889Z-ref-before-D-ANT2-20260911T220030.481377Z/run.json,207cd1cd72927bffe52c9131fd24811b4687145ffbe1034cd41fb17c4a3af1e4,
attempts-20260911T220041429659Z.json,1,passed,/srv/bulk/samteway/lab-data/tracking-5ms-full-20260911-resume-v3/captures/block-20260911T215918963889Z-ref-before-D-ANT4-20260911T220041.563563Z/run.json,063119e3d806b28798ce000f880b99f3db4bf345a273b301235c435daeabc31d,
attempts-20260911T220051579316Z.json,1,passed,/srv/bulk/samteway/lab-data/tracking-5ms-full-20260911-resume-v3/captures/block-20260911T215918963889Z-ref-before-D-ANT8-20260911T220051.720735Z/run.json,a26e00c69fbad393d79451f56f80e4e44cec716e545347ceb21d6d6139b26b8f,
attempts-20260911T220101983032Z.json,1,passed,/srv/bulk/samteway/lab-data/tracking-5ms-full-20260911-resume-v3/captures/block-20260911T215918963889Z-ref-before-D-ANT7-20260911T220102.118260Z/run.json,4bed393b4604acd94819e85ac25d1123fa497bad22056f8568f4cbec32d1013c,
attempts-20260911T220112253214Z.json,1,passed,/srv/bulk/samteway/lab-data/tracking-5ms-full-20260911-resume-v3/captures/block-20260911T215918963889Z-ref-before-D-ANT5-20260911T220112.384933Z/run.json,5ed319ea1b6273bdcb0b20ce70cc99b0cf5bc25acebb35496b8c34a71a35c0fe,
attempts-20260911T220128461755Z.json,1,passed,/srv/bulk/samteway/lab-data/tracking-5ms-full-20260911-resume-v3/captures/block-20260911T215918963889Z-r1-A-1000us-control-20260911T220128.591339Z/run.json,bde975b0b0d52ff9a77327d5dd9b1203ce816f974b5d1592cce19966edac6400,
attempts-20260911T220143118293Z.json,1,passed,/srv/bulk/samteway/lab-data/tracking-5ms-full-20260911-resume-v3/captures/block-20260911T215918963889Z-r1-D-100us-20260911T220143.250294Z/run.json,80585e991f72a70c3e435d04087d7e66a55628fb5bfab314b41c67337e026e63,
attempts-20260911T220159285753Z.json,1,passed,/srv/bulk/samteway/lab-data/tracking-5ms-full-20260911-resume-v3/captures/block-20260911T215918963889Z-r1-D-50us-20260911T220159.419942Z/run.json,256458806dad35318c58c83af51b04da57a44278f47c9e40d9801bb7ff836563,
attempts-20260911T220215359853Z.json,1,passed,/srv/bulk/samteway/lab-data/tracking-5ms-full-20260911-resume-v3/captures/block-20260911T215918963889Z-r1-D-1000us-20260911T220215.490445Z/run.json,efd1f2eeeebd47006d558ebc217cc61b75f9c9030a53184130fc2adb2f2bd59f,
attempts-20260911T220231463560Z.json,1,passed,/srv/bulk/samteway/lab-data/tracking-5ms-full-20260911-resume-v3/captures/block-20260911T215918963889Z-r1-A-200us-control-20260911T220231.591491Z/run.json,2925e231e0e8743d78d7a52af307c32d3716179f767dccdacb8a03f614e55e05,
attempts-20260911T220240794615Z.json,1,passed,/srv/bulk/samteway/lab-data/tracking-5ms-full-20260911-resume-v3/captures/block-20260911T215918963889Z-r1-D-200us-20260911T220240.920508Z/run.json,2c17715ef101b31fdce7a1b96ed0f419a091325cca4fe765d76e72b5ad08d285,
attempts-20260911T220256886596Z.json,1,passed,/srv/bulk/samteway/lab-data/tracking-5ms-full-20260911-resume-v3/captures/block-20260911T215918963889Z-r1-D-25us-20260911T220257.019461Z/run.json,02dc57c258750a5f0a362172298d1d29d360f73ccedc9304260f35ecdcfb30e8,
attempts-20260911T220313417933Z.json,1,passed,/srv/bulk/samteway/lab-data/tracking-5ms-full-20260911-resume-v3/captures/block-20260911T215918963889Z-r2-D-50us-20260911T220313.548140Z/run.json,12fa8a6a2ed2c14c2bbdc7ac4c8b92b7c5d62433c44a719c9066fcaf0facb019,
attempts-20260911T220330909610Z.json,1,passed,/srv/bulk/samteway/lab-data/tracking-5ms-full-20260911-resume-v3/captures/block-20260911T215918963889Z-r2-D-1000us-20260911T220331.040277Z/run.json,dfc8a17597226e5e535ca16aa827e0e4dbed93865392fe65c62cb1ea729cb6d0,
attempts-20260911T220346401672Z.json,1,passed,/srv/bulk/samteway/lab-data/tracking-5ms-full-20260911-resume-v3/captures/block-20260911T215918963889Z-r2-D-25us-20260911T220346.526038Z/run.json,231b141c9c956175e7233d874f94d32c4f73a3b0b18f89c4b71dff638706588e,
attempts-20260911T220402010358Z.json,1,passed,/srv/bulk/samteway/lab-data/tracking-5ms-full-20260911-resume-v3/captures/block-20260911T215918963889Z-r2-D-100us-20260911T220402.137286Z/run.json,173a64a6781acf3a5aef1e569dd343a5b9bc97313bbf031315b19554b026a2cb,
attempts-20260911T220417695629Z.json,1,passed,/srv/bulk/samteway/lab-data/tracking-5ms-full-20260911-resume-v3/captures/block-20260911T215918963889Z-r2-D-200us-20260911T220417.829038Z/run.json,268ccdb5858261aac0c2ee07083b19eaf008f3ee5c164582834df9ebc0caf9ea,
attempts-20260911T220427439558Z.json,1,passed,/srv/bulk/samteway/lab-data/tracking-5ms-full-20260911-resume-v3/captures/block-20260911T215918963889Z-r2-A-200us-control-20260911T220427.572572Z/run.json,cdf98bbf023fd3f7c66d2be1b029ef144c41395b13e0d1b4d42f3a3d91eb79f4,
attempts-20260911T220441814322Z.json,1,passed,/srv/bulk/samteway/lab-data/tracking-5ms-full-20260911-resume-v3/captures/block-20260911T215918963889Z-r2-A-1000us-control-20260911T220441.950351Z/run.json,90a58d6144556e8606322a7c0b577b2f3b6313d5c9927f209c43a69f5de5ae6e,
attempts-20260911T220456499805Z.json,1,passed,/srv/bulk/samteway/lab-data/tracking-5ms-full-20260911-resume-v3/captures/block-20260911T215918963889Z-r3-A-200us-control-20260911T220456.627449Z/run.json,eb173db1372b006b8736589b9151af742670634ed874059b26fbb29c1171cc74,
attempts-20260911T220505824265Z.json,1,passed,/srv/bulk/samteway/lab-data/tracking-5ms-full-20260911-resume-v3/captures/block-20260911T215918963889Z-r3-D-200us-20260911T220505.953093Z/run.json,79ab40f84fdf5078bceafaa553025508d1e088340f857ff4f196d03335a8b7e9,
attempts-20260911T220521571886Z.json,1,passed,/srv/bulk/samteway/lab-data/tracking-5ms-full-20260911-resume-v3/captures/block-20260911T215918963889Z-r3-D-1000us-20260911T220521.707630Z/run.json,fc47323db65d24cd4abd1af12df9a2b6603b1bcef5f0e0925e8a90475e48b78f,
attempts-20260911T220536808028Z.json,1,passed,/srv/bulk/samteway/lab-data/tracking-5ms-full-20260911-resume-v3/captures/block-20260911T215918963889Z-r3-D-50us-20260911T220536.943567Z/run.json,3d4890b257ce58506d11f345ae34f9dfbff70d5a2d6456c6260b9379955b2637,
attempts-20260911T220552287730Z.json,1,passed,/srv/bulk/samteway/lab-data/tracking-5ms-full-20260911-resume-v3/captures/block-20260911T215918963889Z-r3-A-1000us-control-20260911T220552.418461Z/run.json,8ded22b0c10738358166c848687f7a72e55d026a3f9535113c37a1e4f3aa8cd9,
attempts-20260911T220606797221Z.json,1,passed,/srv/bulk/samteway/lab-data/tracking-5ms-full-20260911-resume-v3/captures/block-20260911T215918963889Z-r3-D-25us-20260911T220606.931710Z/run.json,7d0c9da434e05aac57b96fcbca4af0ca17f7f7e970e554a71cf4ad1d163e8604,
attempts-20260911T220622709648Z.json,1,passed,/srv/bulk/samteway/lab-data/tracking-5ms-full-20260911-resume-v3/captures/block-20260911T215918963889Z-r3-D-100us-20260911T220622.839266Z/run.json,bbfba52f432ddaceea05447bfad9827c8813c0df8995fee561e1132e1c6c114a,
attempts-20260911T220651682593Z.json,1,passed,/srv/bulk/samteway/lab-data/tracking-5ms-full-20260911-resume-v3/captures/block-20260911T215918963889Z-ref-after-D-ANT5-20260911T220651.822833Z/run.json,941d0d4098eb29de5a09aed437ab33bc31ecaa56cf232d9936b91b6ca9c8e37a,
attempts-20260911T220702837378Z.json,1,passed,/srv/bulk/samteway/lab-data/tracking-5ms-full-20260911-resume-v3/captures/block-20260911T215918963889Z-ref-after-D-ANT7-20260911T220702.968433Z/run.json,a26aa9369fe2a0db6f73c90bd5af6262f7bd303b30b632249b450b7c55552ebc,
attempts-20260911T220713051783Z.json,1,passed,/srv/bulk/samteway/lab-data/tracking-5ms-full-20260911-resume-v3/captures/block-20260911T215918963889Z-ref-after-D-ANT8-20260911T220713.185603Z/run.json,c03c4fec382c127dccbcde7db6418fa4070955c2a2f42ce16bec0f5314efdc97,
attempts-20260911T220723111492Z.json,1,passed,/srv/bulk/samteway/lab-data/tracking-5ms-full-20260911-resume-v3/captures/block-20260911T215918963889Z-ref-after-D-ANT4-20260911T220723.250334Z/run.json,08656d8e3e064af5d3b8861c083f82a87ddeda6972858d1d9db4c7ab233e0df9,
attempts-20260911T220734183528Z.json,1,passed,/srv/bulk/samteway/lab-data/tracking-5ms-full-20260911-resume-v3/captures/block-20260911T215918963889Z-ref-after-D-ANT2-20260911T220734.319948Z/run.json,c9c8f0a74c08a434f99b903a05ad93825e247c70e9de89f1778264f3804cb1d2,
attempts-20260911T220745296816Z.json,1,passed,/srv/bulk/samteway/lab-data/tracking-5ms-full-20260911-resume-v3/captures/block-20260911T215918963889Z-ref-after-D-ANT1-20260911T220745.430571Z/run.json,6894097dddaed0ef59094d49218ccc6440a05a4fd1c109fd39bb90de564ffcee,
attempts-20260911T220755373693Z.json,1,passed,/srv/bulk/samteway/lab-data/tracking-5ms-full-20260911-resume-v3/captures/block-20260911T215918963889Z-ref-after-A-ANT5-20260911T220755.508275Z/run.json,fb6135091d4e13d75b8e3ed3503cefe5060dc41207a2674316a88a2bef388beb,
attempts-20260911T220804940426Z.json,1,passed,/srv/bulk/samteway/lab-data/tracking-5ms-full-20260911-resume-v3/captures/block-20260911T215918963889Z-ref-after-A-ANT7-20260911T220805.069771Z/run.json,8362cfc42cd3f7100ffc5ae8bcacd5a7c3423e19301de52d6efbc7ac492a4659,
attempts-20260911T220814982867Z.json,1,passed,/srv/bulk/samteway/lab-data/tracking-5ms-full-20260911-resume-v3/captures/block-20260911T215918963889Z-ref-after-A-ANT8-20260911T220815.116421Z/run.json,d54f8ea1f646f1ee682e8f5f7e267351257a4c115e42c566cf83006fdac26021,
attempts-20260911T220824890526Z.json,1,passed,/srv/bulk/samteway/lab-data/tracking-5ms-full-20260911-resume-v3/captures/block-20260911T215918963889Z-ref-after-A-ANT4-20260911T220825.032337Z/run.json,9297857a76e2fd9d7aa54fd7c8b5ab9e4e9295f2d12168da5a884bc112e67478,
attempts-20260911T220835010868Z.json,1,passed,/srv/bulk/samteway/lab-data/tracking-5ms-full-20260911-resume-v3/captures/block-20260911T215918963889Z-ref-after-A-ANT2-20260911T220835.137233Z/run.json,235001cc15625394f84587e4fa2a0e1d404001dcf559d8e10101307a8f37b1dd,
attempts-20260911T220844711879Z.json,1,passed,/srv/bulk/samteway/lab-data/tracking-5ms-full-20260911-resume-v3/captures/block-20260911T215918963889Z-ref-after-A-ANT1-20260911T220844.852634Z/run.json,6d7fb9c262d5283a94166519b40de6601543dd938ee2274933df1f7709b85be8,
attempts-20260911T220948311562Z.json,1,passed,/srv/bulk/samteway/lab-data/tracking-5ms-full-20260911-resume-v3/captures/block-20260911T220948222664Z-ref-before-A-ANT1-20260911T220948.439536Z/run.json,fe14034708b3e86ad9dd941cb5b8607b5f9c8ffd60d6cd90ae9649f33bfb7b7a,
attempts-20260911T220958364214Z.json,1,passed,/srv/bulk/samteway/lab-data/tracking-5ms-full-20260911-resume-v3/captures/block-20260911T220948222664Z-ref-before-A-ANT2-20260911T220958.493861Z/run.json,7680811aefca04ca9ba4d693c31ab0dc464f802fc031a78d23fd999163b17caa,
attempts-20260911T221008480459Z.json,1,passed,/srv/bulk/samteway/lab-data/tracking-5ms-full-20260911-resume-v3/captures/block-20260911T220948222664Z-ref-before-A-ANT4-20260911T221008.623376Z/run.json,88fb662f260e729daa127078f17161dc450fdcd587ab96df5fdc78f8a1995c60,
attempts-20260911T221018731555Z.json,1,passed,/srv/bulk/samteway/lab-data/tracking-5ms-full-20260911-resume-v3/captures/block-20260911T220948222664Z-ref-before-A-ANT8-20260911T221018.873196Z/run.json,9084a83298bb625e6ca63f8663df0dd2fa708a6726cbfefbcf069de44960e3fe,
attempts-20260911T221028805578Z.json,1,passed,/srv/bulk/samteway/lab-data/tracking-5ms-full-20260911-resume-v3/captures/block-20260911T220948222664Z-ref-before-A-ANT7-20260911T221028.944975Z/run.json,b235cdb1121ad9dc977bb1ebc6cf8f7c36d66526b76b9367d1d5bf56bcc5ce94,
attempts-20260911T221038878679Z.json,1,passed,/srv/bulk/samteway/lab-data/tracking-5ms-full-20260911-resume-v3/captures/block-20260911T220948222664Z-ref-before-A-ANT5-20260911T221039.013784Z/run.json,12d1c1bcdbce8a5dcdd825998ff52ab0e606d0f18784e0528e0bd975135c8163,
attempts-20260911T221048973165Z.json,1,passed,/srv/bulk/samteway/lab-data/tracking-5ms-full-20260911-resume-v3/captures/block-20260911T220948222664Z-ref-before-B-ANT1-20260911T221049.112752Z/run.json,a26f6367240e8c2b304b53c5eb8ce2594f1ca72bb9fa6599985929d7b7aa28d7,
attempts-20260911T221100449806Z.json,1,passed,/srv/bulk/samteway/lab-data/tracking-5ms-full-20260911-resume-v3/captures/block-20260911T220948222664Z-ref-before-B-ANT2-20260911T221100.587138Z/run.json,8da228227eff397c44ffa555cd73f311bdb693300c8d0e2d9a34ca0d3b68af3f,
attempts-20260911T221110572391Z.json,1,passed,/srv/bulk/samteway/lab-data/tracking-5ms-full-20260911-resume-v3/captures/block-20260911T220948222664Z-ref-before-B-ANT4-20260911T221110.708970Z/run.json,06769404472f80432a1cd68273c50e932e5fe2955255d3dc03ef98715018791c,
attempts-20260911T221120550057Z.json,1,passed,/srv/bulk/samteway/lab-data/tracking-5ms-full-20260911-resume-v3/captures/block-20260911T220948222664Z-ref-before-B-ANT8-20260911T221120.696522Z/run.json,3ae29d227b2f66ccd41761f592c7998688a6eab93c143cf59c69286f6ed33b05,
attempts-20260911T221130403694Z.json,1,passed,/srv/bulk/samteway/lab-data/tracking-5ms-full-20260911-resume-v3/captures/block-20260911T220948222664Z-ref-before-B-ANT7-20260911T221130.539609Z/run.json,4863e2d4c6370fd6dcde055660e016657bd280ec5c16456b409e3af68a0037f8,
attempts-20260911T221140570400Z.json,1,passed,/srv/bulk/samteway/lab-data/tracking-5ms-full-20260911-resume-v3/captures/block-20260911T220948222664Z-ref-before-B-ANT5-20260911T221140.709177Z/run.json,9ffcd97b2e4f29ce8c2b4256fcfe1e712bfc33363462a55cca079920bf4d91ce,
attempts-20260911T221157155769Z.json,1,passed,/srv/bulk/samteway/lab-data/tracking-5ms-full-20260911-resume-v3/captures/block-20260911T220948222664Z-r1-A-1000us-control-20260911T221157.290723Z/run.json,0f40d2665a351673b1c3f2a2c67b9d95969949e7666d7778ba7bdd4e73cb31f3,
attempts-20260911T221211735977Z.json,1,passed,/srv/bulk/samteway/lab-data/tracking-5ms-full-20260911-resume-v3/captures/block-20260911T220948222664Z-r1-B-100us-20260911T221211.870350Z/run.json,845b4aefb3e0cd327b04ba5cc6710a2dd85e9db862985f4a8a356507b4105cea,
attempts-20260911T221227362150Z.json,1,passed,/srv/bulk/samteway/lab-data/tracking-5ms-full-20260911-resume-v3/captures/block-20260911T220948222664Z-r1-B-50us-20260911T221227.499273Z/run.json,10c8ea7d2ed9d16bc92368052e3beb4fb4cda0ba641390b55ce0478cbb379303,
attempts-20260911T221242847607Z.json,1,passed,/srv/bulk/samteway/lab-data/tracking-5ms-full-20260911-resume-v3/captures/block-20260911T220948222664Z-r1-B-1000us-20260911T221242.979927Z/run.json,00dff69c4bdf4570f4dfb2ce07e192e5a821d3403c55981a6484a72edf35da97,
attempts-20260911T221258129890Z.json,1,passed,/srv/bulk/samteway/lab-data/tracking-5ms-full-20260911-resume-v3/captures/block-20260911T220948222664Z-r1-A-200us-control-20260911T221258.267648Z/run.json,028a18cce970e3f7a91c0016d0eaeee15deff2fe1619feb99a058c2e40d20abc,
attempts-20260911T221307114849Z.json,1,passed,/srv/bulk/samteway/lab-data/tracking-5ms-full-20260911-resume-v3/captures/block-20260911T220948222664Z-r1-B-200us-20260911T221307.250752Z/run.json,32f30f45fbf98ba162d63a495fe726c3f33cd928c448190bc16b9e4cfc05a0f4,
attempts-20260911T221323106518Z.json,1,passed,/srv/bulk/samteway/lab-data/tracking-5ms-full-20260911-resume-v3/captures/block-20260911T220948222664Z-r1-B-25us-20260911T221323.247587Z/run.json,ea4feecf2d6e7d9fd4c674f1f7f32481966b7ff7d206f7adf460447fe5f51935,
attempts-20260911T221339125367Z.json,1,passed,/srv/bulk/samteway/lab-data/tracking-5ms-full-20260911-resume-v3/captures/block-20260911T220948222664Z-r2-B-50us-20260911T221339.266341Z/run.json,555e114939abf7c41f15ef185016992cd8de9de584266823233e782458072df6,
attempts-20260911T221354744466Z.json,1,passed,/srv/bulk/samteway/lab-data/tracking-5ms-full-20260911-resume-v3/captures/block-20260911T220948222664Z-r2-B-1000us-20260911T221354.880685Z/run.json,7648d7af015f474107305fdf518d97b0ccf809e069ded00fd291a83fe2f55228,
attempts-20260911T221410421231Z.json,1,passed,/srv/bulk/samteway/lab-data/tracking-5ms-full-20260911-resume-v3/captures/block-20260911T220948222664Z-r2-B-25us-20260911T221410.562600Z/run.json,fe9e66cfaab23922fa12bef3cf285bdfc9a8470ac1c533c51f829cc86dc75c9f,
attempts-20260911T221425748969Z.json,1,passed,/srv/bulk/samteway/lab-data/tracking-5ms-full-20260911-resume-v3/captures/block-20260911T220948222664Z-r2-B-100us-20260911T221425.893555Z/run.json,d1a091bacf693a2e6802635363fa177f97a213d04ee3ddb9c384f7055630e85e,
attempts-20260911T221441079719Z.json,1,passed,/srv/bulk/samteway/lab-data/tracking-5ms-full-20260911-resume-v3/captures/block-20260911T220948222664Z-r2-B-200us-20260911T221441.212724Z/run.json,ffbba520c4dffdc6697bca9c6f94df50a2b6935e4057a42889a9b03877df6209,
attempts-20260911T221451036090Z.json,1,passed,/srv/bulk/samteway/lab-data/tracking-5ms-full-20260911-resume-v3/captures/block-20260911T220948222664Z-r2-A-200us-control-20260911T221451.171138Z/run.json,47ba5d5d995c6cd516130796b9c578a21c3e3880c3fb8b3ab770a0df1f9d708b,
attempts-20260911T221505797610Z.json,1,passed,/srv/bulk/samteway/lab-data/tracking-5ms-full-20260911-resume-v3/captures/block-20260911T220948222664Z-r2-A-1000us-control-20260911T221505.939329Z/run.json,b3896c284a57085f32efc784f02b15d4e2b635ec0b17e8caf551f46090fe87a6,
attempts-20260911T221520824013Z.json,1,passed,/srv/bulk/samteway/lab-data/tracking-5ms-full-20260911-resume-v3/captures/block-20260911T220948222664Z-r3-A-200us-control-20260911T221520.956212Z/run.json,cf61a91090aafcac731604ad7d4748817ce74c61f3db0208e12509be4ca5890a,
attempts-20260911T221530430600Z.json,1,passed,/srv/bulk/samteway/lab-data/tracking-5ms-full-20260911-resume-v3/captures/block-20260911T220948222664Z-r3-B-200us-20260911T221530.562743Z/run.json,7b1d1c85acf63025885c1cde49a47a39becdb73e77ed303d8238a32d64692e71,
attempts-20260911T221545800191Z.json,1,passed,/srv/bulk/samteway/lab-data/tracking-5ms-full-20260911-resume-v3/captures/block-20260911T220948222664Z-r3-B-1000us-20260911T221545.931017Z/run.json,c6d679dcfdd3d5fb4ad5f0baac88d40846d037613ce133286fe08b19f41b037e,
attempts-20260911T221600961126Z.json,1,passed,/srv/bulk/samteway/lab-data/tracking-5ms-full-20260911-resume-v3/captures/block-20260911T220948222664Z-r3-B-50us-20260911T221601.101876Z/run.json,90de2eee04495b2c8db7ef610ec04481185adc75a07bac9c7be26c34743db612,
attempts-20260911T221616084726Z.json,1,passed,/srv/bulk/samteway/lab-data/tracking-5ms-full-20260911-resume-v3/captures/block-20260911T220948222664Z-r3-A-1000us-control-20260911T221616.225574Z/run.json,37e108dd1e7819132f00ae9ec49f4e3b720052fb4db51069621810e065c914b6,
attempts-20260911T221631606903Z.json,1,passed,/srv/bulk/samteway/lab-data/tracking-5ms-full-20260911-resume-v3/captures/block-20260911T220948222664Z-r3-B-25us-20260911T221631.750269Z/run.json,bed4579e364c8a741b2f70b52a0b4c1198a48a37fb00f6be693c15713ac1273e,
attempts-20260911T221647143184Z.json,1,passed,/srv/bulk/samteway/lab-data/tracking-5ms-full-20260911-resume-v3/captures/block-20260911T220948222664Z-r3-B-100us-20260911T221647.300528Z/run.json,789653401fddeb8228aeb21b178bb992b102247204322aa91e96aeb88f39e460,
attempts-20260911T221715819456Z.json,1,passed,/srv/bulk/samteway/lab-data/tracking-5ms-full-20260911-resume-v3/captures/block-20260911T220948222664Z-ref-after-B-ANT5-20260911T221715.953353Z/run.json,9761d7b8e2bc97ef47f4cf29e270bb94d962b3b4c72d62c91aa47093c5afe4c6,
attempts-20260911T221725854035Z.json,1,passed,/srv/bulk/samteway/lab-data/tracking-5ms-full-20260911-resume-v3/captures/block-20260911T220948222664Z-ref-after-B-ANT7-20260911T221725.998192Z/run.json,1f16803f1f3e0fd14160e037ffa135dc31ac3d76ffba13cd9c39ac0995e39930,
attempts-20260911T221735873874Z.json,1,passed,/srv/bulk/samteway/lab-data/tracking-5ms-full-20260911-resume-v3/captures/block-20260911T220948222664Z-ref-after-B-ANT8-20260911T221736.018168Z/run.json,1da7deb910ea2bb6d2acb598be83ed0a27cf5e0e000f9a2b293ad7039ca99af8,
attempts-20260911T221746145203Z.json,1,passed,/srv/bulk/samteway/lab-data/tracking-5ms-full-20260911-resume-v3/captures/block-20260911T220948222664Z-ref-after-B-ANT4-20260911T221746.287303Z/run.json,54fa69084f4bfd34829fd6e8d0a889963d88abcbb9813a393f65473caec078fa,
attempts-20260911T221756204723Z.json,1,passed,/srv/bulk/samteway/lab-data/tracking-5ms-full-20260911-resume-v3/captures/block-20260911T220948222664Z-ref-after-B-ANT2-20260911T221756.346914Z/run.json,3145c5aac54b08be11c50ad3c5d2f1b744aad2635db743a0a104d416ae74d89f,
attempts-20260911T221806306418Z.json,1,passed,/srv/bulk/samteway/lab-data/tracking-5ms-full-20260911-resume-v3/captures/block-20260911T220948222664Z-ref-after-B-ANT1-20260911T221806.452244Z/run.json,7c09390f6587d0fc2df592d072a390a32663cdcde68b048b4272e00cfd6f6025,
attempts-20260911T221817417337Z.json,1,passed,/srv/bulk/samteway/lab-data/tracking-5ms-full-20260911-resume-v3/captures/block-20260911T220948222664Z-ref-after-A-ANT5-20260911T221817.559898Z/run.json,d31c4d7fad1f9fe51219c8c46277805951dd58a6980661bde5cec8fa82f41a3b,
attempts-20260911T221826905979Z.json,1,passed,/srv/bulk/samteway/lab-data/tracking-5ms-full-20260911-resume-v3/captures/block-20260911T220948222664Z-ref-after-A-ANT7-20260911T221827.047626Z/run.json,a4fe1c8bed0d5864c7ea87f703fec59a86f96dc5c27752d8df91fb503f788e2b,
attempts-20260911T221836725179Z.json,1,passed,/srv/bulk/samteway/lab-data/tracking-5ms-full-20260911-resume-v3/captures/block-20260911T220948222664Z-ref-after-A-ANT8-20260911T221836.857565Z/run.json,067b7eec1bf91383189011a7262227ece5f8a8eb153c0cfdf30d3b0af0a61c34,
attempts-20260911T221846557040Z.json,1,passed,/srv/bulk/samteway/lab-data/tracking-5ms-full-20260911-resume-v3/captures/block-20260911T220948222664Z-ref-after-A-ANT4-20260911T221846.690824Z/run.json,3325ba23968e25a724e96ebd862da4fc400fe44c96a15f46d575d4aefc683a43,
attempts-20260911T221856309203Z.json,1,passed,/srv/bulk/samteway/lab-data/tracking-5ms-full-20260911-resume-v3/captures/block-20260911T220948222664Z-ref-after-A-ANT2-20260911T221856.452066Z/run.json,49fa3a3fd186015a708b420e695aaf6682667a3f3045b9e299ed62b7194edbcd,
attempts-20260911T221906299393Z.json,1,passed,/srv/bulk/samteway/lab-data/tracking-5ms-full-20260911-resume-v3/captures/block-20260911T220948222664Z-ref-after-A-ANT1-20260911T221906.434913Z/run.json,f378d0eff77183d230e2a18a73788289cec58f24dc3bac9d6979cd437e1d3e98,
attempts-20260911T222017151974Z.json,1,passed,/srv/bulk/samteway/lab-data/tracking-5ms-full-20260911-resume-v3/captures/dense5ms-5726000000-tx1-20260911T222017.289867Z/run.json,4f37d14c8b6cebf34b4c36c201795cccdea0c2c18dc62f4d078e468aebebebcb,
attempts-20260911T222027907074Z.json,1,passed,/srv/bulk/samteway/lab-data/tracking-5ms-full-20260911-resume-v3/captures/dense5ms-5726000000-tx2-20260911T222028.047150Z/run.json,ba64aaa3f7d054d8016c25b7614f4909a12f83a089774c8d18fdaca3f16e4ce6,
attempts-20260911T222038587350Z.json,1,passed,/srv/bulk/samteway/lab-data/tracking-5ms-full-20260911-resume-v3/captures/dense5ms-5727000000-tx1-20260911T222038.746012Z/run.json,a639076953f58ff294a2c1cdfdb153eef9d0bf2492c8a620f6e0e1040a385e23,
attempts-20260911T222049353283Z.json,1,passed,/srv/bulk/samteway/lab-data/tracking-5ms-full-20260911-resume-v3/captures/dense5ms-5727000000-tx2-20260911T222049.515016Z/run.json,c9f247818a01a148a0d6b52692bb9d5482ffa7c5389bf71c1925f1caf1df6b46,
attempts-20260911T222100170879Z.json,1,passed,/srv/bulk/samteway/lab-data/tracking-5ms-full-20260911-resume-v3/captures/dense5ms-5728000000-tx1-20260911T222100.332546Z/run.json,7ac501fec8fc9ccf4accf2e5a75bcc8d37f8a219b9fe8ee5fa6f1b25660d9aab,
attempts-20260911T222111148385Z.json,1,passed,/srv/bulk/samteway/lab-data/tracking-5ms-full-20260911-resume-v3/captures/dense5ms-5728000000-tx2-20260911T222111.305908Z/run.json,c57ffb806a84f0c5d5e1da1f1f69912980065d4fc0dca421a44299ebe5e82fda,
attempts-20260911T222122090811Z.json,1,passed,/srv/bulk/samteway/lab-data/tracking-5ms-full-20260911-resume-v3/captures/dense5ms-5729000000-tx1-20260911T222122.227188Z/run.json,128efc03d1131c14eeb728506fa241920a8c165854b5cd7e09cd029966fd0ed5,
attempts-20260911T222133143407Z.json,1,passed,/srv/bulk/samteway/lab-data/tracking-5ms-full-20260911-resume-v3/captures/dense5ms-5729000000-tx2-20260911T222133.284631Z/run.json,526d575da670d8da925f0eb96a3f3a14bd46cef7573143c1b33d71f07300bace,
attempts-20260911T222143179988Z.json,1,passed,/srv/bulk/samteway/lab-data/tracking-5ms-full-20260911-resume-v3/captures/dense5ms-5730000000-tx1-20260911T222143.315529Z/run.json,2181636080d21d1d5774df2f12a838ff5c35abe1625267a35cb2e1eaf35244c0,
attempts-20260911T222153224822Z.json,1,passed,/srv/bulk/samteway/lab-data/tracking-5ms-full-20260911-resume-v3/captures/dense5ms-5730000000-tx2-20260911T222153.356248Z/run.json,3801de57f12ef4a5e7f64bd6cc4afc28e14a6b65d39e981e83ea17f876c468e8,
attempts-20260911T222203344308Z.json,1,passed,/srv/bulk/samteway/lab-data/tracking-5ms-full-20260911-resume-v3/captures/dense5ms-5731000000-tx1-20260911T222203.476571Z/run.json,57b5288fed1aa4fc41091439920fe879e082b7df565cfdc2cceb50f233b9e170,
attempts-20260911T222212874990Z.json,1,passed,/srv/bulk/samteway/lab-data/tracking-5ms-full-20260911-resume-v3/captures/dense5ms-5731000000-tx2-20260911T222213.009272Z/run.json,977865705be12a888725b91e0e2531f7abc6b192e0c24f06896e4696941484b7,
attempts-20260911T222222595105Z.json,1,passed,/srv/bulk/samteway/lab-data/tracking-5ms-full-20260911-resume-v3/captures/dense5ms-5732000000-tx1-20260911T222222.727013Z/run.json,dd9410801f1f748bbac62346459bb78cbc1ad1ca3f18b2fb9e48c603640b320b,
attempts-20260911T222232336389Z.json,1,passed,/srv/bulk/samteway/lab-data/tracking-5ms-full-20260911-resume-v3/captures/dense5ms-5732000000-tx2-20260911T222232.465456Z/run.json,fed8c9bc9d5c53c6d8a9cd07bc7e88e14bd454a39c5a3b0eea1783c96a415b99,
attempts-20260911T222242500209Z.json,1,passed,/srv/bulk/samteway/lab-data/tracking-5ms-full-20260911-resume-v3/captures/dense5ms-5733000000-tx1-20260911T222242.626285Z/run.json,cd20a24b001a38ff3fe7bbcbad34a639fb5eb69658dadd18d9e7639c9d36c1ff,
attempts-20260911T222252429215Z.json,1,passed,/srv/bulk/samteway/lab-data/tracking-5ms-full-20260911-resume-v3/captures/dense5ms-5733000000-tx2-20260911T222252.565470Z/run.json,5b853b5478f68dc15943991de503c4556cb99563f4cf3dd4306525c22889e6ac,
attempts-20260911T222302556403Z.json,1,passed,/srv/bulk/samteway/lab-data/tracking-5ms-full-20260911-resume-v3/captures/dense5ms-5734000000-tx1-20260911T222302.685171Z/run.json,4e7e0775de6d6d6d11455e301ddeb4ce50b6804713f5061ee507f13283c1029a,
attempts-20260911T222312468021Z.json,1,passed,/srv/bulk/samteway/lab-data/tracking-5ms-full-20260911-resume-v3/captures/dense5ms-5734000000-tx2-20260911T222312.598555Z/run.json,0370214956f2a848103e9aa26d3a7ff515a3956f40e381643b8890092fc7c343,
attempts-20260911T222322499653Z.json,1,passed,/srv/bulk/samteway/lab-data/tracking-5ms-full-20260911-resume-v3/captures/dense5ms-5735000000-tx1-20260911T222322.637696Z/run.json,f1e68bd5e3facf47106e238c8ae6ca3d8d6eef6cf1a36e173c81eba1745e937d,
attempts-20260911T222332260852Z.json,1,passed,/srv/bulk/samteway/lab-data/tracking-5ms-full-20260911-resume-v3/captures/dense5ms-5735000000-tx2-20260911T222332.395494Z/run.json,4d7fe0ec77008c60566a2e22c5cbaa60597d3206ce2f91988f5819ca5ab4a6f6,
attempts-20260911T222342382679Z.json,1,passed,/srv/bulk/samteway/lab-data/tracking-5ms-full-20260911-resume-v3/captures/dense5ms-5736000000-tx1-20260911T222342.518651Z/run.json,e2595b5805cd582106ca835fce0398ec54af8c1860f7e5c0cfeb3c57ffb287ce,
attempts-20260911T222352630299Z.json,1,passed,/srv/bulk/samteway/lab-data/tracking-5ms-full-20260911-resume-v3/captures/dense5ms-5736000000-tx2-20260911T222352.766599Z/run.json,607c7b317f979437c1395cc7baa0068e48bf2a7f9ceeb17848b2270b2e0d285f,
attempts-20260911T222402399328Z.json,1,passed,/srv/bulk/samteway/lab-data/tracking-5ms-full-20260911-resume-v3/captures/dense5ms-5737000000-tx1-20260911T222402.529378Z/run.json,3ac7c4236e4b511f057fd32ad35bcdb06cb34f093d3edab2d7aa8c24f182616b,
attempts-20260911T222413007271Z.json,1,passed,/srv/bulk/samteway/lab-data/tracking-5ms-full-20260911-resume-v3/captures/dense5ms-5737000000-tx2-20260911T222413.141349Z/run.json,7bc443341d691b688b253aaa2b23b423ac472921d751328fc5f2d8953575d922,
attempts-20260911T222423039532Z.json,1,passed,/srv/bulk/samteway/lab-data/tracking-5ms-full-20260911-resume-v3/captures/dense5ms-5738000000-tx1-20260911T222423.173366Z/run.json,c05af82b12a61a01639402bae43c0a8584e9cc967960634f8e623332143b5a36,
attempts-20260911T222433651248Z.json,1,passed,/srv/bulk/samteway/lab-data/tracking-5ms-full-20260911-resume-v3/captures/dense5ms-5738000000-tx2-20260911T222433.786164Z/run.json,1d871becc7fbb436bb1f63708ec94146de721f9f852a59ec4138c10bcf94870e,
attempts-20260911T222445033045Z.json,1,passed,/srv/bulk/samteway/lab-data/tracking-5ms-full-20260911-resume-v3/captures/dense5ms-5739000000-tx1-20260911T222445.168724Z/run.json,96f9c822b6b5ef6479a19ac55b316ad64fd7dcb36371248b7a2ea92c5f6d2786,
attempts-20260911T222456675482Z.json,1,passed,/srv/bulk/samteway/lab-data/tracking-5ms-full-20260911-resume-v3/captures/dense5ms-5739000000-tx2-20260911T222456.813182Z/run.json,e268d8a2df49adc85af060cd12b37b2181eeb788c4610eb8a8e676b2040ecaff,
attempts-20260911T222506724584Z.json,1,passed,/srv/bulk/samteway/lab-data/tracking-5ms-full-20260911-resume-v3/captures/dense5ms-5740000000-tx1-20260911T222506.854012Z/run.json,cbaa52d66006fa09a0228be3075a6c1bbe0be366d7fdabc6f11e0fe78cfad096,
attempts-20260911T222518008974Z.json,1,passed,/srv/bulk/samteway/lab-data/tracking-5ms-full-20260911-resume-v3/captures/dense5ms-5740000000-tx2-20260911T222518.145806Z/run.json,cfc5bbe93f2dda764ee438a390fad84a6679723a5cf71a40ba6b45279b1db2e4,
attempts-20260911T222528102938Z.json,1,passed,/srv/bulk/samteway/lab-data/tracking-5ms-full-20260911-resume-v3/captures/dense5ms-5741000000-tx1-20260911T222528.236520Z/run.json,493852b4c237dab8dc429d2dc6d40ed3b21cc103fb7b3532f03f776b2d119e4e,
attempts-20260911T222539572167Z.json,1,passed,/srv/bulk/samteway/lab-data/tracking-5ms-full-20260911-resume-v3/captures/dense5ms-5741000000-tx2-20260911T222539.710042Z/run.json,fd168ca7920fd11747c2612e04bad5235f19afbee1505830d814c319a3e8ca77,
attempts-20260911T222550560922Z.json,1,passed,/srv/bulk/samteway/lab-data/tracking-5ms-full-20260911-resume-v3/captures/dense5ms-5742000000-tx1-20260911T222550.700676Z/run.json,b592255a4e7b113c6382b1ebc41cbab292c0df92cb4e285bd58a1fb1a75bd62d,
attempts-20260911T222602676989Z.json,1,passed,/srv/bulk/samteway/lab-data/tracking-5ms-full-20260911-resume-v3/captures/dense5ms-5742000000-tx2-20260911T222602.812200Z/run.json,481184d0a7329396206dd193d2604f47eb1f58f6d4dcee1687d98dadd54a8ae4,
attempts-20260911T222613279035Z.json,1,failed,/srv/bulk/samteway/lab-data/tracking-5ms-full-20260911-resume-v3/captures/dense5ms-5743000000-tx1-20260911T222613.415070Z/run.json,8b46e27a84dec35bdfa5d474adc59a5d5548e951f64b30e49ebeed205b4b08e4,[Errno 61] No data available
attempts-20260911T222613279035Z.json,2,passed,/srv/bulk/samteway/lab-data/tracking-5ms-full-20260911-resume-v3/captures/dense5ms-5743000000-tx1-20260911T222619.895659Z/run.json,d3bbf869ad1b11d27d035cb1b08fa5b6017ffa3a1b4742e34f1e650be286729f,
attempts-20260911T222630002600Z.json,1,passed,/srv/bulk/samteway/lab-data/tracking-5ms-full-20260911-resume-v3/captures/dense5ms-5743000000-tx2-20260911T222630.135650Z/run.json,c14b0a1438e18f4df4e7900e1c20d64dc4e11b6b73434e11fb599d4286c79e6f,
attempts-20260911T222641549746Z.json,1,failed,/srv/bulk/samteway/lab-data/tracking-5ms-full-20260911-resume-v3/captures/dense5ms-5744000000-tx1-20260911T222641.692248Z/run.json,af26a7820cefc3a53d0b1b7c1bec563242a8bd5de664af742c03deefb206712e,[Errno 61] No data available
attempts-20260911T222641549746Z.json,2,passed,/srv/bulk/samteway/lab-data/tracking-5ms-full-20260911-resume-v3/captures/dense5ms-5744000000-tx1-20260911T222649.223519Z/run.json,84b2390e29444c4e041a05eaf99eb74023638fc6f7ac73fca72bdecbe89354d7,
attempts-20260911T222659908684Z.json,1,passed,/srv/bulk/samteway/lab-data/tracking-5ms-full-20260911-resume-v3/captures/dense5ms-5744000000-tx2-20260911T222700.043530Z/run.json,3d2d9cc520f2d47bd343bac9c59d0a293c524cc1c38d46a25507ca87e2db1c79,
attempts-20260911T222711810490Z.json,1,passed,/srv/bulk/samteway/lab-data/tracking-5ms-full-20260911-resume-v3/captures/dense5ms-5745000000-tx1-20260911T222711.944277Z/run.json,b5b85b31ea4b5b87607c74860318c0fa4a886c4c5fbf137a0e73cbaf84b05e6f,
attempts-20260911T222722356700Z.json,1,passed,/srv/bulk/samteway/lab-data/tracking-5ms-full-20260911-resume-v3/captures/dense5ms-5745000000-tx2-20260911T222722.485925Z/run.json,628b20720108ab0d4191e1d24f149e4710a23224347ef16ab7daeb945eeb7dc5,
attempts-20260911T222733179645Z.json,1,passed,/srv/bulk/samteway/lab-data/tracking-5ms-full-20260911-resume-v3/captures/dense5ms-5746000000-tx1-20260911T222733.309299Z/run.json,f037759274c7d9dd00cd99f16f7e093c07ac355ed20d726ea879d25c1100ad5a,
attempts-20260911T222743895673Z.json,1,passed,/srv/bulk/samteway/lab-data/tracking-5ms-full-20260911-resume-v3/captures/dense5ms-5746000000-tx2-20260911T222744.029694Z/run.json,6ab23c7b2c5212d675bd2b3cfef9cc14f39df4803053723e8559f3e3eef9f012,
attempts-20260911T222754708287Z.json,1,passed,/srv/bulk/samteway/lab-data/tracking-5ms-full-20260911-resume-v3/captures/dense5ms-5747000000-tx1-20260911T222754.839555Z/run.json,c21794b04cbd7238c15e1980e239878fe3a6b04d2cd29a778d4f79d385520c0b,
attempts-20260911T222805231146Z.json,1,passed,/srv/bulk/samteway/lab-data/tracking-5ms-full-20260911-resume-v3/captures/dense5ms-5747000000-tx2-20260911T222805.358104Z/run.json,8751d06a921748db7e5108a590e28547947d64f6be4653535b67021c29263f73,
attempts-20260911T222815820197Z.json,1,passed,/srv/bulk/samteway/lab-data/tracking-5ms-full-20260911-resume-v3/captures/dense5ms-5748000000-tx1-20260911T222815.954901Z/run.json,1d7d36c5578e500b0a4a421835e06caa4c4c90e6ae481b3269ce4cca2ea9f3cf,
attempts-20260911T222825584583Z.json,1,passed,/srv/bulk/samteway/lab-data/tracking-5ms-full-20260911-resume-v3/captures/dense5ms-5748000000-tx2-20260911T222825.720662Z/run.json,2befcf634481a265509e857ad35b220538937537d789ac0f467b6026197322eb,
attempts-20260911T222835381765Z.json,1,passed,/srv/bulk/samteway/lab-data/tracking-5ms-full-20260911-resume-v3/captures/dense5ms-5749000000-tx1-20260911T222835.518752Z/run.json,88599943fa7ac4cf932ee7c86be6cfb8aa9678c2af0da7e6e2a73e86a7970a36,
attempts-20260911T222845337116Z.json,1,passed,/srv/bulk/samteway/lab-data/tracking-5ms-full-20260911-resume-v3/captures/dense5ms-5749000000-tx2-20260911T222845.475593Z/run.json,b959cb4e960987740b999fd17da381f0d07383725cc039af45a4adb3880068e4,
attempts-20260911T222855243171Z.json,1,passed,/srv/bulk/samteway/lab-data/tracking-5ms-full-20260911-resume-v3/captures/dense5ms-5750000000-tx1-20260911T222855.377401Z/run.json,6a235e7bf88ef1922704027c47b798c3c7eb91f4554406b7c89b6c30b845a27b,
attempts-20260911T222904759864Z.json,1,passed,/srv/bulk/samteway/lab-data/tracking-5ms-full-20260911-resume-v3/captures/dense5ms-5750000000-tx2-20260911T222904.900209Z/run.json,4fb4fb493d82980d8fda5ff7b595567197c930577c913d75bdedde8493269ec0,
attempts-20260911T222914448461Z.json,1,passed,/srv/bulk/samteway/lab-data/tracking-5ms-full-20260911-resume-v3/captures/dense5ms-5751000000-tx1-20260911T222914.587497Z/run.json,e96c1581f6406b589a1070153af5875128c5df1bd31ce7a4ef7cb00b78f3526f,
attempts-20260911T222924331939Z.json,1,passed,/srv/bulk/samteway/lab-data/tracking-5ms-full-20260911-resume-v3/captures/dense5ms-5751000000-tx2-20260911T222924.473205Z/run.json,8fa1d8cafef04e33364dd2395103296041d6ed45e1140735b0438b1bf688cfef,
attempts-20260911T222935109704Z.json,1,passed,/srv/bulk/samteway/lab-data/tracking-5ms-full-20260911-resume-v3/captures/dense5ms-5752000000-tx1-20260911T222935.245264Z/run.json,063c2ade9dfaba73f17b3b6eda2a7085ad393bebd5dc33b79448e65890a8dad3,
attempts-20260911T222945153452Z.json,1,passed,/srv/bulk/samteway/lab-data/tracking-5ms-full-20260911-resume-v3/captures/dense5ms-5752000000-tx2-20260911T222945.291313Z/run.json,2ba7f9701638ffd62f633f921586cbfd1dccaea60f42cb630aebf1996915f48d,
attempts-20260911T222954972397Z.json,1,passed,/srv/bulk/samteway/lab-data/tracking-5ms-full-20260911-resume-v3/captures/dense5ms-5753000000-tx1-20260911T222955.111772Z/run.json,4d38c0f9615ae5a090b2f200337f495ab72363ccadf3c33b736f8d878b38cc6d,
attempts-20260911T223005879226Z.json,1,passed,/srv/bulk/samteway/lab-data/tracking-5ms-full-20260911-resume-v3/captures/dense5ms-5753000000-tx2-20260911T223006.012696Z/run.json,b49071d5613e369d16c2030cb1d0a3e43230162375f6b651c910cb0c8c1a6691,
attempts-20260911T223015865065Z.json,1,passed,/srv/bulk/samteway/lab-data/tracking-5ms-full-20260911-resume-v3/captures/dense5ms-5754000000-tx1-20260911T223016.001499Z/run.json,e578776e6ea987fe816001eda2f546407ca6adf5ccaa26a165041a95cbed6a1c,
attempts-20260911T223026539098Z.json,1,passed,/srv/bulk/samteway/lab-data/tracking-5ms-full-20260911-resume-v3/captures/dense5ms-5754000000-tx2-20260911T223026.682503Z/run.json,dbc64ab11106abc00b43376a8d653a66fcb3d6c8e186ddf395d9fef893b56f47,
attempts-20260911T223036703574Z.json,1,passed,/srv/bulk/samteway/lab-data/tracking-5ms-full-20260911-resume-v3/captures/dense5ms-5755000000-tx1-20260911T223036.836946Z/run.json,15c6014c32fac7f213c74c194ea6fb26998d443b377c692f3c2f7277ead39cd5,
attempts-20260911T223047065700Z.json,1,passed,/srv/bulk/samteway/lab-data/tracking-5ms-full-20260911-resume-v3/captures/dense5ms-5755000000-tx2-20260911T223047.199798Z/run.json,80bb053faafe2b799cce54965f7866e0d9a0d48c3120a715a6c4f550e9cdff95,
attempts-20260911T223057428054Z.json,1,passed,/srv/bulk/samteway/lab-data/tracking-5ms-full-20260911-resume-v3/captures/dense5ms-5756000000-tx1-20260911T223057.568521Z/run.json,71a90eb04e0c7acbba7c904dd911555ce48f44ec318a4eec922e5745036f3490,
attempts-20260911T223107651010Z.json,1,passed,/srv/bulk/samteway/lab-data/tracking-5ms-full-20260911-resume-v3/captures/dense5ms-5756000000-tx2-20260911T223107.792922Z/run.json,b26969818b1c8536f59364f866da61f6ed50d1ec811ed0af7e490dddd16f2835,
attempts-20260911T223118139962Z.json,1,passed,/srv/bulk/samteway/lab-data/tracking-5ms-full-20260911-resume-v3/captures/dense5ms-5757000000-tx1-20260911T223118.282241Z/run.json,100d0aa870793a166dc0e9ca8cc88b184fb13955f7056b02d95e8d6c6ea61ef8,
attempts-20260911T223128355259Z.json,1,passed,/srv/bulk/samteway/lab-data/tracking-5ms-full-20260911-resume-v3/captures/dense5ms-5757000000-tx2-20260911T223128.489059Z/run.json,c84a6493c67e05d55f61ae5a6f9e92cfde0d46143b972c2dec4f8ea9b8383af6,
attempts-20260911T223139827986Z.json,1,passed,/srv/bulk/samteway/lab-data/tracking-5ms-full-20260911-resume-v3/captures/dense5ms-5758000000-tx1-20260911T223139.964844Z/run.json,0cdbd46439ad41e25bd8c7a8d33e4efe4feb423c1c4d5e948475c96a311b8a02,
attempts-20260911T223150411928Z.json,1,passed,/srv/bulk/samteway/lab-data/tracking-5ms-full-20260911-resume-v3/captures/dense5ms-5758000000-tx2-20260911T223150.547940Z/run.json,56060c8833eeaf59c194187a98ad0f3c60f787073405fe4f05e02eaf177f73da,
attempts-20260911T223200541735Z.json,1,passed,/srv/bulk/samteway/lab-data/tracking-5ms-full-20260911-resume-v3/captures/dense5ms-5759000000-tx1-20260911T223200.680929Z/run.json,7ba987508840d25e9076ba101d9431edc233cba634de11bb4812c534acda255e,
attempts-20260911T223212807282Z.json,1,passed,/srv/bulk/samteway/lab-data/tracking-5ms-full-20260911-resume-v3/captures/dense5ms-5759000000-tx2-20260911T223212.941431Z/run.json,e29ad1df8c1eb482d9298e3c61125c496fac9e67bbb9d34d42e3612a970bce12,
attempts-20260911T223223393178Z.json,1,passed,/srv/bulk/samteway/lab-data/tracking-5ms-full-20260911-resume-v3/captures/dense5ms-5760000000-tx1-20260911T223223.524415Z/run.json,b4f8ac1868f5fb2ae1d5f20ca5e6a06f282f693a38e4f18e337db16a9fa2ff4a,
attempts-20260911T223233522357Z.json,1,passed,/srv/bulk/samteway/lab-data/tracking-5ms-full-20260911-resume-v3/captures/dense5ms-5760000000-tx2-20260911T223233.658718Z/run.json,c70b508ba50d0c7b8508472559a6159d82bd003442bf4d0c610c02437ac8afd4,
attempts-20260911T223245351407Z.json,1,passed,/srv/bulk/samteway/lab-data/tracking-5ms-full-20260911-resume-v3/captures/dense5ms-5761000000-tx1-20260911T223245.489320Z/run.json,d4a219d3b0aa28e2c1271c329c0e4b9f78dadd53839c3b6c544aa65d6496dd61,
attempts-20260911T223256330346Z.json,1,passed,/srv/bulk/samteway/lab-data/tracking-5ms-full-20260911-resume-v3/captures/dense5ms-5761000000-tx2-20260911T223256.469397Z/run.json,62caec674057fc5579c62e5fbd2a91f2158db4e3fc7e6e051d2940a11da77e29,
attempts-20260911T223306685398Z.json,1,passed,/srv/bulk/samteway/lab-data/tracking-5ms-full-20260911-resume-v3/captures/dense5ms-5762000000-tx1-20260911T223306.828005Z/run.json,4810130183dc2bb63faf00a2712564d4cc808ab33df168b93ef338aae58ee38e,
attempts-20260911T223319205618Z.json,1,passed,/srv/bulk/samteway/lab-data/tracking-5ms-full-20260911-resume-v3/captures/dense5ms-5762000000-tx2-20260911T223319.353379Z/run.json,c6bebb0e27ce7130c7cf2b2999b62b7112bed396e3b475246fd19f4d72011d08,
attempts-20260911T223330476973Z.json,1,failed,/srv/bulk/samteway/lab-data/tracking-5ms-full-20260911-resume-v3/captures/dense5ms-5763000000-tx1-20260911T223330.613818Z/run.json,1a16033a30496df8f778bdac27813ae75b5be1fa00b876475cbb3939b3f1aad4,[Errno 61] No data available
attempts-20260911T223330476973Z.json,2,passed,/srv/bulk/samteway/lab-data/tracking-5ms-full-20260911-resume-v3/captures/dense5ms-5763000000-tx1-20260911T223341.091234Z/run.json,30014103635ee1cc2b3497e540765b75085a611da77beae73962daee15aa34bb,
attempts-20260911T223353973141Z.json,1,passed,/srv/bulk/samteway/lab-data/tracking-5ms-full-20260911-resume-v3/captures/dense5ms-5763000000-tx2-20260911T223354.111215Z/run.json,421b09bc6fab8acef2d6cf5a5431a97fcc2168dd47a63d61e93d40e3682c6b84,
attempts-20260911T223405223418Z.json,1,passed,/srv/bulk/samteway/lab-data/tracking-5ms-full-20260911-resume-v3/captures/dense5ms-5764000000-tx1-20260911T223405.385453Z/run.json,e9684c882c23988c7cc89c8a53502456106d713618d93a45d30e36b0c4af77ad,
attempts-20260911T223415585109Z.json,1,passed,/srv/bulk/samteway/lab-data/tracking-5ms-full-20260911-resume-v3/captures/dense5ms-5764000000-tx2-20260911T223415.743751Z/run.json,f7a4739c50889a8b6823f1947bae515d4a95685cd9d254903835e809850b9a28,
attempts-20260911T223426538552Z.json,1,passed,/srv/bulk/samteway/lab-data/tracking-5ms-full-20260911-resume-v3/captures/dense5ms-5765000000-tx1-20260911T223426.680274Z/run.json,8a24e1502a19d7ba2951dec4cba613ad9fbf744fe30e0e5b5804c47e2d8adf46,
attempts-20260911T223437590645Z.json,1,passed,/srv/bulk/samteway/lab-data/tracking-5ms-full-20260911-resume-v3/captures/dense5ms-5765000000-tx2-20260911T223437.730237Z/run.json,963aa423dd1cec06fb208595bd4db30a8e14bb50eac36f8124816e5398321e1c,
attempts-20260911T223448891096Z.json,1,passed,/srv/bulk/samteway/lab-data/tracking-5ms-full-20260911-resume-v3/captures/dense5ms-5766000000-tx1-20260911T223449.030743Z/run.json,ba578a67f93e732ef82dcef71cd8328057250bcc514767fcfd0cd8b2d443620b,
attempts-20260911T223459364625Z.json,1,passed,/srv/bulk/samteway/lab-data/tracking-5ms-full-20260911-resume-v3/captures/dense5ms-5766000000-tx2-20260911T223459.507323Z/run.json,2f20bf300bafb9e571e98bcde835e50f66977ef546e482a4f83fee10b5b7339d,
attempts-20260911T223509891283Z.json,1,passed,/srv/bulk/samteway/lab-data/tracking-5ms-full-20260911-resume-v3/captures/dense5ms-5767000000-tx1-20260911T223510.032565Z/run.json,961224e02c6b87bd93c7fabbd65ffe4b076052f164d9e0ad25ab8671dbc9c1a5,
attempts-20260911T223520376201Z.json,1,passed,/srv/bulk/samteway/lab-data/tracking-5ms-full-20260911-resume-v3/captures/dense5ms-5767000000-tx2-20260911T223520.518516Z/run.json,108e69d1c4274e17d88d6399d3e095e381c805e71979571510d44f8cee028551,
attempts-20260911T223530202194Z.json,1,passed,/srv/bulk/samteway/lab-data/tracking-5ms-full-20260911-resume-v3/captures/dense5ms-5768000000-tx1-20260911T223530.342640Z/run.json,0b973e8d138e220ff0e1494b432857c1c282b6dec5a1f434e8645d6d4bb22f5a,
attempts-20260911T223541177217Z.json,1,passed,/srv/bulk/samteway/lab-data/tracking-5ms-full-20260911-resume-v3/captures/dense5ms-5768000000-tx2-20260911T223541.322069Z/run.json,37de0e923d90c1ed71cf3420c3377f4fb1458fc4b4b8ed9709a620a9f06ed744,
attempts-20260911T223551795004Z.json,1,passed,/srv/bulk/samteway/lab-data/tracking-5ms-full-20260911-resume-v3/captures/dense5ms-5769000000-tx1-20260911T223551.934600Z/run.json,7a37661f8747825f85c454878ad0c7cddcb094a93c340af5098467508b761a82,
attempts-20260911T223601860438Z.json,1,passed,/srv/bulk/samteway/lab-data/tracking-5ms-full-20260911-resume-v3/captures/dense5ms-5769000000-tx2-20260911T223601.998883Z/run.json,e9aabdae311de0a73fb536687589b64294ed00813df0da95b4d79190ce033aa0,
attempts-20260911T223612835133Z.json,1,passed,/srv/bulk/samteway/lab-data/tracking-5ms-full-20260911-resume-v3/captures/dense5ms-5770000000-tx1-20260911T223612.977478Z/run.json,463abed457834380c3ff101a1e618bb144470da6d4cb3e5a445f0eea595f990e,
attempts-20260911T223623547091Z.json,1,passed,/srv/bulk/samteway/lab-data/tracking-5ms-full-20260911-resume-v3/captures/dense5ms-5770000000-tx2-20260911T223623.686803Z/run.json,b887dc48245a551cd560c00d798b1049915a239582385374cee0814cdf588321,
attempts-20260911T223634657561Z.json,1,passed,/srv/bulk/samteway/lab-data/tracking-5ms-full-20260911-resume-v3/captures/dense5ms-5771000000-tx1-20260911T223634.798246Z/run.json,6f89fe25272baf2371df78677c095b64ebb26d6e28b1bdbc6f93c2a8d0c3f639,
attempts-20260911T223645120367Z.json,1,passed,/srv/bulk/samteway/lab-data/tracking-5ms-full-20260911-resume-v3/captures/dense5ms-5771000000-tx2-20260911T223645.267325Z/run.json,7f6e6460a11c1b39786211ed29a403056cb107df9d38955b572d279d8d2c3b45,
attempts-20260911T223655553337Z.json,1,passed,/srv/bulk/samteway/lab-data/tracking-5ms-full-20260911-resume-v3/captures/dense5ms-5772000000-tx1-20260911T223655.692988Z/run.json,1a8067d7e0189447dd8ce33784ba0a2eb7d7b2c6030a2c1492f29759c016f190,
attempts-20260911T223706363424Z.json,1,passed,/srv/bulk/samteway/lab-data/tracking-5ms-full-20260911-resume-v3/captures/dense5ms-5772000000-tx2-20260911T223706.500941Z/run.json,bbb9ecf2c442d9cf2d17a01fdfd021faf39da0cf286b5f0c0b989e3ca29c35c7,
attempts-20260911T223716454719Z.json,1,passed,/srv/bulk/samteway/lab-data/tracking-5ms-full-20260911-resume-v3/captures/dense5ms-5773000000-tx1-20260911T223716.589941Z/run.json,4b14fe29e11a070814525ed94074c02f93d180b52a818ca9de5c2b20c6e199aa,
attempts-20260911T223726091532Z.json,1,passed,/srv/bulk/samteway/lab-data/tracking-5ms-full-20260911-resume-v3/captures/dense5ms-5773000000-tx2-20260911T223726.220124Z/run.json,98b7fbda666ee98d8b8dcdd2b05e20b7305bc6dafa2f27ad127428cd58fb6987,
attempts-20260911T223737460655Z.json,1,passed,/srv/bulk/samteway/lab-data/tracking-5ms-full-20260911-resume-v3/captures/dense5ms-5774000000-tx1-20260911T223737.596619Z/run.json,d3845c733d60ea129fd58729d21fe23f2542b300cfa68ae2bf3cb63232fbb54a,
attempts-20260911T223747412438Z.json,1,passed,/srv/bulk/samteway/lab-data/tracking-5ms-full-20260911-resume-v3/captures/dense5ms-5774000000-tx2-20260911T223747.551913Z/run.json,13bdc316af4769f4df57cdb498b5a278e41ee321fbbf7ff439cbac82cc85c6ea,
attempts-20260911T223757268832Z.json,1,failed,/srv/bulk/samteway/lab-data/tracking-5ms-full-20260911-resume-v3/captures/dense5ms-5775000000-tx1-20260911T223757.397611Z/run.json,384accff1df02269fc28d25121e1b9f40f74bda72b171c5033a3d8e080713acd,[Errno 61] No data available
attempts-20260911T223757268832Z.json,2,passed,/srv/bulk/samteway/lab-data/tracking-5ms-full-20260911-resume-v3/captures/dense5ms-5775000000-tx1-20260911T223804.153348Z/run.json,be8d10e25bd1608996368a9405a159a8e19e282f40551cd66698bed379164ee4,
attempts-20260911T223814351139Z.json,1,passed,/srv/bulk/samteway/lab-data/tracking-5ms-full-20260911-resume-v3/captures/dense5ms-5775000000-tx2-20260911T223814.485470Z/run.json,be057c7eeace13ff2f625913f15c9393203eca81bee697875655483146aa7aa7,
attempts-20260911T223824214320Z.json,1,passed,/srv/bulk/samteway/lab-data/tracking-5ms-full-20260911-resume-v3/captures/dense5ms-5776000000-tx1-20260911T223824.372449Z/run.json,72d4b5b0fea488a6bc22f18d3cc11b1c4c6b6b2c0aac5152f31ba9ffab74467c,
attempts-20260911T223834614499Z.json,1,passed,/srv/bulk/samteway/lab-data/tracking-5ms-full-20260911-resume-v3/captures/dense5ms-5776000000-tx2-20260911T223834.775174Z/run.json,24b338f0b6c1a2f930bf811d6b2e06222828fb4d8a8f0a30ea34444cafba0747,
attempts-20260911T223845486251Z.json,1,passed,/srv/bulk/samteway/lab-data/tracking-5ms-full-20260911-resume-v3/captures/dense5ms-5777000000-tx1-20260911T223845.616623Z/run.json,e1bd9a8e0c212262782f6030565f520879cc0017443318f0c577cd5574d0a50f,
attempts-20260911T223855313563Z.json,1,passed,/srv/bulk/samteway/lab-data/tracking-5ms-full-20260911-resume-v3/captures/dense5ms-5777000000-tx2-20260911T223855.454709Z/run.json,4f03b4ebf8896036bdff229637afe294a9bb6f27aece7a7d630eb0aef6652b37,
attempts-20260911T223905907742Z.json,1,passed,/srv/bulk/samteway/lab-data/tracking-5ms-full-20260911-resume-v3/captures/dense5ms-5778000000-tx1-20260911T223906.040417Z/run.json,c4d794e2e03adfe9b019a0b12b4ab121beb80ae866f9f0147a61354cdd80d24d,
attempts-20260911T223915634979Z.json,1,passed,/srv/bulk/samteway/lab-data/tracking-5ms-full-20260911-resume-v3/captures/dense5ms-5778000000-tx2-20260911T223915.765234Z/run.json,b53d912ef4780cedaeb6717f70b290ab0625f98aadaddb062c8130df58b0bd54,
attempts-20260911T223925538824Z.json,1,passed,/srv/bulk/samteway/lab-data/tracking-5ms-full-20260911-resume-v3/captures/dense5ms-5779000000-tx1-20260911T223925.676321Z/run.json,cac38341a4022bdb02dd2af8b44fdb9d00ccf8e8da7bd1d45fb797a18d4d5865,
attempts-20260911T223935659268Z.json,1,passed,/srv/bulk/samteway/lab-data/tracking-5ms-full-20260911-resume-v3/captures/dense5ms-5779000000-tx2-20260911T223935.799259Z/run.json,f0b0b3aaa3b532f4b87b615366916a3cc2e7274d1fb65637f9bff0e1d09bdaff,
attempts-20260911T223945559676Z.json,1,passed,/srv/bulk/samteway/lab-data/tracking-5ms-full-20260911-resume-v3/captures/dense5ms-5780000000-tx1-20260911T223945.699180Z/run.json,dccf7762934ac7593e680b745039bbe1b0c948cd65e3a6412b836b3a8f1875e6,
attempts-20260911T223955607766Z.json,1,passed,/srv/bulk/samteway/lab-data/tracking-5ms-full-20260911-resume-v3/captures/dense5ms-5780000000-tx2-20260911T223955.742462Z/run.json,6c9a58ba334207d9e55cca56d7abb9d564e5ae8a1894bb1a9ef92bff291ada99,
attempts-20260911T224005463276Z.json,1,failed,/srv/bulk/samteway/lab-data/tracking-5ms-full-20260911-resume-v3/captures/dense5ms-5781000000-tx1-20260911T224005.601193Z/run.json,18d5fab53cbf816f5ab9f98b639f56f6f382217db7bdaf83e4e0e8ab9a756fd2,[Errno 61] No data available
attempts-20260911T224005463276Z.json,2,passed,/srv/bulk/samteway/lab-data/tracking-5ms-full-20260911-resume-v3/captures/dense5ms-5781000000-tx1-20260911T224012.248686Z/run.json,c9d55efe9f99623b4f7c24a35212e154d510f9c23df5573b895e80f443eda44c,
attempts-20260911T224022275112Z.json,1,passed,/srv/bulk/samteway/lab-data/tracking-5ms-full-20260911-resume-v3/captures/dense5ms-5781000000-tx2-20260911T224022.407551Z/run.json,6c1b43611832adab9329d145cc8fa00637d916df8560368435012b64947f1093,
attempts-20260911T224032654145Z.json,1,passed,/srv/bulk/samteway/lab-data/tracking-5ms-full-20260911-resume-v3/captures/dense5ms-5782000000-tx1-20260911T224032.797787Z/run.json,fa6556e3c4d1a6972869fd447ee897332738f6750673142c1a48547f959484a6,
attempts-20260911T224043711351Z.json,1,passed,/srv/bulk/samteway/lab-data/tracking-5ms-full-20260911-resume-v3/captures/dense5ms-5782000000-tx2-20260911T224043.846801Z/run.json,1ef26ec27b6c8885e9d8b4f5b9dff7815f3a70ac72335cb1787ef76300d8d7fb,
attempts-20260911T224054416405Z.json,1,passed,/srv/bulk/samteway/lab-data/tracking-5ms-full-20260911-resume-v3/captures/dense5ms-5783000000-tx1-20260911T224054.549021Z/run.json,f88341f03d82f388cbfc28f8bffad860c8ab6c52c2ecd7112a2850cadd0a5112,
attempts-20260911T224105368502Z.json,1,passed,/srv/bulk/samteway/lab-data/tracking-5ms-full-20260911-resume-v3/captures/dense5ms-5783000000-tx2-20260911T224105.507664Z/run.json,ff8fe518e1b5dde9f15bd4516f666a77569da3e0ea92721c58a4931f4fb052a0,
attempts-20260911T224116046794Z.json,1,passed,/srv/bulk/samteway/lab-data/tracking-5ms-full-20260911-resume-v3/captures/dense5ms-5784000000-tx1-20260911T224116.176699Z/run.json,a4732d44b68f6f313ef78ea8a0729adb7b46a29f03e2d9257191bffb53de3aa6,
attempts-20260911T224127400439Z.json,1,passed,/srv/bulk/samteway/lab-data/tracking-5ms-full-20260911-resume-v3/captures/dense5ms-5784000000-tx2-20260911T224127.535242Z/run.json,7d9d5c5c489fc7c5dac22d137f6a614e3cf8bc0fedc3337f56cf82b8ccefcdd5,
attempts-20260911T224139075656Z.json,1,passed,/srv/bulk/samteway/lab-data/tracking-5ms-full-20260911-resume-v3/captures/dense5ms-5785000000-tx1-20260911T224139.216863Z/run.json,8ef439d0b2a9e2c8d47705160c66f87fef48dbe87c23daa5e076f08f678cb371,
attempts-20260911T224149498461Z.json,1,passed,/srv/bulk/samteway/lab-data/tracking-5ms-full-20260911-resume-v3/captures/dense5ms-5785000000-tx2-20260911T224149.630068Z/run.json,584ea3d631b571544e3380a0b2a687ccfb162a7a7a1ffc9b70fde32d3636be23,
attempts-20260911T224200347578Z.json,1,passed,/srv/bulk/samteway/lab-data/tracking-5ms-full-20260911-resume-v3/captures/dense5ms-5786000000-tx1-20260911T224200.479423Z/run.json,33ffa111394bc6de44f3b02cb30844d86bc428e8137ea2b9e267367b8123a1c4,
attempts-20260911T224210108125Z.json,1,passed,/srv/bulk/samteway/lab-data/tracking-5ms-full-20260911-resume-v3/captures/dense5ms-5786000000-tx2-20260911T224210.247263Z/run.json,a427377cba513ac6ea122335c9adc1278ddffc4324251dbf59b1dc003c253d0e,
attempts-20260911T224220010543Z.json,1,passed,/srv/bulk/samteway/lab-data/tracking-5ms-full-20260911-resume-v3/captures/dense5ms-5787000000-tx1-20260911T224220.144051Z/run.json,8f9b547a52125f22596320b9c52b6ff2e4034ae9b38e663481fa5a8776a3e023,
attempts-20260911T224229762478Z.json,1,passed,/srv/bulk/samteway/lab-data/tracking-5ms-full-20260911-resume-v3/captures/dense5ms-5787000000-tx2-20260911T224229.895351Z/run.json,81aa2cf036cdb1b68a1abfaa2a017bd69c96363b494c0ae7aa722cd9ab7a288f,
attempts-20260911T224239923053Z.json,1,passed,/srv/bulk/samteway/lab-data/tracking-5ms-full-20260911-resume-v3/captures/dense5ms-5788000000-tx1-20260911T224240.061518Z/run.json,3c365c6f8ef7e2e7ebe8cc9cc71f94919bed585aed8d6e9d2d9fc9fd9da314dc,
attempts-20260911T224249747686Z.json,1,passed,/srv/bulk/samteway/lab-data/tracking-5ms-full-20260911-resume-v3/captures/dense5ms-5788000000-tx2-20260911T224249.881750Z/run.json,a4d2f4b3d2ec5b438affd9a3906fc030859d8d701a1a2ea48f297a9492183238,
attempts-20260911T224300055121Z.json,1,passed,/srv/bulk/samteway/lab-data/tracking-5ms-full-20260911-resume-v3/captures/dense5ms-5789000000-tx1-20260911T224300.185830Z/run.json,d37c022b086056bf176c86d4ec8ad000f3d95b12354df5758c5107d70a76dde8,
attempts-20260911T224311605284Z.json,1,passed,/srv/bulk/samteway/lab-data/tracking-5ms-full-20260911-resume-v3/captures/dense5ms-5789000000-tx2-20260911T224311.737617Z/run.json,929e67b7231c469cab21311028562e9409e940b56a998e076f4c80fa6d4dc43f,
attempts-20260911T224322685847Z.json,1,passed,/srv/bulk/samteway/lab-data/tracking-5ms-full-20260911-resume-v3/captures/dense5ms-5790000000-tx1-20260911T224322.820261Z/run.json,59bfad77d8bf6a90e49794b0ae161c8436dd1039f1401734aea28b285fd894ea,
attempts-20260911T224333622425Z.json,1,passed,/srv/bulk/samteway/lab-data/tracking-5ms-full-20260911-resume-v3/captures/dense5ms-5790000000-tx2-20260911T224333.754840Z/run.json,1ab8e0b6207787d5374936fcc8f0d3915336055750b3d5e24770c1aa6b8cd845,
attempts-20260911T224346082729Z.json,1,passed,/srv/bulk/samteway/lab-data/tracking-5ms-full-20260911-resume-v3/captures/dense5ms-5791000000-tx1-20260911T224346.215360Z/run.json,43e67c791ab57cf3a31967820ffefaa0d80c2075427c103860cad05f68331a11,
attempts-20260911T224356150675Z.json,1,passed,/srv/bulk/samteway/lab-data/tracking-5ms-full-20260911-resume-v3/captures/dense5ms-5791000000-tx2-20260911T224356.284863Z/run.json,b460b240697f7de5d1b12f11239931e26c542c80395c2787e82e6612f53233d1,
attempts-20260911T224406038573Z.json,1,passed,/srv/bulk/samteway/lab-data/tracking-5ms-full-20260911-resume-v3/captures/dense5ms-5792000000-tx1-20260911T224406.173235Z/run.json,9cfaf13c947068f334d021250b1a0a6c50e8c8a1196fd7c834e69f6ead3e4a8b,
attempts-20260911T224416769462Z.json,1,passed,/srv/bulk/samteway/lab-data/tracking-5ms-full-20260911-resume-v3/captures/dense5ms-5792000000-tx2-20260911T224416.903198Z/run.json,f15d99414c061cfcf13b629eb6725fdf198105fce1bd6f149631b7062e78ee23,
attempts-20260911T224427331176Z.json,1,passed,/srv/bulk/samteway/lab-data/tracking-5ms-full-20260911-resume-v3/captures/dense5ms-5793000000-tx1-20260911T224427.462142Z/run.json,6e9b38fc336d505ab912f97424072f48492ed12c9f757eb226779eb425da536a,
attempts-20260911T224437768713Z.json,1,passed,/srv/bulk/samteway/lab-data/tracking-5ms-full-20260911-resume-v3/captures/dense5ms-5793000000-tx2-20260911T224437.896273Z/run.json,82d0a01f09e63c2ba750871534da4f0b37ad1f3380e1e81c303bf9a480d7eca4,
attempts-20260911T224449041546Z.json,1,passed,/srv/bulk/samteway/lab-data/tracking-5ms-full-20260911-resume-v3/captures/dense5ms-5794000000-tx1-20260911T224449.179221Z/run.json,c8311dca12d002eb5b3806715d994dd02d57374121941f4893c93a44f9dc59e1,
attempts-20260911T224459284055Z.json,1,passed,/srv/bulk/samteway/lab-data/tracking-5ms-full-20260911-resume-v3/captures/dense5ms-5794000000-tx2-20260911T224459.411749Z/run.json,2c2ff244775ae0fe6423b37430d0b28a464e48553c5c3cab70f0ae0b30f6f3b4,
attempts-20260911T224509245163Z.json,1,passed,/srv/bulk/samteway/lab-data/tracking-5ms-full-20260911-resume-v3/captures/dense5ms-5795000000-tx1-20260911T224509.375984Z/run.json,f4e710c9ecae616f951a03da4ab7c9fffedddd0fad603f9460aef822c5296ffe,
attempts-20260911T224519254582Z.json,1,passed,/srv/bulk/samteway/lab-data/tracking-5ms-full-20260911-resume-v3/captures/dense5ms-5795000000-tx2-20260911T224519.384660Z/run.json,50ead673d8c5e6d39ea0baca3d728cff163493e8ba67fa5c5185301d02579982,
attempts-20260911T224529154366Z.json,1,passed,/srv/bulk/samteway/lab-data/tracking-5ms-full-20260911-resume-v3/captures/dense5ms-5796000000-tx1-20260911T224529.284744Z/run.json,93274b7216ceb1e7bdefc613a669847be149c6744531c909fbbde420c2a65ab9,
attempts-20260911T224539479067Z.json,1,passed,/srv/bulk/samteway/lab-data/tracking-5ms-full-20260911-resume-v3/captures/dense5ms-5796000000-tx2-20260911T224539.611045Z/run.json,a4b0109982ddb121adb6c096d91020d09198c6b1cc4f2eabab71ce34114de488,
attempts-20260911T224550045308Z.json,1,passed,/srv/bulk/samteway/lab-data/tracking-5ms-full-20260911-resume-v3/captures/dense5ms-5797000000-tx1-20260911T224550.184001Z/run.json,405aa0f844cfddb0eca26c4b1215c45513d43679773bb7302e803e91a2e2cef1,
attempts-20260911T224600091819Z.json,1,passed,/srv/bulk/samteway/lab-data/tracking-5ms-full-20260911-resume-v3/captures/dense5ms-5797000000-tx2-20260911T224600.227558Z/run.json,f099953688c2401c0ba97269399b74e5260cdc900e29cd72448b3d62b9da9b81,
attempts-20260911T224610418819Z.json,1,passed,/srv/bulk/samteway/lab-data/tracking-5ms-full-20260911-resume-v3/captures/dense5ms-5798000000-tx1-20260911T224610.561044Z/run.json,f1570da36b1b632dea985e5e9ee00f84438f02776adfc2898ba57b00c4512217,
attempts-20260911T224620502317Z.json,1,passed,/srv/bulk/samteway/lab-data/tracking-5ms-full-20260911-resume-v3/captures/dense5ms-5798000000-tx2-20260911T224620.631889Z/run.json,e779de7cac20185e8db3a33eccae421cc4b96b58a2a88e5f224ce6d5cc25db3c,
attempts-20260911T224631017486Z.json,1,passed,/srv/bulk/samteway/lab-data/tracking-5ms-full-20260911-resume-v3/captures/dense5ms-5799000000-tx1-20260911T224631.152804Z/run.json,11c52a184d6ec0d28913b256e177814ac38d82cb0c3ffb3354fef021e1665c11,
attempts-20260911T224641538429Z.json,1,passed,/srv/bulk/samteway/lab-data/tracking-5ms-full-20260911-resume-v3/captures/dense5ms-5799000000-tx2-20260911T224641.673372Z/run.json,4ba40c02bededd24fc15dc46e31dcabc051bc5693bc5dc598d1bc48832c382a6,
attempts-20260911T224652226238Z.json,1,passed,/srv/bulk/samteway/lab-data/tracking-5ms-full-20260911-resume-v3/captures/dense5ms-5800000000-tx1-20260911T224652.356445Z/run.json,a47b79dec53f219ce01f14a7435e338ecad39e86f664b106f47869825355799c,
attempts-20260911T224702511776Z.json,1,passed,/srv/bulk/samteway/lab-data/tracking-5ms-full-20260911-resume-v3/captures/dense5ms-5800000000-tx2-20260911T224702.647427Z/run.json,da685b10b4bd2724723bd45408519831fcd0a1843ba15b88bb1e641fc78340e4,
attempts-20260911T224713074399Z.json,1,passed,/srv/bulk/samteway/lab-data/tracking-5ms-full-20260911-resume-v3/captures/dense5ms-5801000000-tx1-20260911T224713.211261Z/run.json,2ce019b90532ed3ca1b0076475ceef628cfa1dd7dc109f8be17d9cf1d7911b1f,
attempts-20260911T224723224576Z.json,1,passed,/srv/bulk/samteway/lab-data/tracking-5ms-full-20260911-resume-v3/captures/dense5ms-5801000000-tx2-20260911T224723.354731Z/run.json,f23af179401b483e17582213c1d5a7c57572809f2656043668264a09724e459c,
attempts-20260911T224733246084Z.json,1,passed,/srv/bulk/samteway/lab-data/tracking-5ms-full-20260911-resume-v3/captures/dense5ms-5802000000-tx1-20260911T224733.379874Z/run.json,9e0a1955ac98a45948357875fbfe7c3769c3fa721faad5276e2c45b7d27d6a28,
attempts-20260911T224743801221Z.json,1,passed,/srv/bulk/samteway/lab-data/tracking-5ms-full-20260911-resume-v3/captures/dense5ms-5802000000-tx2-20260911T224743.936389Z/run.json,bcfd83da392e4b20a4ad72a5258a8394249e8d291ddd5bb580af2a3563a868b5,
attempts-20260911T224753891419Z.json,1,passed,/srv/bulk/samteway/lab-data/tracking-5ms-full-20260911-resume-v3/captures/dense5ms-5803000000-tx1-20260911T224754.024484Z/run.json,ec22419ccd1fb449c9643f6281f418fa053e935f522c20ab64a8ca75d6acc480,
attempts-20260911T224804673062Z.json,1,passed,/srv/bulk/samteway/lab-data/tracking-5ms-full-20260911-resume-v3/captures/dense5ms-5803000000-tx2-20260911T224804.813780Z/run.json,01c9f432532c68c4ca43ed756a7fa2be06497aa48baa228a88e43bd6d15e0486,
attempts-20260911T224815344528Z.json,1,passed,/srv/bulk/samteway/lab-data/tracking-5ms-full-20260911-resume-v3/captures/dense5ms-5804000000-tx1-20260911T224815.473077Z/run.json,98f4c255872afc9223d2fcd7d22b8ad48ef8d75b25f8ae9b3a699ad9faf5361c,
attempts-20260911T224825572712Z.json,1,passed,/srv/bulk/samteway/lab-data/tracking-5ms-full-20260911-resume-v3/captures/dense5ms-5804000000-tx2-20260911T224825.704790Z/run.json,9c0e0e78463ea26ee31c55eba8cf5c3aace488bb6d4c0f80171ae1326af0d40e,
attempts-20260911T224836439704Z.json,1,passed,/srv/bulk/samteway/lab-data/tracking-5ms-full-20260911-resume-v3/captures/dense5ms-5805000000-tx1-20260911T224836.582342Z/run.json,35c3d44826beff167ac410159b84c2e44328a0acdc768ba40bf3241effbb225a,
attempts-20260911T224847593253Z.json,1,passed,/srv/bulk/samteway/lab-data/tracking-5ms-full-20260911-resume-v3/captures/dense5ms-5805000000-tx2-20260911T224847.719563Z/run.json,ecbd555b51ab3db7814444a9fd7a2155abaf1b51772e5ecacfa6f62fc33d4aa3,
attempts-20260911T224858528152Z.json,1,passed,/srv/bulk/samteway/lab-data/tracking-5ms-full-20260911-resume-v3/captures/dense5ms-5806000000-tx1-20260911T224858.659240Z/run.json,3d6731df2fec1236400fcc90d017cbdeed22c342628510b170c2425941c87556,
attempts-20260911T224909412079Z.json,1,passed,/srv/bulk/samteway/lab-data/tracking-5ms-full-20260911-resume-v3/captures/dense5ms-5806000000-tx2-20260911T224909.539848Z/run.json,4c6e7a80a2a163d6699baa4a65c4dd00587a98da42242ea48ac656702d7ec2e1,
attempts-20260911T224920280400Z.json,1,passed,/srv/bulk/samteway/lab-data/tracking-5ms-full-20260911-resume-v3/captures/dense5ms-5807000000-tx1-20260911T224920.407691Z/run.json,ba790eb79e31d53e374fe7233b9ff78f1fb2fbfb9fd513b0d4bad5d7a202f10d,
attempts-20260911T224931772812Z.json,1,passed,/srv/bulk/samteway/lab-data/tracking-5ms-full-20260911-resume-v3/captures/dense5ms-5807000000-tx2-20260911T224931.911408Z/run.json,0e5239a2b0a92f9acd1927c51413b928974586977df869a475690fb3eca6684f,
attempts-20260911T224943050418Z.json,1,passed,/srv/bulk/samteway/lab-data/tracking-5ms-full-20260911-resume-v3/captures/dense5ms-5808000000-tx1-20260911T224943.186068Z/run.json,7d98908325458f77e912b41b6e82da72a50b9a8ab5e48564cdab1ca1ca5654d1,
attempts-20260911T224953752320Z.json,1,passed,/srv/bulk/samteway/lab-data/tracking-5ms-full-20260911-resume-v3/captures/dense5ms-5808000000-tx2-20260911T224953.887886Z/run.json,a18d475aab067c2df63608068a33e1ec91c567f5cabde3cc4ac21386cb844561,
attempts-20260911T225004057139Z.json,1,passed,/srv/bulk/samteway/lab-data/tracking-5ms-full-20260911-resume-v3/captures/dense5ms-5809000000-tx1-20260911T225004.189970Z/run.json,f0ffee22d62c9e12d0f6a2e29c1fafa86af38a114572017a44882852273e493a,
attempts-20260911T225013927919Z.json,1,passed,/srv/bulk/samteway/lab-data/tracking-5ms-full-20260911-resume-v3/captures/dense5ms-5809000000-tx2-20260911T225014.059358Z/run.json,067fb99de79bb97ee9986e53641e014bd43467d94d768346ee49cc070256a5d6,
attempts-20260911T225023811049Z.json,1,passed,/srv/bulk/samteway/lab-data/tracking-5ms-full-20260911-resume-v3/captures/dense5ms-5810000000-tx1-20260911T225023.938051Z/run.json,a9977642aa21f28a0af23a75cd6e2e01d5ee1645b4679e9632df1a0f7f3bee54,
attempts-20260911T225033666177Z.json,1,passed,/srv/bulk/samteway/lab-data/tracking-5ms-full-20260911-resume-v3/captures/dense5ms-5810000000-tx2-20260911T225033.803771Z/run.json,bf69023f3ec3129784c69409532277450eb2281aaa341c81ab483b0c24740503,
attempts-20260911T225043655062Z.json,1,passed,/srv/bulk/samteway/lab-data/tracking-5ms-full-20260911-resume-v3/captures/dense5ms-5811000000-tx1-20260911T225043.784503Z/run.json,ee476891361253ce6fcc3fab56838b5a1652a86508909d3ba97a1578b63c92f8,
attempts-20260911T225053435869Z.json,1,passed,/srv/bulk/samteway/lab-data/tracking-5ms-full-20260911-resume-v3/captures/dense5ms-5811000000-tx2-20260911T225053.574044Z/run.json,f89cf51423fd08fadbe51e6bf7e971dd78ab8fb7af12710086bfa076d545c466,
attempts-20260911T225103111450Z.json,1,passed,/srv/bulk/samteway/lab-data/tracking-5ms-full-20260911-resume-v3/captures/dense5ms-5812000000-tx1-20260911T225103.245692Z/run.json,ce17e3215bef755cae82387471cbc2d8a7e1b9a24e41ddbee4b2e9825fcfa0a5,
attempts-20260911T225113097642Z.json,1,failed,/srv/bulk/samteway/lab-data/tracking-5ms-full-20260911-resume-v3/captures/dense5ms-5812000000-tx2-20260911T225113.235852Z/run.json,d68e58ad7fe08630a280b5468ad63ab141532a39b520a7cad0f0f0ae9ec53ed1,[Errno 61] No data available
attempts-20260911T225113097642Z.json,2,passed,/srv/bulk/samteway/lab-data/tracking-5ms-full-20260911-resume-v3/captures/dense5ms-5812000000-tx2-20260911T225122.766474Z/run.json,45ea8e9bbdf7c8f1fb13ab55c49ec099a36a1e86a45c25ca6df16196d74b5c2d,
attempts-20260911T225133581867Z.json,1,passed,/srv/bulk/samteway/lab-data/tracking-5ms-full-20260911-resume-v3/captures/dense5ms-5813000000-tx1-20260911T225133.711327Z/run.json,22ac9501736fa34fd331fdbae9ac4b184df6c70688d61e96bca19381cb5daa42,
attempts-20260911T225143897627Z.json,1,passed,/srv/bulk/samteway/lab-data/tracking-5ms-full-20260911-resume-v3/captures/dense5ms-5813000000-tx2-20260911T225144.035646Z/run.json,2b7e8f7a9d04e363dc331fb28718c2e0b8d136cc09a176a3b576479d2ae2fdb5,
attempts-20260911T225153486920Z.json,1,passed,/srv/bulk/samteway/lab-data/tracking-5ms-full-20260911-resume-v3/captures/dense5ms-5814000000-tx1-20260911T225153.613313Z/run.json,4cd3f9f92e469a01be813c1f5f0faa6d91c1e3c55a6067e3d37342c2dae2171d,
attempts-20260911T225203402684Z.json,1,passed,/srv/bulk/samteway/lab-data/tracking-5ms-full-20260911-resume-v3/captures/dense5ms-5814000000-tx2-20260911T225203.532888Z/run.json,9049095db2a8f11dbf6fa873b1566dfb2288f77c7db9ffe9e96b746898bd98f6,
attempts-20260911T225213820108Z.json,1,passed,/srv/bulk/samteway/lab-data/tracking-5ms-full-20260911-resume-v3/captures/dense5ms-5815000000-tx1-20260911T225213.951069Z/run.json,677abe1e88559f8fb2d945ba19ea6f1f2f9d103beecb71c0d36d2825893f6177,
attempts-20260911T225224004411Z.json,1,passed,/srv/bulk/samteway/lab-data/tracking-5ms-full-20260911-resume-v3/captures/dense5ms-5815000000-tx2-20260911T225224.133413Z/run.json,4ff3e337cec0ea796e51ad141815c08fd5280e9be22cfa1c04789bd9ff3629db,
attempts-20260911T225233815355Z.json,1,passed,/srv/bulk/samteway/lab-data/tracking-5ms-full-20260911-resume-v3/captures/dense5ms-5816000000-tx1-20260911T225233.944067Z/run.json,a31b5a5a2358daf5eb52aaeb939702bd329e50c5108e3a802f530af15acb21df,
attempts-20260911T225243766788Z.json,1,passed,/srv/bulk/samteway/lab-data/tracking-5ms-full-20260911-resume-v3/captures/dense5ms-5816000000-tx2-20260911T225243.894039Z/run.json,c6fee4fbbceb0fa2e8a78ad2007ecbdc5df020d9570533d75674cd9488abbff2,
attempts-20260911T225254517947Z.json,1,passed,/srv/bulk/samteway/lab-data/tracking-5ms-full-20260911-resume-v3/captures/dense5ms-5817000000-tx1-20260911T225254.656197Z/run.json,37fca032df93402e77bb9f146b14df9bf49e65a5640099d57edad18cd23fd090,
attempts-20260911T225304631074Z.json,1,passed,/srv/bulk/samteway/lab-data/tracking-5ms-full-20260911-resume-v3/captures/dense5ms-5817000000-tx2-20260911T225304.764097Z/run.json,52d65980be4bac2344a7827534f358d932e1964d862442919cad88298ed16f3f,
attempts-20260911T225315191283Z.json,1,passed,/srv/bulk/samteway/lab-data/tracking-5ms-full-20260911-resume-v3/captures/dense5ms-5818000000-tx1-20260911T225315.324446Z/run.json,b314ffec1d23cbdd6aee046540de02c6873d479680b59d4333f12bf5b5159a70,
attempts-20260911T225325519322Z.json,1,passed,/srv/bulk/samteway/lab-data/tracking-5ms-full-20260911-resume-v3/captures/dense5ms-5818000000-tx2-20260911T225325.660731Z/run.json,df9d5aa834cce15ba6cb25413e0ce266472b4354eec8d4c1dee33d8b2d1e1c1b,
attempts-20260911T225335979686Z.json,1,passed,/srv/bulk/samteway/lab-data/tracking-5ms-full-20260911-resume-v3/captures/dense5ms-5819000000-tx1-20260911T225336.120612Z/run.json,2d4015d49d032e3baf9318f70b4ef4322a90778e9c924979a40a48d640ca0681,
attempts-20260911T225346372627Z.json,1,passed,/srv/bulk/samteway/lab-data/tracking-5ms-full-20260911-resume-v3/captures/dense5ms-5819000000-tx2-20260911T225346.508054Z/run.json,387f0f5167a58ae7df3916b01be9df95527c47868f90ea0b6063df4ce659316d,
attempts-20260911T225356310785Z.json,1,passed,/srv/bulk/samteway/lab-data/tracking-5ms-full-20260911-resume-v3/captures/dense5ms-5820000000-tx1-20260911T225356.444079Z/run.json,122055a8bb78429c9cce41fce2bdede5a0d2f6ef721aa4abc8acbdc5ad43c7be,
attempts-20260911T225406116961Z.json,1,passed,/srv/bulk/samteway/lab-data/tracking-5ms-full-20260911-resume-v3/captures/dense5ms-5820000000-tx2-20260911T225406.250222Z/run.json,e1ee998afd0752eca644230069a846c5ee7dc73726d490cca840239c45a095f4,
attempts-20260911T225416654328Z.json,1,passed,/srv/bulk/samteway/lab-data/tracking-5ms-full-20260911-resume-v3/captures/dense5ms-5821000000-tx1-20260911T225416.789247Z/run.json,bd42ccf62206c89564b96488f598a7318b6a53e8952e7fe88656252dc8bdc9d7,
attempts-20260911T225426565677Z.json,1,passed,/srv/bulk/samteway/lab-data/tracking-5ms-full-20260911-resume-v3/captures/dense5ms-5821000000-tx2-20260911T225426.699356Z/run.json,c884a9cee8f0091f6f6e9330606128d1f73def39f708bad8d7a532839203edcd,
attempts-20260911T225436823868Z.json,1,passed,/srv/bulk/samteway/lab-data/tracking-5ms-full-20260911-resume-v3/captures/dense5ms-5822000000-tx1-20260911T225436.959895Z/run.json,57b4d05a572e6f80e3a7481f58bed97277cbf4814ff074754d5680e93115db57,
attempts-20260911T225447195392Z.json,1,passed,/srv/bulk/samteway/lab-data/tracking-5ms-full-20260911-resume-v3/captures/dense5ms-5822000000-tx2-20260911T225447.333972Z/run.json,7b9ec118c40040e3364054df2285022f6bfd061088f254cb82e8da4fc5b6a2ad,
attempts-20260911T225457771394Z.json,1,passed,/srv/bulk/samteway/lab-data/tracking-5ms-full-20260911-resume-v3/captures/dense5ms-5823000000-tx1-20260911T225457.902209Z/run.json,cc7342c87024fa366e5a3c81942ab13c6684935f6b73d6fa90d2e8c03fdee23d,
attempts-20260911T225507805059Z.json,1,failed,/srv/bulk/samteway/lab-data/tracking-5ms-full-20260911-resume-v3/captures/dense5ms-5823000000-tx2-20260911T225507.939632Z/run.json,5ad7ddf3f4e75d9894a488506ac6e9175ddd140198d68d3cc51caf7a180c6b0a,[Errno 61] No data available
attempts-20260911T225507805059Z.json,2,passed,/srv/bulk/samteway/lab-data/tracking-5ms-full-20260911-resume-v3/captures/dense5ms-5823000000-tx2-20260911T225512.917344Z/run.json,252fbf771fc741c10dabcf9f2e8e43194b70ab2fb6778fddbeb529ce72f0f711,
attempts-20260911T225522760604Z.json,1,passed,/srv/bulk/samteway/lab-data/tracking-5ms-full-20260911-resume-v3/captures/dense5ms-5824000000-tx1-20260911T225522.896116Z/run.json,d8af83badbb5aae6af4e850a2310b47a7b12975210ab818cc1516938f64966b9,
attempts-20260911T225532647813Z.json,1,passed,/srv/bulk/samteway/lab-data/tracking-5ms-full-20260911-resume-v3/captures/dense5ms-5824000000-tx2-20260911T225532.777648Z/run.json,f93b8e360c4ff92eea8bb4c50db67e673f65ade8506c1fa70fcb54ad347e9746,
attempts-20260911T225542760564Z.json,1,passed,/srv/bulk/samteway/lab-data/tracking-5ms-full-20260911-resume-v3/captures/dense5ms-5825000000-tx1-20260911T225542.901675Z/run.json,e2299e3712e1d84d39fc3c985bced8639d151bbac4079e90489c57f84dfe1af0,
attempts-20260911T225552619432Z.json,1,passed,/srv/bulk/samteway/lab-data/tracking-5ms-full-20260911-resume-v3/captures/dense5ms-5825000000-tx2-20260911T225552.752936Z/run.json,ff3592115152bf50d716b26ea1b2a59d22404e638708cb90377d9ff9047669ac,
attempts-20260911T225602672929Z.json,1,passed,/srv/bulk/samteway/lab-data/tracking-5ms-full-20260911-resume-v3/captures/dense5ms-5826000000-tx1-20260911T225602.818010Z/run.json,7e8d0c453793d84f51b4a8f5c29f6a035f4f831d9269bca9ef09cdaae6fbe00a,
attempts-20260911T225613190719Z.json,1,passed,/srv/bulk/samteway/lab-data/tracking-5ms-full-20260911-resume-v3/captures/dense5ms-5826000000-tx2-20260911T225613.332658Z/run.json,be798712ec2f629142c18bf7f0670614cd2eb0bc2c536ce0844913bd1fbce3c6,
attempts-20260911T225623485296Z.json,1,passed,/srv/bulk/samteway/lab-data/tracking-5ms-full-20260911-resume-v3/captures/dense5ms-5827000000-tx1-20260911T225623.626968Z/run.json,897620f0770d79aeb35f10f25c32dec8c55e82d6b6cc63974a22ce1cac6d71bb,
attempts-20260911T225634445585Z.json,1,passed,/srv/bulk/samteway/lab-data/tracking-5ms-full-20260911-resume-v3/captures/dense5ms-5827000000-tx2-20260911T225634.584877Z/run.json,995365ad65ece962d044e8ccd0a7d2844d8d162832b5282f7d0761f4baa781f5,
attempts-20260911T225644793427Z.json,1,passed,/srv/bulk/samteway/lab-data/tracking-5ms-full-20260911-resume-v3/captures/dense5ms-5828000000-tx1-20260911T225644.934162Z/run.json,1e78b0b1363a73a98403a0f962e1d54194331ceee90cf31359ce951188f2e6f8,
attempts-20260911T225655305028Z.json,1,passed,/srv/bulk/samteway/lab-data/tracking-5ms-full-20260911-resume-v3/captures/dense5ms-5828000000-tx2-20260911T225655.436597Z/run.json,3f25bc1f3cf15d435b49d803390f750ce2ed143cf4e74480ba6e8bfe1671aa25,
attempts-20260911T225705669653Z.json,1,passed,/srv/bulk/samteway/lab-data/tracking-5ms-full-20260911-resume-v3/captures/dense5ms-5829000000-tx1-20260911T225705.802064Z/run.json,7bc103dc90d7469323f2233ef6ec12e2845a329c9a344e94619dd0a3635d0d50,
attempts-20260911T225716091616Z.json,1,passed,/srv/bulk/samteway/lab-data/tracking-5ms-full-20260911-resume-v3/captures/dense5ms-5829000000-tx2-20260911T225716.235073Z/run.json,587a6f24d26094a8f6d2ae6099edc6d81a03c4e3fd501f3baa248f39c7e6d901,
attempts-20260911T225726492939Z.json,1,passed,/srv/bulk/samteway/lab-data/tracking-5ms-full-20260911-resume-v3/captures/dense5ms-5830000000-tx1-20260911T225726.628874Z/run.json,3767f41d350e880ab38e79860befd9e0434688e7a06627a6fb46aa277b90a999,
attempts-20260911T225737086393Z.json,1,passed,/srv/bulk/samteway/lab-data/tracking-5ms-full-20260911-resume-v3/captures/dense5ms-5830000000-tx2-20260911T225737.225920Z/run.json,a8e78429ede88446d983d4c59f389485cc48e4656f6c24fbb2bb861ac2da9fd5,
attempts-20260911T225747804425Z.json,1,passed,/srv/bulk/samteway/lab-data/tracking-5ms-full-20260911-resume-v3/captures/dense5ms-5831000000-tx1-20260911T225747.945414Z/run.json,7bd34c3497f58f59a4d994f2166d8aea43873999b66ecc4bdaab2da227af85a7,
attempts-20260911T225758399376Z.json,1,passed,/srv/bulk/samteway/lab-data/tracking-5ms-full-20260911-resume-v3/captures/dense5ms-5831000000-tx2-20260911T225758.530815Z/run.json,142f035b1ec61cddfc6d7b6fc072838844ed10601936b0846b2fb692721bebaf,
attempts-20260911T225808453915Z.json,1,passed,/srv/bulk/samteway/lab-data/tracking-5ms-full-20260911-resume-v3/captures/dense5ms-5832000000-tx1-20260911T225808.579242Z/run.json,4dbb39b76b65beb980e9c596ca60476df30b6a06757e7aa552a2bcdf342a9c79,
attempts-20260911T225818166495Z.json,1,passed,/srv/bulk/samteway/lab-data/tracking-5ms-full-20260911-resume-v3/captures/dense5ms-5832000000-tx2-20260911T225818.305490Z/run.json,e48b82b10d49cb015ba913dd561b75cd43a8539a46eaac02c6837dfd26bf10eb,
attempts-20260911T225828279681Z.json,1,passed,/srv/bulk/samteway/lab-data/tracking-5ms-full-20260911-resume-v3/captures/dense5ms-5833000000-tx1-20260911T225828.412119Z/run.json,29d5c0163d35ed2391e2716ec00d45b6484f4841ddc1da25b7bd0809587506a0,
attempts-20260911T225838035377Z.json,1,passed,/srv/bulk/samteway/lab-data/tracking-5ms-full-20260911-resume-v3/captures/dense5ms-5833000000-tx2-20260911T225838.174359Z/run.json,5396386e4d3d73872cc3fd2b85bd3f31b53ae98b63a9fffd41ab5c998f6047cd,
attempts-20260911T225847792766Z.json,1,passed,/srv/bulk/samteway/lab-data/tracking-5ms-full-20260911-resume-v3/captures/dense5ms-5834000000-tx1-20260911T225847.927663Z/run.json,e7857af04ee58a1158f0156fbaa9c4b57f1a82dde9dabdd2bdd3c2f366b0b4fe,
attempts-20260911T225857764254Z.json,1,passed,/srv/bulk/samteway/lab-data/tracking-5ms-full-20260911-resume-v3/captures/dense5ms-5834000000-tx2-20260911T225857.906478Z/run.json,4bd73934999138b83ff6306d7fa175f436ea65c32d162a64f543a496b48be1a2,
attempts-20260911T225908718094Z.json,1,passed,/srv/bulk/samteway/lab-data/tracking-5ms-full-20260911-resume-v3/captures/dense5ms-5835000000-tx1-20260911T225908.861789Z/run.json,2c6ed3e448dfd2132464792c89224eaae05bbcf670fe78df8880f61e2144da39,
attempts-20260911T225918756511Z.json,1,passed,/srv/bulk/samteway/lab-data/tracking-5ms-full-20260911-resume-v3/captures/dense5ms-5835000000-tx2-20260911T225918.885816Z/run.json,d01a015f70b6bf3f53266bc136eb9c7e9296f19af443582fadd53012193f04a9,
attempts-20260911T225928687460Z.json,1,passed,/srv/bulk/samteway/lab-data/tracking-5ms-full-20260911-resume-v3/captures/dense5ms-5836000000-tx1-20260911T225928.825645Z/run.json,6992cea72c88418bdd6050717b4f98ef05026b72e1984c7ada29b70caf348bad,
attempts-20260911T225938778276Z.json,1,passed,/srv/bulk/samteway/lab-data/tracking-5ms-full-20260911-resume-v3/captures/dense5ms-5836000000-tx2-20260911T225938.907507Z/run.json,5677ef394c60070cbc2e31474b13bcff2243721a634349214ee7592386e56e34,
attempts-20260911T225949013812Z.json,1,passed,/srv/bulk/samteway/lab-data/tracking-5ms-full-20260911-resume-v3/captures/dense5ms-5837000000-tx1-20260911T225949.157411Z/run.json,cb13506cd1461c8320bf0021ef0025fe812d59737a5af1cf1068e7f8d67776c2,
attempts-20260911T225958737926Z.json,1,passed,/srv/bulk/samteway/lab-data/tracking-5ms-full-20260911-resume-v3/captures/dense5ms-5837000000-tx2-20260911T225958.877561Z/run.json,fe9ae8321a11995ef25c2fd24a873b33ef7af16ad5d8d9756200562bc143c091,
attempts-20260911T230008373973Z.json,1,passed,/srv/bulk/samteway/lab-data/tracking-5ms-full-20260911-resume-v3/captures/dense5ms-5838000000-tx1-20260911T230008.504553Z/run.json,061477661ac5bd528f94f58f534f88e04fe1e3ab85f65c2dd9f1795c32ba0dfd,
attempts-20260911T230018179075Z.json,1,passed,/srv/bulk/samteway/lab-data/tracking-5ms-full-20260911-resume-v3/captures/dense5ms-5838000000-tx2-20260911T230018.315482Z/run.json,d0896d141717ff531ab1bb513c0d6b1fcf76b234212be3c7c9ae5609dd34d2c3,
attempts-20260911T230027884008Z.json,1,passed,/srv/bulk/samteway/lab-data/tracking-5ms-full-20260911-resume-v3/captures/dense5ms-5839000000-tx1-20260911T230028.016037Z/run.json,7219e6269f29ab8e1337cbf226b46b3497764bd9d0e5841999616d9b4204cf42,
attempts-20260911T230038282666Z.json,1,passed,/srv/bulk/samteway/lab-data/tracking-5ms-full-20260911-resume-v3/captures/dense5ms-5839000000-tx2-20260911T230038.414471Z/run.json,ef1906630af75a8468a787b20ebe6a17bebf162baae8e8c6e2e57439e80532ab,
attempts-20260911T230048070873Z.json,1,passed,/srv/bulk/samteway/lab-data/tracking-5ms-full-20260911-resume-v3/captures/dense5ms-5840000000-tx1-20260911T230048.201693Z/run.json,7dbe8806c4d05ed9f555d42a7c4355c572d9c9a4c04e463ade577b42fc2665db,
attempts-20260911T230058407088Z.json,1,passed,/srv/bulk/samteway/lab-data/tracking-5ms-full-20260911-resume-v3/captures/dense5ms-5840000000-tx2-20260911T230058.541451Z/run.json,dee8e6c7312b17f84e6739a583e3eeb185631051cc116dbbe51e76742b67355f,
attempts-20260911T230109388198Z.json,1,passed,/srv/bulk/samteway/lab-data/tracking-5ms-full-20260911-resume-v3/captures/dense5ms-5841000000-tx1-20260911T230109.532690Z/run.json,dab35782d85b36bb7f072bed76c8e0461e0b992ecc2ff2ed42808fcf597e00c7,
attempts-20260911T230120714369Z.json,1,passed,/srv/bulk/samteway/lab-data/tracking-5ms-full-20260911-resume-v3/captures/dense5ms-5841000000-tx2-20260911T230120.853392Z/run.json,bd9b1b0902a065b24f0431788b30d4ad758780cd99abc65c15e665c15e15b78a,
attempts-20260911T230131778772Z.json,1,passed,/srv/bulk/samteway/lab-data/tracking-5ms-full-20260911-resume-v3/captures/dense5ms-5842000000-tx1-20260911T230131.913725Z/run.json,95470009a15aba034cc8e13d022ddc00844e5cb00576ce3fbb66686d8dc7c79f,
attempts-20260911T230142592133Z.json,1,passed,/srv/bulk/samteway/lab-data/tracking-5ms-full-20260911-resume-v3/captures/dense5ms-5842000000-tx2-20260911T230142.728095Z/run.json,4e0706cc8e5e1d7fff98b6ddd286abdab15e8d0850896e7e988580391b12b3c1,
attempts-20260911T230155440016Z.json,1,passed,/srv/bulk/samteway/lab-data/tracking-5ms-full-20260911-resume-v3/captures/dense5ms-5843000000-tx1-20260911T230155.574138Z/run.json,0d0af7d23af0f5034bc1df64e6f2b725617207e6ec8a804808754591402b3823,
attempts-20260911T230205607691Z.json,1,passed,/srv/bulk/samteway/lab-data/tracking-5ms-full-20260911-resume-v3/captures/dense5ms-5843000000-tx2-20260911T230205.739254Z/run.json,83772fd15a810575fb5862bf9f607b116916b5f8c472c283d126219513a98b8f,
attempts-20260911T230216044199Z.json,1,passed,/srv/bulk/samteway/lab-data/tracking-5ms-full-20260911-resume-v3/captures/dense5ms-5844000000-tx1-20260911T230216.177081Z/run.json,0d4f06a20f0327b4a9bfe89c841c42d341eacffde9efb17b38aee8ff12851c83,
attempts-20260911T230226839923Z.json,1,passed,/srv/bulk/samteway/lab-data/tracking-5ms-full-20260911-resume-v3/captures/dense5ms-5844000000-tx2-20260911T230226.975048Z/run.json,194e5648ba056f5a5a16a5b500c7ccbcfe38a77741e0a8d4686656cc00d15f8c,
attempts-20260911T230237032984Z.json,1,passed,/srv/bulk/samteway/lab-data/tracking-5ms-full-20260911-resume-v3/captures/dense5ms-5845000000-tx1-20260911T230237.171210Z/run.json,2a596f957bf88fee7850f5e9b7721c2011cc383a876cf8551e317d035184319c,
attempts-20260911T230247427446Z.json,1,passed,/srv/bulk/samteway/lab-data/tracking-5ms-full-20260911-resume-v3/captures/dense5ms-5845000000-tx2-20260911T230247.558705Z/run.json,9200102399ffae11bc57d5dcd2db92c5a27fae95e76f38b39c9f4a63ba8c1c71,
attempts-20260911T230258484402Z.json,1,passed,/srv/bulk/samteway/lab-data/tracking-5ms-full-20260911-resume-v3/captures/dense5ms-5846000000-tx1-20260911T230258.628980Z/run.json,c9a76360f10b49fa1c9a5a5421812e49c0db220e13ffe014fa20b1a720ff3d90,
attempts-20260911T230309017629Z.json,1,passed,/srv/bulk/samteway/lab-data/tracking-5ms-full-20260911-resume-v3/captures/dense5ms-5846000000-tx2-20260911T230309.153774Z/run.json,ffc519a2e25a33a054991543144b5949c3a7c0ba3cf32f52aabcbfa9cea992a2,
attempts-20260911T230319204126Z.json,1,passed,/srv/bulk/samteway/lab-data/tracking-5ms-full-20260911-resume-v3/captures/dense5ms-5847000000-tx1-20260911T230319.336421Z/run.json,b58267f57bb4f407ab62ff2bfc27ea34be5eba5a6bbd03e3b903492fb00a3c19,
attempts-20260911T230330157866Z.json,1,failed,/srv/bulk/samteway/lab-data/tracking-5ms-full-20260911-resume-v3/captures/dense5ms-5847000000-tx2-20260911T230330.286373Z/run.json,681a3563cdabff261369606247603527fccb4f20ba50fbbcaa1cc03b9d793471,[Errno 61] No data available
attempts-20260911T230330157866Z.json,2,passed,/srv/bulk/samteway/lab-data/tracking-5ms-full-20260911-resume-v3/captures/dense5ms-5847000000-tx2-20260911T230340.045881Z/run.json,00624efba812b81de1fdd4067591028c1ac8de8f6c4c70a10c0157ff29bb19d3,
attempts-20260911T230350755700Z.json,1,passed,/srv/bulk/samteway/lab-data/tracking-5ms-full-20260911-resume-v3/captures/dense5ms-5848000000-tx1-20260911T230350.894395Z/run.json,9bf5e5fba9585c41821baacc61d03eb5c1a160d7e455b66b93f89551db7ca380,
attempts-20260911T230400432166Z.json,1,passed,/srv/bulk/samteway/lab-data/tracking-5ms-full-20260911-resume-v3/captures/dense5ms-5848000000-tx2-20260911T230400.563477Z/run.json,0add75d8a707d6e344371bff349dc37d2636ba4b096e68b08336432925d2b3d5,
attempts-20260911T230410452344Z.json,1,passed,/srv/bulk/samteway/lab-data/tracking-5ms-full-20260911-resume-v3/captures/dense5ms-5849000000-tx1-20260911T230410.581847Z/run.json,561e3f3b9c1429478118ab032f368423720ca9364d4196d6f23a4aa9db556fee,
attempts-20260911T230420360675Z.json,1,passed,/srv/bulk/samteway/lab-data/tracking-5ms-full-20260911-resume-v3/captures/dense5ms-5849000000-tx2-20260911T230420.490072Z/run.json,b5fca7fdf9b4222f36f870b026f5d54ed1a2c2dff8179312a510fdb3554617b3,
attempts-20260911T230430299600Z.json,1,passed,/srv/bulk/samteway/lab-data/tracking-5ms-full-20260911-resume-v3/captures/dense5ms-5850000000-tx1-20260911T230430.432003Z/run.json,c85e3803df00dd541b37398529f77dbd1dae7323aec9d1fbfd5babefce360dbb,
attempts-20260911T230441684770Z.json,1,passed,/srv/bulk/samteway/lab-data/tracking-5ms-full-20260911-resume-v3/captures/dense5ms-5850000000-tx2-20260911T230441.817932Z/run.json,b28691397821d5975b82e9cda2921966d45f95e436d7d44212f431d009666ad6,
attempts-20260911T230451692829Z.json,1,passed,/srv/bulk/samteway/lab-data/tracking-5ms-full-20260911-resume-v3/captures/dense5ms-5851000000-tx1-20260911T230451.824303Z/run.json,3faef5036c20e8a93d6c8d09604f236e22d9891c6e3ec44aeb79df98d6cfda1f,
attempts-20260911T230502444686Z.json,1,passed,/srv/bulk/samteway/lab-data/tracking-5ms-full-20260911-resume-v3/captures/dense5ms-5851000000-tx2-20260911T230502.577041Z/run.json,c8bd5633aa335952ad689fde32f3fd324100b6a6f06d024a6bd9339a760e0645,
attempts-20260911T230512364515Z.json,1,failed,/srv/bulk/samteway/lab-data/tracking-5ms-full-20260911-resume-v3/captures/dense5ms-5852000000-tx1-20260911T230512.497198Z/run.json,13b29643c5576c1ec28f87b6cc93aff8731f50dd55e50c40334726b831a36326,[Errno 61] No data available
attempts-20260911T230512364515Z.json,2,passed,/srv/bulk/samteway/lab-data/tracking-5ms-full-20260911-resume-v3/captures/dense5ms-5852000000-tx1-20260911T230520.467312Z/run.json,d6f34dd416fa475ddae7acc443fd047526050a2a5c2f96b4b9990eeef45ef80e,
attempts-20260911T230530770864Z.json,1,passed,/srv/bulk/samteway/lab-data/tracking-5ms-full-20260911-resume-v3/captures/dense5ms-5852000000-tx2-20260911T230530.915037Z/run.json,5b266ea5f8b5d09a2241a9695897fbeb4b1f5a759ccc787da5b61f9015a14d98,
attempts-20260911T230541340648Z.json,1,passed,/srv/bulk/samteway/lab-data/tracking-5ms-full-20260911-resume-v3/captures/dense5ms-5853000000-tx1-20260911T230541.470194Z/run.json,fb3fd9dd818a43b64360a77539ffececb45bd563aef339e5803ffe32c055bcaa,
attempts-20260911T230552201804Z.json,1,passed,/srv/bulk/samteway/lab-data/tracking-5ms-full-20260911-resume-v3/captures/dense5ms-5853000000-tx2-20260911T230552.335006Z/run.json,a7870d35897062fb50edc5bb3719a11312cb7ef627f35feef259a5853ceff907,
attempts-20260911T230603396244Z.json,1,passed,/srv/bulk/samteway/lab-data/tracking-5ms-full-20260911-resume-v3/captures/dense5ms-5854000000-tx1-20260911T230603.533954Z/run.json,e31922b32a8a276fc8d0a791ff92f6f8fa02d8ae538e7be09d16eb8c638bb775,
attempts-20260911T230614378115Z.json,1,passed,/srv/bulk/samteway/lab-data/tracking-5ms-full-20260911-resume-v3/captures/dense5ms-5854000000-tx2-20260911T230614.517152Z/run.json,f911bbb8530587c06d66385fb37c0d3c15fdd0dd6122a585acbd698990d93ae7,
attempts-20260911T230624633242Z.json,1,passed,/srv/bulk/samteway/lab-data/tracking-5ms-full-20260911-resume-v3/captures/dense5ms-5855000000-tx1-20260911T230624.765132Z/run.json,cf93a6b197e724f661cad868001ded39b93ca6bd3c32afe09c2fe5e258ebe2f6,
attempts-20260911T230635044082Z.json,1,passed,/srv/bulk/samteway/lab-data/tracking-5ms-full-20260911-resume-v3/captures/dense5ms-5855000000-tx2-20260911T230635.175470Z/run.json,f33de24d4b1285b3f35017f9d6bed82dcb0982cdcb7b3c5ce7c34658f46cc367,
attempts-20260911T230646309488Z.json,1,passed,/srv/bulk/samteway/lab-data/tracking-5ms-full-20260911-resume-v3/captures/dense5ms-5856000000-tx1-20260911T230646.439930Z/run.json,fa000711274b1f562171208eff97d4a0c3fff33cadf01c818f7cea9f54c8c63c,
attempts-20260911T230657291059Z.json,1,passed,/srv/bulk/samteway/lab-data/tracking-5ms-full-20260911-resume-v3/captures/dense5ms-5856000000-tx2-20260911T230657.425891Z/run.json,ba29724e84f012e857b6a88e4e5efc299a446f9cdd848d9a34a7eb349dd998f3,
attempts-20260911T230706876268Z.json,1,passed,/srv/bulk/samteway/lab-data/tracking-5ms-full-20260911-resume-v3/captures/dense5ms-5857000000-tx1-20260911T230707.010760Z/run.json,3188f2c267381edef352a707ca132da9f119be5693defcfaaef05750b1056701,
attempts-20260911T230716515994Z.json,1,passed,/srv/bulk/samteway/lab-data/tracking-5ms-full-20260911-resume-v3/captures/dense5ms-5857000000-tx2-20260911T230716.657172Z/run.json,7e4ed9f7452fbbf8f96f5a5cddcd50712dc044d007a8014e77701509d53f0af9,
attempts-20260911T230727078436Z.json,1,passed,/srv/bulk/samteway/lab-data/tracking-5ms-full-20260911-resume-v3/captures/dense5ms-5858000000-tx1-20260911T230727.216295Z/run.json,a9d3d9a42c44cc59eb40d8aca64ce484e77d2763cca960fc567003ba918bd102,
attempts-20260911T230736869401Z.json,1,passed,/srv/bulk/samteway/lab-data/tracking-5ms-full-20260911-resume-v3/captures/dense5ms-5858000000-tx2-20260911T230737.000740Z/run.json,597d65a9006222171192ea9148fb2217dbfd4648f7f2f858c78bd4fec411f216,
attempts-20260911T230746994917Z.json,1,passed,/srv/bulk/samteway/lab-data/tracking-5ms-full-20260911-resume-v3/captures/dense5ms-5859000000-tx1-20260911T230747.125036Z/run.json,8ebd52948a2cedc9b15a54c8b011ccbb74befe94527e428567ba6945dc6acf61,
attempts-20260911T230757383579Z.json,1,passed,/srv/bulk/samteway/lab-data/tracking-5ms-full-20260911-resume-v3/captures/dense5ms-5859000000-tx2-20260911T230757.518741Z/run.json,afa58485c88dd43e0fccc8917831e0039210b19c71cc596bfc1194801868209b,
attempts-20260911T230807254395Z.json,1,passed,/srv/bulk/samteway/lab-data/tracking-5ms-full-20260911-resume-v3/captures/dense5ms-5860000000-tx1-20260911T230807.388677Z/run.json,31d1127509977afb43023c80daea53307b56d2c4cfeeea0cae8371433cf03eff,
attempts-20260911T230817079409Z.json,1,passed,/srv/bulk/samteway/lab-data/tracking-5ms-full-20260911-resume-v3/captures/dense5ms-5860000000-tx2-20260911T230817.213665Z/run.json,72c591b833a414fa605f20e7e5354f215dfce704dc366e232fa5360b0ee41beb,
attempts-20260911T230827713417Z.json,1,passed,/srv/bulk/samteway/lab-data/tracking-5ms-full-20260911-resume-v3/captures/dense5ms-5861000000-tx1-20260911T230827.854107Z/run.json,0cdaee179aaee6e68b5165ef5a0461cfbecb6daf7485bfc37cfc27b94b198622,
attempts-20260911T230837631921Z.json,1,passed,/srv/bulk/samteway/lab-data/tracking-5ms-full-20260911-resume-v3/captures/dense5ms-5861000000-tx2-20260911T230837.767900Z/run.json,9c62c424cceff8c230257eed0d8b41d1a8329d7e9042a1bfeb1eb9ad6c2bc6fa,
attempts-20260911T230847488426Z.json,1,passed,/srv/bulk/samteway/lab-data/tracking-5ms-full-20260911-resume-v3/captures/dense5ms-5862000000-tx1-20260911T230847.623432Z/run.json,4609d8e3d17c9fb5828b94d2080fece78d7f4c7dee4149e2c5c7c84680bb756a,
attempts-20260911T230858016819Z.json,1,passed,/srv/bulk/samteway/lab-data/tracking-5ms-full-20260911-resume-v3/captures/dense5ms-5862000000-tx2-20260911T230858.155309Z/run.json,6580e75775650b87d458e1a40299f5749fa1daf78008403690a41d72a008ef78,
attempts-20260911T230908052199Z.json,1,passed,/srv/bulk/samteway/lab-data/tracking-5ms-full-20260911-resume-v3/captures/dense5ms-5863000000-tx1-20260911T230908.185443Z/run.json,03dc92b83a8e31d864c864565ae08611d461e701b0fb51b907c5e11fff41a126,
attempts-20260911T230917813095Z.json,1,passed,/srv/bulk/samteway/lab-data/tracking-5ms-full-20260911-resume-v3/captures/dense5ms-5863000000-tx2-20260911T230917.971851Z/run.json,cec1ade70c8afb4942bb724d6242e750599bb45ba1a8a8a8c28fa3a25f7d0054,
attempts-20260911T230928231554Z.json,1,passed,/srv/bulk/samteway/lab-data/tracking-5ms-full-20260911-resume-v3/captures/dense5ms-5864000000-tx1-20260911T230928.371621Z/run.json,557395b004cbf28663ad1649661244131b02a6e1d55033e206dc3c6ad8d39c66,
attempts-20260911T230938271631Z.json,1,passed,/srv/bulk/samteway/lab-data/tracking-5ms-full-20260911-resume-v3/captures/dense5ms-5864000000-tx2-20260911T230938.418356Z/run.json,ffec21ee393b11444a76af4b60146f8630b76617cd3135ddc47c3dc10b70cef4,
attempts-20260911T230948304361Z.json,1,passed,/srv/bulk/samteway/lab-data/tracking-5ms-full-20260911-resume-v3/captures/dense5ms-5865000000-tx1-20260911T230948.450483Z/run.json,a1796e08aaf86be7d760be3da5bf5e8a9650bd3f840c858ac305ae6a6c575c0f,
attempts-20260911T230958905719Z.json,1,passed,/srv/bulk/samteway/lab-data/tracking-5ms-full-20260911-resume-v3/captures/dense5ms-5865000000-tx2-20260911T230959.045924Z/run.json,c03e68f1ef757358b1084cb31078d9e20ed2d1e3a7220938e5b8faa3d0390bc8,
attempts-20260911T231008854349Z.json,1,failed,/srv/bulk/samteway/lab-data/tracking-5ms-full-20260911-resume-v3/captures/dense5ms-5866000000-tx1-20260911T231008.993315Z/run.json,3305671cfc47de2830b6c6ccef429cda7f3459d1c55486f0d3dcbab22a5fd4bf,[Errno 61] No data available
attempts-20260911T231008854349Z.json,2,passed,/srv/bulk/samteway/lab-data/tracking-5ms-full-20260911-resume-v3/captures/dense5ms-5866000000-tx1-20260911T231017.599228Z/run.json,51428a8489def6090f01580b12cfe55ad4f4abc0c4bbc45641be5b3ecfb62cde,
attempts-20260911T231027583038Z.json,1,passed,/srv/bulk/samteway/lab-data/tracking-5ms-full-20260911-resume-v3/captures/dense5ms-5866000000-tx2-20260911T231027.724103Z/run.json,788290088e9aec1d478dc882231fa2ab591c143d4287dbd40d78d6e0df0b009e,
attempts-20260911T231038211582Z.json,1,passed,/srv/bulk/samteway/lab-data/tracking-5ms-full-20260911-resume-v3/captures/dense5ms-5867000000-tx1-20260911T231038.349451Z/run.json,18d2510ed669bf5f0ce9fb18923f985ee25c3681212af615f8c1c333f13f3113,
attempts-20260911T231048451038Z.json,1,passed,/srv/bulk/samteway/lab-data/tracking-5ms-full-20260911-resume-v3/captures/dense5ms-5867000000-tx2-20260911T231048.594925Z/run.json,35bf3c0d936ab295153485aedb51e305ca2ce4582d80a499e1f515bf5acc0524,
attempts-20260911T231059581093Z.json,1,passed,/srv/bulk/samteway/lab-data/tracking-5ms-full-20260911-resume-v3/captures/dense5ms-5868000000-tx1-20260911T231059.727345Z/run.json,e444ade90bd0d622fcd23539803a7ac044fc6e7e8a49aad171903d5bad3a7cd1,
attempts-20260911T231109983755Z.json,1,passed,/srv/bulk/samteway/lab-data/tracking-5ms-full-20260911-resume-v3/captures/dense5ms-5868000000-tx2-20260911T231110.127093Z/run.json,ac81ed834289154cc4c3d37764aa1f240a30676ae6b2277d0dff2256515ce50d,
attempts-20260911T231120346749Z.json,1,passed,/srv/bulk/samteway/lab-data/tracking-5ms-full-20260911-resume-v3/captures/dense5ms-5869000000-tx1-20260911T231120.479036Z/run.json,ef17fec9e2a827240cbc14b0987998a056998daf22907da66e9616667e5954e9,
attempts-20260911T231131939541Z.json,1,passed,/srv/bulk/samteway/lab-data/tracking-5ms-full-20260911-resume-v3/captures/dense5ms-5869000000-tx2-20260911T231132.079289Z/run.json,45a42ea41f42708c362176944446fe3cebf25cd99b31c2d3868fac394d7206a1,
attempts-20260911T231141655325Z.json,1,passed,/srv/bulk/samteway/lab-data/tracking-5ms-full-20260911-resume-v3/captures/dense5ms-5870000000-tx1-20260911T231141.789041Z/run.json,248560c8305492f8c1114f362fbab3ee29ac399061b872c09a43de7a97d29e8b,
attempts-20260911T231151389731Z.json,1,passed,/srv/bulk/samteway/lab-data/tracking-5ms-full-20260911-resume-v3/captures/dense5ms-5870000000-tx2-20260911T231151.523708Z/run.json,b06dcb3f842f9cd32c51b6b380f4e63042f238a1ba52261254ce7eeb875169c6,
attempts-20260911T231201082580Z.json,1,passed,/srv/bulk/samteway/lab-data/tracking-5ms-full-20260911-resume-v3/captures/dense5ms-5871000000-tx1-20260911T231201.215228Z/run.json,ac423cd66cb2eb345cf43d99af12591951f41dc78376771c985291efa98b3514,
attempts-20260911T231210840204Z.json,1,passed,/srv/bulk/samteway/lab-data/tracking-5ms-full-20260911-resume-v3/captures/dense5ms-5871000000-tx2-20260911T231210.981081Z/run.json,0d99473b6133a78d6972007c11bec7b387f544881ceb8c380b198e0691c70e84,
attempts-20260911T231220569969Z.json,1,passed,/srv/bulk/samteway/lab-data/tracking-5ms-full-20260911-resume-v3/captures/dense5ms-5872000000-tx1-20260911T231220.711439Z/run.json,65a23b1722217ec9935629f4266c35aa3cab03b497b50fac21eebf5c8c4330bd,
attempts-20260911T231230802462Z.json,1,passed,/srv/bulk/samteway/lab-data/tracking-5ms-full-20260911-resume-v3/captures/dense5ms-5872000000-tx2-20260911T231230.943605Z/run.json,1e19ca33bf91b717e2d1c451f31b58b0309cd1d79af7c51c6ad63fe0a05c9efd,
attempts-20260911T231240463349Z.json,1,passed,/srv/bulk/samteway/lab-data/tracking-5ms-full-20260911-resume-v3/captures/dense5ms-5873000000-tx1-20260911T231240.602474Z/run.json,79663b37a406be4f816266c10558fe652b01db849b3df742ab26a6bcfa1d9e4c,
attempts-20260911T231250825215Z.json,1,passed,/srv/bulk/samteway/lab-data/tracking-5ms-full-20260911-resume-v3/captures/dense5ms-5873000000-tx2-20260911T231250.966727Z/run.json,fb5898146c83e2980e08a692f742291a47c875df0e6db1f2bed3715fcf05a341,
attempts-20260911T231300485278Z.json,1,passed,/srv/bulk/samteway/lab-data/tracking-5ms-full-20260911-resume-v3/captures/dense5ms-5874000000-tx1-20260911T231300.622050Z/run.json,1339208581e4e9cdbedfa4edd704e91cd0be2443a176a1a8627e0e1411d7f753,
attempts-20260911T231310466425Z.json,1,passed,/srv/bulk/samteway/lab-data/tracking-5ms-full-20260911-resume-v3/captures/dense5ms-5874000000-tx2-20260911T231310.608091Z/run.json,83e7d7ae6bf3a72808c1effaa48fb38e817bb14868fe63331aba012848d35c49,
